{
  "format_version": "1.12.0",
  "minecraft:geometry": [
    {
      "description": {
        "identifier": "geometry.toxtricityA",
        "texture_width": 128,
        "texture_height": 128,
        "visible_bounds_width": 5,
        "visible_bounds_height": 5.5,
        "visible_bounds_offset": [0, 2.25, 0]
      },
      "bones": [
        {
          "name": "toxtricity",
          "pivot": [0, 0, 0]
        },
        {
          "name": "leg2",
          "parent": "toxtricity",
          "pivot": [2.52618, 13.4, 1.47933],
          "cubes": [
            {
              "origin": [0.9, 7.4, -2.1],
              "size": [4, 6, 5],
              "pivot": [0, 27, 0],
              "rotation": [0, -22.5, 0],
              "uv": [66, 21]
            }
          ]
        },
        {
          "name": "kneefixed",
          "parent": "leg2",
          "pivot": [2.48289, 7.6, 2.16963],
          "cubes": [
            {
              "origin": [0.9, 0.4, -2.1],
              "size": [4, 1, 5],
              "pivot": [0, 27, 0],
              "rotation": [0, -22.5, 0],
              "uv": [13, 41],
              "mirror": true
            },
            {
              "origin": [0.9, 1.4, -2.1],
              "size": [4, 6, 5],
              "pivot": [0, 27, 0],
              "rotation": [0, -22.5, 0],
              "uv": [32, 64]
            },
            {
              "origin": [1.4, 0.4, -6.1],
              "size": [3, 1, 4],
              "pivot": [0, 27, 0],
              "rotation": [0, -22.5, 0],
              "uv": [9, 30],
              "mirror": true
            },
            {
              "origin": [2.9, 0.4, -5.1],
              "size": [3, 1, 3],
              "pivot": [0, 27, 0],
              "rotation": [0, -22.5, 0],
              "uv": [9, 30],
              "mirror": true
            },
            {
              "origin": [-0.1, 0.4, -5.1],
              "size": [3, 1, 3],
              "pivot": [0, 27, 0],
              "rotation": [0, -22.5, 0],
              "uv": [10, 30],
              "mirror": true
            }
          ]
        },
        {
          "name": "leg",
          "parent": "toxtricity",
          "pivot": [-2.52618, 13.4, 1.47933],
          "cubes": [
            {
              "origin": [-4.9, 7.4, -2.1],
              "size": [4, 6, 5],
              "pivot": [0, 27, 0],
              "rotation": [0, 22.5, 0],
              "uv": [68, 66]
            }
          ]
        },
        {
          "name": "knee",
          "parent": "leg",
          "pivot": [-3.48289, 7.6, 2.16963],
          "cubes": [
            {
              "origin": [-4.9, 1.4, -2.1],
              "size": [4, 6, 5],
              "pivot": [0, 27, 0],
              "rotation": [0, 22.5, 0],
              "uv": [66, 21]
            },
            {
              "origin": [-4.9, 0.4, -2.1],
              "size": [4, 1, 5],
              "pivot": [0, 27, 0],
              "rotation": [0, 22.5, 0],
              "uv": [13, 39]
            },
            {
              "origin": [-5.9, 0.4, -5.1],
              "size": [3, 1, 3],
              "pivot": [0, 27, 0],
              "rotation": [0, 22.5, 0],
              "uv": [22, 38]
            },
            {
              "origin": [-2.9, 0.4, -5.1],
              "size": [3, 1, 3],
              "pivot": [0, 27, 0],
              "rotation": [0, 22.5, 0],
              "uv": [11, 31]
            },
            {
              "origin": [-4.4, 0.4, -6.1],
              "size": [3, 1, 4],
              "pivot": [0, 27, 0],
              "rotation": [0, 22.5, 0],
              "uv": [9, 30]
            }
          ]
        },
        {
          "name": "torso",
          "parent": "toxtricity",
          "pivot": [0, 14, 0],
          "cubes": [
            { "origin": [-4, 13.4, -1.6], "size": [8, 5, 7], "uv": [32, 32] },
            {
              "origin": [-8, 15.4, 2.4],
              "size": [16, 0, 2],
              "pivot": [0, 27, 0],
              "rotation": [9.97849, -0.25412, 0.58333],
              "uv": [26, 18]
            },
            {
              "origin": [3, 14.9, 4.4],
              "size": [2, 0, 2],
              "pivot": [0, 27, 0],
              "rotation": [9.97849, -0.25412, 0.58333],
              "uv": [0, 6]
            },
            {
              "origin": [1, 14.9, 4.4],
              "size": [1, 2, 8],
              "pivot": [0, 27, 0],
              "rotation": [9.97849, -0.25412, 0.58333],
              "uv": [70, 32]
            },
            {
              "origin": [-2, 14.9, 4.4],
              "size": [1, 2, 8],
              "pivot": [0, 27, 0],
              "rotation": [9.97849, 0.25412, -0.58333],
              "uv": [70, 32]
            },
            {
              "origin": [-5, 14.9, 4.4],
              "size": [2, 0, 2],
              "pivot": [0, 27, 0],
              "rotation": [9.97849, 0.25412, -0.58333],
              "uv": [0, 0]
            },
            {
              "origin": [-8, 15.4, -0.6],
              "size": [16, 0, 2],
              "pivot": [0, 27, 0],
              "rotation": [9.97849, -0.25412, 0.58333],
              "uv": [26, 16]
            },
            {
              "origin": [-6, 13.9, -1.6],
              "size": [12, 3, 6],
              "pivot": [0, 27, 0],
              "rotation": [9.97849, -0.25412, 0.58333],
              "uv": [30, 23]
            }
          ]
        },
        {
          "name": "torso2",
          "parent": "torso",
          "pivot": [-0.1, 19, 0.1],
          "cubes": [
            { "origin": [-4.5, 18.4, -1.6], "size": [9, 7, 7], "uv": [0, 29] }
          ]
        },
        {
          "name": "torso3",
          "parent": "torso2",
          "pivot": [-0.1, 25, 0.1],
          "cubes": [
            {
              "origin": [-5.5, 25, -2.6],
              "size": [11, 7, 8],
              "pivot": [0, 27, 0],
              "rotation": [2.5, 0, 0],
              "uv": [0, 0]
            },
            {
              "origin": [-3.5, 25, 3.4],
              "size": [0, 2, 5],
              "pivot": [0, 27, 0],
              "rotation": [4.5438, 0.88136, -1.85729],
              "uv": [42, 24]
            },
            {
              "origin": [3.5, 28, 4.4],
              "size": [0, 3, 5],
              "pivot": [0, 27, 0],
              "rotation": [17.0438, -0.88136, 1.85729],
              "uv": [28, 15]
            },
            {
              "origin": [3.5, 25, 3.4],
              "size": [0, 2, 5],
              "pivot": [0, 27, 0],
              "rotation": [4.5438, -0.88136, 1.85729],
              "uv": [38, 15]
            },
            {
              "origin": [-3.5, 28, 4.4],
              "size": [0, 3, 5],
              "pivot": [0, 27, 0],
              "rotation": [17.0438, 0.88136, -1.85729],
              "uv": [45, 13]
            }
          ]
        },
        {
          "name": "arm3",
          "parent": "torso3",
          "pivot": [5.76134, 29.33164, 1.75635],
          "cubes": [
            {
              "origin": [5.5, 27, -0.6],
              "size": [6, 5, 5],
              "pivot": [-2, 27, 0],
              "rotation": [2.5, 0, 0],
              "uv": [56, 56]
            }
          ]
        },
        {
          "name": "arm4",
          "parent": "arm3",
          "pivot": [11.78145, 29.38942, 1.75382],
          "cubes": [
            {
              "origin": [11.5, 27.5, -0.1],
              "size": [8, 4, 4],
              "pivot": [-2, 27, 0],
              "rotation": [2.5, 0, 0],
              "uv": [56, 2]
            },
            {
              "origin": [16.5, 31.5, 1.9],
              "size": [2, 2, 0],
              "pivot": [-2, 27, 0],
              "rotation": [2.5, 0, 0],
              "uv": [55, 25]
            },
            {
              "origin": [16.5, 25.5, 1.9],
              "size": [2, 2, 0],
              "pivot": [-2, 27, 0],
              "rotation": [2.5, 0, 0],
              "uv": [44, 26]
            },
            {
              "origin": [16.5, 29.5, -2.1],
              "size": [2, 0, 8],
              "pivot": [-2, 27, 0],
              "rotation": [2.5, 0, 0],
              "uv": [40, 23]
            }
          ]
        },
        {
          "name": "hand2",
          "parent": "arm4",
          "pivot": [19.35098, 29.74895, 1.73813],
          "cubes": [
            {
              "origin": [19.5, 26.5, 0.9],
              "size": [4, 6, 2],
              "pivot": [-4, 27, 0],
              "rotation": [2.5, 0, 0],
              "uv": [10, 72]
            }
          ]
        },
        {
          "name": "bone6",
          "parent": "hand2",
          "pivot": [23.5, 29.5805, 1.78914],
          "cubes": [
            {
              "origin": [26.5, 28.5, 0.9],
              "size": [3, 2, 2],
              "pivot": [-4, 27, 0],
              "rotation": [2.5, 0, 0],
              "uv": [10, 80]
            },
            {
              "origin": [23.5, 28.5, 0.9],
              "size": [3, 2, 2],
              "pivot": [-4, 27, 0],
              "rotation": [2.5, 0, 0],
              "uv": [52, 77]
            }
          ]
        },
        {
          "name": "bone7",
          "parent": "hand2",
          "pivot": [23.5, 27.38259, 1.88511],
          "cubes": [
            {
              "origin": [26.5, 26.3, 0.9],
              "size": [3, 2, 2],
              "pivot": [-4, 27, 0],
              "rotation": [2.5, 0, 0],
              "uv": [79, 21]
            },
            {
              "origin": [23.5, 26.3, 0.9],
              "size": [3, 2, 2],
              "pivot": [-4, 27, 0],
              "rotation": [2.5, 0, 0],
              "uv": [78, 59]
            }
          ]
        },
        {
          "name": "bone5",
          "parent": "hand2",
          "pivot": [23.5, 31.7784, 1.69318],
          "cubes": [
            {
              "origin": [26.5, 30.7, 0.9],
              "size": [3, 2, 2],
              "pivot": [-4, 27, 0],
              "rotation": [2.5, 0, 0],
              "uv": [76, 0]
            },
            {
              "origin": [23.5, 30.7, 0.9],
              "size": [3, 2, 2],
              "pivot": [-4, 27, 0],
              "rotation": [2.5, 0, 0],
              "uv": [52, 77]
            }
          ]
        },
        {
          "name": "arm",
          "parent": "torso3",
          "pivot": [-5.5, 29.5805, 1.78914],
          "cubes": [
            {
              "origin": [-11.5, 27, -0.6],
              "size": [6, 5, 5],
              "pivot": [2, 27, 0],
              "rotation": [2.5, 0, 0],
              "uv": [60, 11]
            }
          ]
        },
        {
          "name": "arm2",
          "parent": "arm",
          "pivot": [-12, 29.5805, 1.78914],
          "cubes": [
            {
              "origin": [-18.5, 25.5, 1.9],
              "size": [2, 2, 0],
              "pivot": [2, 27, 0],
              "rotation": [2.5, 0, 0],
              "uv": [0, 33]
            },
            {
              "origin": [-18.5, 29.5, -2.1],
              "size": [2, 0, 8],
              "pivot": [2, 27, 0],
              "rotation": [2.5, 0, 0],
              "uv": [45, 23]
            },
            {
              "origin": [-18.5, 31.5, 1.9],
              "size": [2, 2, 0],
              "pivot": [2, 27, 0],
              "rotation": [2.5, 0, 0],
              "uv": [57, 25]
            },
            {
              "origin": [-19.5, 27.5, -0.1],
              "size": [8, 4, 4],
              "pivot": [2, 27, 0],
              "rotation": [2.5, 0, 0],
              "uv": [56, 2]
            }
          ]
        },
        {
          "name": "hand",
          "parent": "arm2",
          "pivot": [-19.35098, 29.74895, 1.73813],
          "cubes": [
            {
              "origin": [-23.5, 26.5, 0.9],
              "size": [4, 6, 2],
              "pivot": [4, 27, 0],
              "rotation": [2.5, 0, 0],
              "uv": [10, 72]
            }
          ]
        },
        {
          "name": "bone",
          "parent": "hand",
          "pivot": [-23.5, 29.5805, 1.78914],
          "cubes": [
            {
              "origin": [-29.5, 28.5, 0.9],
              "size": [3, 2, 2],
              "pivot": [4, 27, 0],
              "rotation": [2.5, 0, 0],
              "uv": [52, 77]
            },
            {
              "origin": [-26.5, 28.5, 0.9],
              "size": [3, 2, 2],
              "pivot": [4, 27, 0],
              "rotation": [2.5, 0, 0],
              "uv": [52, 77]
            }
          ]
        },
        {
          "name": "bone2",
          "parent": "hand",
          "pivot": [-23.5, 27.38259, 1.88511],
          "cubes": [
            {
              "origin": [-29.5, 26.3, 0.9],
              "size": [3, 2, 2],
              "pivot": [4, 27, 0],
              "rotation": [2.5, 0, 0],
              "uv": [52, 77]
            },
            {
              "origin": [-26.5, 26.3, 0.9],
              "size": [3, 2, 2],
              "pivot": [4, 27, 0],
              "rotation": [2.5, 0, 0],
              "uv": [52, 77]
            }
          ]
        },
        {
          "name": "finger",
          "parent": "hand",
          "pivot": [-23.5, 31.7784, 1.69318],
          "cubes": [
            {
              "origin": [-26.5, 30.7, 0.9],
              "size": [3, 2, 2],
              "pivot": [4, 27, 0],
              "rotation": [2.5, 0, 0],
              "uv": [52, 77]
            },
            {
              "origin": [-29.5, 30.7, 0.9],
              "size": [3, 2, 2],
              "pivot": [4, 27, 0],
              "rotation": [2.5, 0, 0],
              "uv": [52, 77]
            }
          ]
        },
        {
          "name": "neck",
          "parent": "torso3",
          "pivot": [0, 31.55393, 1.07152],
          "cubes": [
            {
              "origin": [-4, 32, -1.6],
              "size": [8, 5, 6],
              "pivot": [0, 27, 0],
              "rotation": [2.5, 0, 0],
              "uv": [0, 43]
            }
          ]
        },
        {
          "name": "neck2",
          "parent": "neck",
          "pivot": [0, 35.90043, 0.65627],
          "cubes": [
            {
              "origin": [-4, 35, 0],
              "size": [8, 5, 6],
              "inflate": 0.01,
              "pivot": [0, 27, 0],
              "rotation": [12.5, 0, 0],
              "uv": [28, 44]
            }
          ]
        },
        {
          "name": "head",
          "parent": "neck2",
          "pivot": [0, 39.89976, 1.37998],
          "cubes": [
            { "origin": [-5, 40, -5], "size": [10, 6, 8], "uv": [0, 15] },
            {
              "origin": [1, 45, -7],
              "size": [1, 3, 3],
              "pivot": [0, 25, 0],
              "rotation": [-12.5, 0, -10],
              "uv": [21, 23]
            },
            {
              "origin": [-10, 41, -3],
              "size": [6, 2, 2],
              "pivot": [0, 25, 0],
              "rotation": [0, 20, 0],
              "uv": [15, 50],
              "mirror": true
            },
            {
              "origin": [4, 41, -3],
              "size": [6, 2, 2],
              "pivot": [0, 25, 0],
              "rotation": [0, -20, 0],
              "uv": [15, 50]
            },
            {
              "origin": [2.5, 42.5, -5],
              "size": [1, 1, 0],
              "inflate": 0.01,
              "uv": [118, 8]
            },
            {
              "origin": [-3.5, 42.5, -5],
              "size": [1, 1, 0],
              "inflate": 0.01,
              "uv": [118, 8],
              "mirror": true
            },
            {
              "origin": [-2, 45, -7],
              "size": [1, 3, 3],
              "pivot": [0, 25, 0],
              "rotation": [-12.5, 0, 10],
              "uv": [21, 23],
              "mirror": true
            },
            {
              "origin": [-5, 40, -5],
              "size": [10, 6, 8],
              "uv": [0, 15],
              "mirror": true
            }
          ]
        },
        {
          "name": "eletric",
          "parent": "head",
          "pivot": [0, 46.0132, 1.40901]
        },
        {
          "name": "jawbone",
          "parent": "head",
          "pivot": [0, 39.5, 2],
          "cubes": [
            { "origin": [-4.5, 39, -5], "size": [9, 1, 8], "uv": [30, 7] }
          ]
        },
        {
          "name": "eyelids",
          "parent": "head",
          "pivot": [0, 44.5, -4.5],
          "cubes": [
            {
              "origin": [-5, 43.5, -5],
              "size": [3, 1, 0],
              "inflate": 0.02,
              "uv": [0, 3],
              "mirror": true
            },
            {
              "origin": [2, 43.5, -5],
              "size": [3, 1, 0],
              "inflate": 0.02,
              "uv": [0, 3]
            },
            {
              "origin": [3.2, 43.5, -5],
              "size": [2, 1, 0],
              "inflate": 0.02,
              "pivot": [0.1, 25, 0.1],
              "rotation": [0, 90, 0],
              "uv": [22, 27],
              "mirror": true
            },
            {
              "origin": [-5.2, 43.5, -5],
              "size": [2, 1, 0],
              "inflate": 0.02,
              "pivot": [-0.1, 25, 0.1],
              "rotation": [0, -90, 0],
              "uv": [22, 27]
            }
          ]
        },
        {
          "name": "eletric2",
          "parent": "head",
          "pivot": [0, 44.30368, 3.36767],
          "cubes": [
            {
              "origin": [0, 41, -2],
              "size": [0, 14, 13],
              "pivot": [0, 25, 0],
              "rotation": [10, 0, 0],
              "uv": [102, 101],
              "mirror": true
            },
            {
              "origin": [0, 36, 6],
              "size": [0, 5, 6],
              "inflate": 0.01,
              "pivot": [0, 27, 0],
              "rotation": [12.5, 0, 0],
              "uv": [77, 117]
            }
          ]
        }
      ]
    }
  ]
}
