{
  "format_version": "1.12.0",
  "minecraft:geometry": [
    {
      "description": {
        "identifier": "geometry.unown",
        "texture_width": 16,
        "texture_height": 16,
        "visible_bounds_width": 2,
        "visible_bounds_height": 2.5,
        "visible_bounds_offset": [0, 0.75, 0]
      },
      "bones": [
        {
          "name": "unown",
          "pivot": [0, 0, 0]
        },
        {
          "name": "bone",
          "parent": "unown",
          "pivot": [-5, 4, 0],
          "cubes": [
            { "origin": [0.5, 1.6, -0.9], "size": [2, 1, 1], "uv": [4, 10] },
            { "origin": [-0.5, 1.6, -0.9], "size": [1, 3, 1], "uv": [10, 2] },
            { "origin": [-3.5, 9.6, -0.9], "size": [1, 1, 1], "uv": [10, 10] }
          ]
        },
        {
          "name": "body",
          "parent": "unown",
          "pivot": [0, -1, 0],
          "cubes": [
            { "origin": [-1.5, 5.6, -0.1], "size": [3, 3, 1], "uv": [0, 0] },
            { "origin": [1.5, 5.6, -0.9], "size": [1, 3, 1], "uv": [0, 10] },
            { "origin": [-2.5, 5.6, -0.9], "size": [1, 3, 1], "uv": [8, 6] },
            { "origin": [-1.5, 4.6, -0.9], "size": [3, 1, 1], "uv": [8, 0] },
            { "origin": [-2.5, 8.6, -0.9], "size": [4, 1, 1], "uv": [0, 4] }
          ]
        },
        {
          "name": "eye",
          "parent": "unown",
          "pivot": [0, -1, 0.1],
          "cubes": [
            { "origin": [-1.5, 5.6, -0.9], "size": [3, 3, 1], "uv": [0, 0] }
          ]
        }
      ]
    }
  ]
}
