{
  "format_version": "1.12.0",
  "minecraft:geometry": [
    {
      "description": {
        "identifier": "geometry.unown",
        "texture_width": 16,
        "texture_height": 16,
        "visible_bounds_width": 2,
        "visible_bounds_height": 2.5,
        "visible_bounds_offset": [0, 0.75, 0]
      },
      "bones": [
        {
          "name": "unown",
          "pivot": [0, 0, 0]
        },
        {
          "name": "s_pixel",
          "parent": "unown",
          "pivot": [2, 5.1, -0.4],
          "cubes": [
            { "origin": [-2.5, 8.6, -0.9], "size": [1, 1, 1], "uv": [7, 13] },
            { "origin": [-0.5, 11.6, -0.9], "size": [1, 1, 1], "uv": [4, 12] },
            { "origin": [-3.5, 9.6, -0.9], "size": [1, 1, 1], "uv": [12, 5] },
            { "origin": [-2.5, 10.6, -0.9], "size": [3, 1, 1], "uv": [7, 7] }
          ]
        },
        {
          "name": "bone4",
          "parent": "s_pixel",
          "pivot": [-2, 9, -0.4],
          "cubes": [
            {
              "origin": [1.51, 4.59, -0.91],
              "size": [1, 1, 1],
              "uv": [11, 11]
            },
            {
              "origin": [-0.49, 1.59, -0.91],
              "size": [1, 1, 1],
              "uv": [11, 9]
            },
            { "origin": [2.51, 3.59, -0.91], "size": [1, 1, 1], "uv": [8, 5] },
            { "origin": [-0.49, 2.59, -0.91], "size": [3, 1, 1], "uv": [7, 3] }
          ]
        },
        {
          "name": "body",
          "parent": "unown",
          "pivot": [0, -1, 0],
          "cubes": [
            {
              "origin": [-1.5, 5.6, -0.1],
              "size": [3, 3, 1],
              "inflate": 0.01,
              "uv": [0, 0]
            },
            {
              "origin": [1.5, 5.6, -0.9],
              "size": [1, 3, 1],
              "inflate": 0.01,
              "uv": [7, 9]
            },
            {
              "origin": [-2.5, 5.6, -0.9],
              "size": [1, 3, 1],
              "inflate": 0.01,
              "uv": [0, 10]
            },
            {
              "origin": [-1.5, 4.6, -0.9],
              "size": [3, 1, 1],
              "inflate": 0.01,
              "uv": [8, 0]
            },
            {
              "origin": [-1.5, 8.6, -0.9],
              "size": [3, 1, 1],
              "inflate": 0.01,
              "uv": [0, 8]
            }
          ]
        },
        {
          "name": "eye",
          "parent": "unown",
          "pivot": [0, -1, 0.1],
          "cubes": [
            {
              "origin": [-1.5, 5.6, -0.9],
              "size": [3, 3, 1],
              "inflate": 0.01,
              "uv": [0, 0]
            }
          ]
        }
      ]
    }
  ]
}
