{
  "format_version": "1.12.0",
  "minecraft:geometry": [
    {
      "description": {
        "identifier": "geometry.unown",
        "texture_width": 16,
        "texture_height": 16,
        "visible_bounds_width": 2,
        "visible_bounds_height": 2.5,
        "visible_bounds_offset": [0, 0.75, 0]
      },
      "bones": [
        {
          "name": "unown",
          "pivot": [0, 0, 0],
          "cubes": [
            { "origin": [2.5, 7.6, -0.9], "size": [1, 1, 1], "uv": [12, 5] },
            { "origin": [-3.5, 2.6, -0.9], "size": [1, 1, 1], "uv": [8, 5] },
            { "origin": [-2.5, 1.6, -0.9], "size": [1, 3, 1], "uv": [0, 10] },
            { "origin": [1.5, 1.6, -0.9], "size": [1, 3, 1], "uv": [7, 9] },
            { "origin": [-1.5, 4.6, -0.9], "size": [3, 1, 1], "uv": [7, 7] },
            { "origin": [-1.5, 0.6, -0.9], "size": [3, 1, 1], "uv": [7, 3] }
          ]
        },
        {
          "name": "body",
          "parent": "unown",
          "pivot": [0, 0, 0],
          "cubes": [
            { "origin": [-1.5, 6.6, -0.1], "size": [3, 3, 1], "uv": [0, 0] },
            { "origin": [1.5, 6.6, -0.9], "size": [1, 3, 1], "uv": [4, 12] },
            { "origin": [-2.5, 6.6, -0.9], "size": [1, 3, 1], "uv": [11, 9] },
            { "origin": [-1.5, 5.6, -0.9], "size": [3, 1, 1], "uv": [8, 0] },
            { "origin": [-1.5, 9.6, -0.9], "size": [3, 1, 1], "uv": [0, 8] }
          ]
        },
        {
          "name": "eye",
          "parent": "unown",
          "pivot": [0, 0, 0.1],
          "cubes": [
            { "origin": [-1.5, 6.6, -0.9], "size": [3, 3, 1], "uv": [0, 0] }
          ]
        }
      ]
    }
  ]
}
