{
  "format_version": "1.8.0",
  "animations": {
    "animation.zapdos_galar.ground_idle": {
      "loop": true,
      "bones": {
        "wing_left": {
          "rotation": [
            "Math.cos((query.anim_time - 0.5) * 90) * 5",
            0,
            "Math.cos((query.anim_time - 0.5) * 90) * 5"
          ]
        },
        "wing_right": {
          "rotation": [
            "Math.cos((query.anim_time - 0.5) * 90) * 5",
            0,
            "Math.cos((query.anim_time - 0.5) * 90) * -5"
          ]
        },
        "torso": {
          "rotation": ["Math.cos((query.anim_time - 0.2) * 90) * 2", 0, 0]
        },
        "wing_right2": {
          "rotation": [
            "Math.cos((query.anim_time - 0.5) * 90) * 5",
            0,
            "-Math.cos((query.anim_time - 0.5) * 90) * -5"
          ]
        },
        "leg_right": {
          "rotation": [0, 15, 0]
        },
        "leg_left": {
          "rotation": [0, -15, 0]
        }
      }
    },
    "animation.zapdos_galar.ground_walk": {
      "loop": true,
      "bones": {
        "tail_left": {
          "rotation": [
            "2.5+math.sin(q.anim_time*90*6-25+180)*2",
            "math.sin(q.anim_time*90*3-20+180)*0.75",
            0
          ]
        },
        "tail_left2": {
          "rotation": [
            "2.5+math.sin(q.anim_time*90*6-50+180)*3",
            "math.sin(q.anim_time*90*3-40+180)*1",
            0
          ]
        },
        "tail_right": {
          "rotation": [
            "2.5+math.sin(q.anim_time*90*6-25+180)*2",
            "math.sin(q.anim_time*90*3-20+180)*0.75",
            0
          ]
        },
        "tail_right2": {
          "rotation": [
            "2.5+math.sin(q.anim_time*90*6-50+180)*3",
            "math.sin(q.anim_time*90*3-40+180)*1",
            0
          ]
        },
        "hair": {
          "rotation": ["0+math.sin(q.anim_time*90*6-95+180)*3", 0, 0]
        },
        "hair_left": {
          "rotation": ["0+math.sin(q.anim_time*90*6-90+180)*4", 0, 0]
        },
        "hair_right": {
          "rotation": ["0+math.sin(q.anim_time*90*6-90+180)*4", 0, 0]
        },
        "hair_left2": {
          "rotation": ["0+math.sin(q.anim_time*90*6-85+180)*3", 0, 0]
        },
        "hair_right2": {
          "rotation": ["0+math.sin(q.anim_time*90*6-85+180)*3", 0, 0]
        },
        "wing_closed_left": {
          "rotation": [-15.01365, 2.41476, -0.64743]
        },
        "wing_closed_left2": {
          "rotation": [27.58957, -4.43385, -2.31336]
        },
        "wing_closed_left3": {
          "rotation": [17.64168, -7.15102, -2.26708]
        },
        "wing_closed_right": {
          "rotation": [-15.01365, -2.41476, 0.64743]
        },
        "wing_closed_right2": {
          "rotation": [27.58957, 4.43385, 2.31336]
        },
        "wing_closed_right3": {
          "rotation": [17.64168, 7.15102, 2.26708]
        },
        "wing_open_right": {
          "scale": 0
        },
        "wing_open_left": {
          "scale": 0
        },
        "wing_left2": {
          "rotation": [0, -107.5, 0],
          "position": [0, -0.01, 0]
        },
        "wing_left3": {
          "rotation": [0, -62.5, 0],
          "position": [-1, -0.01, -2]
        },
        "wing_right3": {
          "rotation": [0, 62.5, 0],
          "position": [1, -0.01, -1]
        },
        "toe_middle_left": {
          "rotation": [
            "0+math.clamp(math.sin(query.anim_time*90*3*-1-300)*29.5,-27,0)+math.clamp(math.sin(query.anim_time*90*3*-1-300)*30,-0,27.5)",
            0,
            0
          ]
        },
        "claw_middle_left": {
          "rotation": [
            "0+math.clamp(math.sin(query.anim_time*90*3*-1-330)*15,-0,12.5)",
            0,
            0
          ]
        },
        "toe_back_left": {
          "rotation": [
            "0+math.clamp(math.sin(query.anim_time*90*3*-1-300)*27.5,-0,25)+math.clamp(math.sin(query.anim_time*90*3*-1-300)*22.5,-20,0)",
            0,
            0
          ]
        },
        "claw_back_left": {
          "rotation": [
            "0+math.clamp(math.sin(query.anim_time*90*3*-1-330)*15,-12.5,0)",
            0,
            0
          ]
        },
        "toe_outer_left": {
          "rotation": [
            "-1.5203+math.clamp(math.sin(query.anim_time*90*3*-1-300)*29.5,-27,0)+math.clamp(math.sin(query.anim_time*90*3*-1-300)*30,-0,27.5)",
            -7.13182,
            4.77156
          ]
        },
        "claw_outer_left": {
          "rotation": [
            "0+math.clamp(math.sin(query.anim_time*90*3*-1-330)*15,-0,12.5)",
            0,
            0
          ]
        },
        "toe_inner_left": {
          "rotation": [
            "-1.5203+math.clamp(math.sin(query.anim_time*90*3*-1-300)*29.5,-27,0)+math.clamp(math.sin(query.anim_time*90*3*-1-300)*30,-0,27.5)",
            7.13182,
            -4.77156
          ]
        },
        "claw_inner_left": {
          "rotation": [
            "0+math.clamp(math.sin(query.anim_time*90*3*-1-330)*15,-0,12.5)",
            0,
            0
          ]
        },
        "toe_middle_right": {
          "rotation": [
            "0+math.clamp(math.sin(query.anim_time*90*3*-1-300+180)*29.5,-27,0)+math.clamp(math.sin(query.anim_time*90*3*-1-300+180)*30,-0,27.5)",
            0,
            0
          ]
        },
        "claw_middle_right": {
          "rotation": [
            "0+math.clamp(math.sin(query.anim_time*90*3*-1-330+180)*15,-0,12.5)",
            0,
            0
          ]
        },
        "toe_back_right": {
          "rotation": [
            "0+math.clamp(math.sin(query.anim_time*90*3*-1-300+180)*27.5,-0,25)+math.clamp(math.sin(query.anim_time*90*3*-1-300+180)*22.5,-20,0)",
            0,
            0
          ]
        },
        "claw_back_right": {
          "rotation": [
            "0+math.clamp(math.sin(query.anim_time*90*3*-1-330+180)*15,-12.5,0)",
            0,
            0
          ]
        },
        "toe_inner_right": {
          "rotation": [
            "-1.3208+math.clamp(math.sin(query.anim_time*90*3*-1-300+180)*29.5,-27,0)+math.clamp(math.sin(query.anim_time*90*3*-1-300+180)*30,-0,27.5)",
            -2.79056,
            4.67594
          ]
        },
        "claw_inner_right": {
          "rotation": [
            "0+math.clamp(math.sin(query.anim_time*90*3*-1-330+180)*15,-0,12.5)",
            0,
            0
          ]
        },
        "toe_outer_right": {
          "rotation": [
            "-1.3208+math.clamp(math.sin(query.anim_time*90*3*-1-300+180)*29.5,-27,0)+math.clamp(math.sin(query.anim_time*90*3*-1-300+180)*30,-0,27.5)",
            2.79056,
            -4.67594
          ]
        },
        "claw_outer_right": {
          "rotation": [
            "0+math.clamp(math.sin(query.anim_time*90*3*-1-330+180)*15,-0,12.5)",
            0,
            0
          ]
        },
        "body": {
          "position": [
            0,
            "0+math.clamp(math.sin(query.anim_time*90*6*-1-30)*1,-0,1)+math.clamp(math.sin(query.anim_time*90*6*-1-30)*1,-0.9,0)",
            0
          ]
        },
        "torso": {
          "rotation": [
            "math.sin(q.anim_time*90*6+0+180)*2",
            "0+math.sin(q.anim_time*90*3-60+180)*2.5",
            "0+math.sin(q.anim_time*90*3+0)*2.5"
          ]
        },
        "head": {
          "rotation": [
            "2.5+math.sin(q.anim_time*90*6-40)*3",
            0,
            "math.sin(q.anim_time*90*3-50)*0.25"
          ]
        },
        "leg_right": {
          "rotation": [
            "0+math.clamp(math.sin(query.anim_time*90*3*-1-50+180)*17.5,-17.5,0)+math.clamp(math.sin(query.anim_time*90*3*-1-50+180)*22.5,-0,20)",
            0,
            0
          ],
          "position": [
            0,
            "-1+math.clamp(math.sin(query.anim_time*90*3*-1-60+180)*1,0.3,1)",
            "1-math.sin(q.anim_time*90*3-80)*2"
          ]
        },
        "leg_right2": {
          "rotation": [
            "0+math.clamp(math.sin(query.anim_time*90*3*-1-150+180)*35.5,-32.5,0)+math.clamp(math.sin(query.anim_time*90*3*-1-150+180)*17.5,-0,15)",
            0,
            0
          ]
        },
        "foot_right": {
          "rotation": [
            "-7.5+math.clamp(math.sin(query.anim_time*90*3*-1-175+180)*7.5,-7.5,0)+math.clamp(math.sin(query.anim_time*90*3*-1-175+180)*22.5,-0,20)",
            0,
            0
          ]
        },
        "toe_right_middle": {
          "rotation": [
            "0+math.clamp(math.sin(query.anim_time*90*3*-1-300+180)*29.5,-27,0)+math.clamp(math.sin(query.anim_time*90*3*-1-300+180)*30,-0,27.5)",
            0,
            0
          ]
        },
        "toe_right_inner": {
          "rotation": [
            "-1.3208+math.clamp(math.sin(query.anim_time*90*3*-1-300+180)*29.5,-27,0)+math.clamp(math.sin(query.anim_time*90*3*-1-300+180)*30,-0,27.5)",
            -2.79056,
            4.67594
          ]
        },
        "toe_right_outer": {
          "rotation": [
            "-1.3208+math.clamp(math.sin(query.anim_time*90*3*-1-300+180)*29.5,-27,0)+math.clamp(math.sin(query.anim_time*90*3*-1-300+180)*30,-0,27.5)",
            2.79056,
            -4.67594
          ]
        },
        "toe_right_back": {
          "rotation": [
            "math.clamp(math.sin(query.anim_time*90*3*-1-300+180)*27.5,-0,25)+math.clamp(math.sin(query.anim_time*90*3*-1-300+180)*22.5,-20,0)",
            0,
            0
          ]
        },
        "leg_left": {
          "rotation": [
            "0+math.clamp(math.sin(query.anim_time*90*3*-1-50)*17.5,-17.5,0)+math.clamp(math.sin(query.anim_time*90*3*-1-50)*22.5,-0,20)",
            0,
            0
          ],
          "position": [
            0,
            "0+math.clamp(math.sin(query.anim_time*90*3*-1-60)*1,0.3,1)",
            "1+math.sin(q.anim_time*90*3-80)*2"
          ]
        },
        "leg_left2": {
          "rotation": [
            "0+math.clamp(math.sin(query.anim_time*90*3*-1-150)*35.5,-32.5,0)+math.clamp(math.sin(query.anim_time*90*3*-1-150)*17.5,-0,15)",
            0,
            0
          ]
        },
        "foot_left": {
          "rotation": [
            "-7.5+math.clamp(math.sin(query.anim_time*90*3*-1-175)*7.5,-7.5,0)+math.clamp(math.sin(query.anim_time*90*3*-1-175)*22.5,-0,20)",
            0,
            0
          ]
        },
        "toe_left_middle": {
          "rotation": [
            "0+math.clamp(math.sin(query.anim_time*90*3*-1-300)*29.5,-27,0)+math.clamp(math.sin(query.anim_time*90*3*-1-300)*30,-0,27.5)",
            0,
            0
          ]
        },
        "toe_left_inner": {
          "rotation": [
            "-1.5203+math.clamp(math.sin(query.anim_time*90*3*-1-300)*29.5,-27,0)+math.clamp(math.sin(query.anim_time*90*3*-1-300)*30,-0,27.5)",
            7.13182,
            -4.77156
          ]
        },
        "toe_left_outer": {
          "rotation": [
            "-1.5203+math.clamp(math.sin(query.anim_time*90*3*-1-300)*29.5,-27,0)+math.clamp(math.sin(query.anim_time*90*3*-1-300)*30,-0,27.5)",
            -7.13182,
            4.77156
          ]
        },
        "toe_left_back": {
          "rotation": [
            "0+math.clamp(math.sin(query.anim_time*90*3*-1-300)*27.5,-0,25)+math.clamp(math.sin(query.anim_time*90*3*-1-300)*22.5,-20,0)",
            0,
            0
          ]
        }
      }
    },
    "animation.zapdos_galar.cry": {
      "animation_length": 1.08333,
      "bones": {
        "neck": {
          "rotation": {
            "0.0": {
              "post": [0, 0, 0],
              "lerp_mode": "catmullrom"
            },
            "0.2083": {
              "post": [-10, 0, 0],
              "lerp_mode": "catmullrom"
            },
            "0.5": {
              "post": [2.5, 0, 0],
              "lerp_mode": "catmullrom"
            },
            "0.625": {
              "post": [0, 0, 0],
              "lerp_mode": "catmullrom"
            },
            "0.8333": {
              "post": [0, 0, 0],
              "lerp_mode": "catmullrom"
            }
          },
          "position": {
            "0.0": {
              "post": [0, 0, 0],
              "lerp_mode": "catmullrom"
            },
            "0.8333": {
              "post": [0, 0, 0],
              "lerp_mode": "catmullrom"
            }
          }
        },
        "head": {
          "rotation": {
            "0.0": {
              "post": [0, 0, 0],
              "lerp_mode": "catmullrom"
            },
            "0.2083": {
              "post": [7.5, 0, 0],
              "lerp_mode": "catmullrom"
            },
            "0.5": {
              "post": [-2.94, 0, 0],
              "lerp_mode": "catmullrom"
            },
            "0.8333": {
              "post": [0, 0, 0],
              "lerp_mode": "catmullrom"
            }
          },
          "position": {
            "0.0": {
              "post": [0, 0, 0],
              "lerp_mode": "catmullrom"
            },
            "0.8333": {
              "post": [0, 0, 0],
              "lerp_mode": "catmullrom"
            }
          }
        },
        "jaw": {
          "rotation": {
            "0.0": {
              "post": [0, 0, 0],
              "lerp_mode": "catmullrom"
            },
            "0.2083": {
              "post": [45, 0, 0],
              "lerp_mode": "catmullrom"
            },
            "0.4167": {
              "post": [45, 0, 0],
              "lerp_mode": "catmullrom"
            },
            "0.5": {
              "post": [0, 0, 0],
              "lerp_mode": "catmullrom"
            },
            "0.5833": {
              "post": [47.5, 0, 0],
              "lerp_mode": "catmullrom"
            },
            "0.8333": {
              "post": [0, 0, 0],
              "lerp_mode": "catmullrom"
            }
          },
          "position": {
            "0.0": {
              "post": [0, 0, 0],
              "lerp_mode": "catmullrom"
            },
            "0.8333": {
              "post": [0, 0, 0],
              "lerp_mode": "catmullrom"
            }
          }
        }
      },
      "sound_effects": {
        "0.0": {
          "effect": "pokemon.pidgeot.cry"
        }
      }
    }
  }
}
