{
  "format_version": "1.12.0",
  "minecraft:geometry": [
    {
      "description": {
        "identifier": "geometry.GalarianZapdos",
        "texture_width": 128,
        "texture_height": 128,
        "visible_bounds_width": 5,
        "visible_bounds_height": 4.5,
        "visible_bounds_offset": [0, 1.75, 0]
      },
      "bones": [
        {
          "name": "zapdos",
          "pivot": [0, 0, 0]
        },
        {
          "name": "body",
          "parent": "zapdos",
          "pivot": [-11, 1, 0]
        },
        {
          "name": "torso",
          "parent": "body",
          "pivot": [0, 22, -1],
          "cubes": [
            {
              "origin": [-6, 15, -12],
              "size": [12, 10, 17],
              "pivot": [-11, 1, 0],
              "rotation": [-15, 0, 0],
              "uv": [0, 0]
            },
            {
              "origin": [0, 20, -13],
              "size": [0, 14, 15],
              "pivot": [-11, 0, 0],
              "rotation": [-25, 0, 0],
              "uv": [96, 99]
            }
          ]
        },
        {
          "name": "tail",
          "parent": "torso",
          "pivot": [0, 4, -6],
          "rotation": [-15, 0, 0],
          "cubes": [
            {
              "origin": [-7.5, 15.25, 9.75],
              "size": [5, 0, 20],
              "pivot": [0, 4, -6],
              "rotation": [29.56488, -10.58927, 30.90686],
              "uv": [98, 25]
            },
            {
              "origin": [-6.5, 16.25, 10.75],
              "size": [5, 0, 20],
              "pivot": [0, 4, -6],
              "rotation": [31.20104, -1.68576, 15.73789],
              "uv": [95, 78]
            },
            {
              "origin": [1.5, 16.25, 10.75],
              "size": [5, 0, 20],
              "pivot": [0, 4, -6],
              "rotation": [31.20104, 1.68576, -15.73789],
              "uv": [95, 78],
              "mirror": true
            },
            {
              "origin": [-8.5, 12.25, 11.75],
              "size": [5, 0, 18],
              "pivot": [0, 4, -6],
              "rotation": [25.47225, -18.72983, 46.93913],
              "uv": [97, 79]
            },
            {
              "origin": [3.5, 12.25, 11.75],
              "size": [5, 0, 18],
              "pivot": [0, 4, -6],
              "rotation": [25.47225, 18.72983, -46.93913],
              "uv": [97, 79],
              "mirror": true
            },
            {
              "origin": [-13.5, 9, 9.75],
              "size": [5, 0, 18],
              "pivot": [0, 4, -6],
              "rotation": [12.97997, -18.49629, 77.71235],
              "uv": [97, 79]
            },
            {
              "origin": [29, -3, -4.25],
              "size": [5, 0, 18],
              "pivot": [0, -4, -6],
              "rotation": [-12.97997, -18.49629, -77.71235],
              "uv": [76, 77]
            },
            {
              "origin": [-34, -3, -5.25],
              "size": [5, 0, 18],
              "pivot": [0, -4, -6],
              "rotation": [-12.97997, 18.49629, 77.71235],
              "uv": [76, 77],
              "mirror": true
            },
            {
              "origin": [8.5, 9, 9.75],
              "size": [5, 0, 18],
              "pivot": [0, 4, -6],
              "rotation": [12.97997, 18.49629, -77.71235],
              "uv": [97, 79],
              "mirror": true
            },
            {
              "origin": [2.5, 15.25, 8.75],
              "size": [5, 0, 20],
              "pivot": [0, 4, -6],
              "rotation": [29.56488, 10.58927, -30.90686],
              "uv": [98, 25],
              "mirror": true
            },
            {
              "origin": [-12.5, 8.25, 8.75],
              "size": [5, 0, 20],
              "pivot": [0, 4, -6],
              "rotation": [17.56417, -23.52981, 75.69212],
              "uv": [98, 25]
            },
            {
              "origin": [7.5, 8.25, 8.75],
              "size": [5, 0, 20],
              "pivot": [0, 4, -6],
              "rotation": [17.56417, 23.52981, -75.69212],
              "uv": [98, 25],
              "mirror": true
            },
            {
              "origin": [-2.5, 17.75, 9.75],
              "size": [5, 0, 20],
              "pivot": [0, 4, -6],
              "rotation": [30, 0, 0],
              "uv": [83, 25]
            },
            {
              "origin": [-2.5, 20.25, -11.25],
              "size": [5, 0, 20],
              "pivot": [0, -2, -6],
              "rotation": [-30, 0, 0],
              "uv": [78, 25]
            },
            {
              "origin": [-15.5, 4.75, 5.75],
              "size": [5, 0, 20],
              "pivot": [0, 4, -6],
              "rotation": [13.44732, -15.45352, 93.98527],
              "uv": [83, 25]
            },
            {
              "origin": [10.5, 4.75, 5.75],
              "size": [5, 0, 20],
              "pivot": [0, 4, -6],
              "rotation": [13.44732, 15.45352, -93.98527],
              "uv": [83, 25],
              "mirror": true
            }
          ]
        },
        {
          "name": "bone4",
          "parent": "tail",
          "pivot": [-1, 41, -8],
          "cubes": [
            {
              "origin": [-7.5, 28.75, 9.75],
              "size": [5, 0, 20],
              "pivot": [-1, 41, -8],
              "rotation": [-31.20104, -1.68576, -15.73789],
              "uv": [90, 79]
            },
            {
              "origin": [2.5, 28.75, 9.75],
              "size": [5, 0, 20],
              "pivot": [1, 41, -8],
              "rotation": [-31.20104, 1.68576, 15.73789],
              "uv": [90, 79],
              "mirror": true
            }
          ]
        },
        {
          "name": "bone7",
          "parent": "tail",
          "pivot": [0, 40, -6],
          "cubes": [
            {
              "origin": [-8.5, 31.75, 11.75],
              "size": [5, 0, 18],
              "pivot": [0, 40, -6],
              "rotation": [-25.47225, -18.72983, -46.93913],
              "uv": [92, 79]
            },
            {
              "origin": [3.5, 31.75, 11.75],
              "size": [5, 0, 18],
              "pivot": [0, 40, -6],
              "rotation": [-25.47225, 18.72983, 46.93913],
              "uv": [92, 79],
              "mirror": true
            }
          ]
        },
        {
          "name": "bone3",
          "parent": "tail",
          "pivot": [-1, 37, -10],
          "rotation": [10, 0, 0],
          "cubes": [
            {
              "origin": [-8.5, 24.75, 5.75],
              "size": [5, 0, 20],
              "pivot": [-1, 37, -10],
              "rotation": [-29.56488, -10.58927, -30.90686],
              "uv": [93, 25]
            },
            {
              "origin": [3.5, 24.75, 5.75],
              "size": [5, 0, 20],
              "pivot": [1, 37, -10],
              "rotation": [-29.56488, 10.58927, 30.90686],
              "uv": [93, 25],
              "mirror": true
            }
          ]
        },
        {
          "name": "bone",
          "parent": "tail",
          "pivot": [0, 42, -6]
        },
        {
          "name": "bone2",
          "parent": "tail",
          "pivot": [0, 37, -11],
          "rotation": [10, 0, 0],
          "cubes": [
            {
              "origin": [-12.5, 33.25, 5.75],
              "size": [5, 0, 20],
              "pivot": [0, 37, -11],
              "rotation": [-17.56417, -23.52981, -75.69212],
              "uv": [93, 25]
            },
            {
              "origin": [7.5, 33.25, 4.75],
              "size": [5, 0, 20],
              "pivot": [0, 37, -11],
              "rotation": [-17.56417, 23.52981, 75.69212],
              "uv": [93, 25],
              "mirror": true
            }
          ]
        },
        {
          "name": "wing_left",
          "parent": "torso",
          "pivot": [6, 25, -6]
        },
        {
          "name": "wing_right",
          "parent": "torso",
          "pivot": [-6, 25, -7],
          "cubes": [
            {
              "origin": [-13, 14, 2.5],
              "size": [0, 15, 14],
              "pivot": [0, 1, 0],
              "rotation": [-0.18317, -38.2559, 14.8464],
              "uv": [0, 98]
            },
            {
              "origin": [-13.5, 6, 14],
              "size": [1, 10, 10],
              "pivot": [0, 1, 0],
              "rotation": [44.81683, -38.2559, 14.8464],
              "uv": [65, 100]
            }
          ]
        },
        {
          "name": "wing_right2",
          "parent": "torso",
          "pivot": [6, 25, -7],
          "cubes": [
            {
              "origin": [13, 14, 2.5],
              "size": [0, 15, 14],
              "pivot": [0, 1, 0],
              "rotation": [-0.18317, 38.2559, -14.8464],
              "uv": [0, 98],
              "mirror": true
            },
            {
              "origin": [12.5, 6, 14],
              "size": [1, 10, 10],
              "pivot": [0, 1, 0],
              "rotation": [44.81683, 38.2559, -14.8464],
              "uv": [65, 100],
              "mirror": true
            }
          ]
        },
        {
          "name": "neck",
          "parent": "torso",
          "pivot": [0, 20, -6],
          "cubes": [
            {
              "origin": [-2.5, 18, -5],
              "size": [5, 11, 5],
              "pivot": [0, 1, 0],
              "rotation": [10, 0, 0],
              "uv": [68, 39]
            },
            {
              "origin": [0, 14, -2],
              "size": [0, 12, 10],
              "pivot": [0, 1, 0],
              "rotation": [30, 0, 0],
              "uv": [0, 60]
            }
          ]
        },
        {
          "name": "neck2",
          "parent": "neck",
          "pivot": [0, 1, 0],
          "cubes": [
            {
              "origin": [-2, 22.75, -18],
              "size": [4, 10, 5],
              "pivot": [0, 1, 0],
              "rotation": [-20, 0, 0],
              "uv": [20, 70]
            }
          ]
        },
        {
          "name": "neck3",
          "parent": "neck2",
          "pivot": [0, -1, 0],
          "cubes": [
            {
              "origin": [-2, 35, 0.05],
              "size": [4, 6, 5],
              "inflate": -0.01,
              "pivot": [0, -1, 0],
              "rotation": [10, 0, 0],
              "uv": [110, 55]
            },
            {
              "origin": [0, 31, -15.5],
              "size": [0, 6, 7],
              "pivot": [0, 0, 0],
              "rotation": [-20, 0, 0],
              "uv": [0, 0]
            }
          ]
        },
        {
          "name": "head",
          "parent": "neck3",
          "pivot": [0, 39, -5],
          "cubes": [
            {
              "origin": [-3.5, 38, -3],
              "size": [7, 6, 8],
              "pivot": [0, 4, -2],
              "rotation": [10, 0, 0],
              "uv": [56, 56]
            },
            {
              "origin": [-2, 38, -5],
              "size": [5, 6, 5],
              "inflate": -0.01,
              "pivot": [0, 4, -2],
              "rotation": [14.00194, 44.13603, 9.85108],
              "uv": [75, 19]
            },
            {
              "origin": [-1, 20, -35.9],
              "size": [2, 4, 1],
              "inflate": -0.01,
              "pivot": [0, 4, -2],
              "rotation": [-45, 0, 0],
              "uv": [91, 73]
            },
            {
              "origin": [-1, 18, -36.5],
              "size": [2, 3, 1],
              "inflate": -0.02,
              "pivot": [0, 4, -2],
              "rotation": [-50, 0, 0],
              "uv": [66, 33]
            },
            {
              "origin": [3, 39.75, 5.5],
              "size": [0, 2, 4],
              "inflate": 0.02,
              "pivot": [0, 4, -2],
              "rotation": [29.00194, 44.13603, 9.85108],
              "uv": [67, 58],
              "mirror": true
            },
            {
              "origin": [-3, 39.25, 7.25],
              "size": [0, 2, 4],
              "inflate": 0.02,
              "pivot": [0, 4, -2],
              "rotation": [31.50194, -44.136, -9.8511],
              "uv": [67, 58]
            },
            {
              "origin": [3, 40, -3],
              "size": [0, 2, 1],
              "inflate": 0.01,
              "pivot": [0, 4, -2],
              "rotation": [14.00194, 44.13603, 9.85108],
              "uv": [0, 0],
              "mirror": true
            },
            {
              "origin": [-3, 40, -3],
              "size": [0, 2, 1],
              "inflate": 0.01,
              "pivot": [0, 4, -2],
              "rotation": [14.00194, -44.136, -9.8511],
              "uv": [0, 0]
            },
            {
              "origin": [3, 40, -5.25],
              "size": [0, 2, 5],
              "pivot": [0, 4, -2],
              "rotation": [14.00194, 44.13603, 9.85108],
              "uv": [63, 34],
              "mirror": true
            },
            {
              "origin": [-3, 40, -5.1],
              "size": [0, 2, 5],
              "pivot": [0, 4, -2],
              "rotation": [14.00194, -44.136, -9.8511],
              "uv": [63, 34]
            },
            {
              "origin": [-35.5, 6, -23],
              "size": [9, 8, 0],
              "pivot": [0, 4, -2],
              "rotation": [30, 30, 90],
              "uv": [8, 96]
            },
            {
              "origin": [26.5, 6, -23],
              "size": [9, 8, 0],
              "pivot": [0, 4, -2],
              "rotation": [30, -30, -90],
              "uv": [8, 96],
              "mirror": true
            },
            {
              "origin": [33.5, 19, -15],
              "size": [9, 4, 0],
              "pivot": [0, 0, -1],
              "rotation": [0, -15, -60],
              "uv": [92, 102],
              "mirror": true
            },
            {
              "origin": [-42.5, 19, -15],
              "size": [9, 4, 0],
              "pivot": [0, 0, -1],
              "rotation": [0, 15, 60],
              "uv": [92, 102]
            },
            {
              "origin": [-35.5, 19, -8],
              "size": [9, 4, 0],
              "pivot": [0, 0, -1],
              "rotation": [0, 0, 60],
              "uv": [103, 106],
              "mirror": true
            },
            {
              "origin": [26.5, 19, -8],
              "size": [9, 4, 0],
              "pivot": [0, 0, -1],
              "rotation": [0, 0, -60],
              "uv": [103, 106]
            }
          ]
        },
        {
          "name": "bone5",
          "parent": "head",
          "pivot": [0, 4, -2],
          "cubes": [
            {
              "origin": [-1, 39, -10],
              "size": [2, 2, 5],
              "pivot": [0, 4, -2],
              "rotation": [10, 0, 0],
              "uv": [72, 86]
            },
            {
              "origin": [-0.5, 39, -14],
              "size": [1, 2, 4],
              "pivot": [0, 4, -2],
              "rotation": [10, 0, 0],
              "uv": [71, 13]
            },
            {
              "origin": [-0.5, 39.5, -18],
              "size": [1, 1, 4],
              "pivot": [0, 4, -2],
              "rotation": [10, 0, 0],
              "uv": [93, 0]
            }
          ]
        },
        {
          "name": "bone6",
          "parent": "bone5",
          "pivot": [0, 4, -2],
          "cubes": [
            {
              "origin": [-1, 37.5, -14],
              "size": [2, 2, 5],
              "inflate": -0.01,
              "pivot": [0, 4, -2],
              "rotation": [2.5, 0, 0],
              "uv": [86, 63]
            }
          ]
        },
        {
          "name": "leg_right",
          "parent": "body",
          "pivot": [-6, 17, 1],
          "cubes": [
            {
              "origin": [-8.5, 12.58865, -2.69932],
              "size": [4, 8, 6],
              "inflate": 0.01,
              "pivot": [-6, 19, 0],
              "rotation": [10, 0, 0],
              "uv": [38, 70]
            }
          ]
        },
        {
          "name": "leg_right2",
          "parent": "leg_right",
          "pivot": [-6, 13, 0],
          "cubes": [
            {
              "origin": [-7.5, 5, 6.25],
              "size": [2, 6, 3],
              "inflate": 0.01,
              "pivot": [-11, 0, 0],
              "rotation": [30, 0, 0],
              "uv": [88, 44]
            }
          ]
        },
        {
          "name": "leg_right3",
          "parent": "leg_right2",
          "pivot": [-6, 8, 2],
          "cubes": [
            {
              "origin": [-7.5, 2, 1],
              "size": [2, 8, 2],
              "pivot": [-11, 0, 0],
              "rotation": [-15, 0, 0],
              "uv": [49, 85]
            }
          ]
        },
        {
          "name": "foot_right",
          "parent": "leg_right3",
          "pivot": [-6, 2, 2],
          "cubes": [
            {
              "origin": [-9, 0, -1],
              "size": [5, 2, 6],
              "inflate": 0.01,
              "uv": [75, 30]
            }
          ]
        },
        {
          "name": "toe_right_middle",
          "parent": "foot_right",
          "pivot": [-6, 1, 0],
          "cubes": [
            { "origin": [-7.5, 0, -6], "size": [2, 2, 6], "uv": [58, 19] },
            {
              "origin": [-6.5, 0, -9.5],
              "size": [0, 2, 6],
              "uv": [51, 35],
              "mirror": true
            }
          ]
        },
        {
          "name": "toe_right_inner",
          "parent": "foot_right",
          "pivot": [-5, 1, 0],
          "cubes": [
            {
              "origin": [-6.5, 0, -8],
              "size": [2, 2, 6],
              "pivot": [-11, 0, 0],
              "rotation": [0, -30, 0],
              "uv": [0, 27]
            },
            {
              "origin": [-5.5, 0, -11.25],
              "size": [0, 2, 6],
              "pivot": [-11, 0, 0],
              "rotation": [0, -30, 0],
              "uv": [51, 35],
              "mirror": true
            }
          ]
        },
        {
          "name": "toe_right_outer",
          "parent": "foot_right",
          "pivot": [-8, 1, 0],
          "cubes": [
            {
              "origin": [-8.5, 0, -6.5],
              "size": [0, 2, 6],
              "pivot": [-11, 0, 0],
              "rotation": [0, 30, 0],
              "uv": [51, 35],
              "mirror": true
            },
            {
              "origin": [-9.5, 0, -3],
              "size": [2, 2, 6],
              "pivot": [-11, 0, 0],
              "rotation": [0, 30, 0],
              "uv": [72, 78]
            }
          ]
        },
        {
          "name": "toe_right_back",
          "parent": "foot_right",
          "pivot": [-6, 1, 5],
          "cubes": [
            { "origin": [-7.5, 0, 4], "size": [2, 2, 6], "uv": [0, 35] },
            { "origin": [-6.5, 0, 7.5], "size": [0, 2, 6], "uv": [52, 64] }
          ]
        },
        {
          "name": "leg_left",
          "parent": "body",
          "pivot": [6, 17, 1],
          "cubes": [
            {
              "origin": [4.5, 12.58865, -2.69932],
              "size": [4, 8, 6],
              "inflate": 0.01,
              "pivot": [6, 19, 0],
              "rotation": [10, 0, 0],
              "uv": [38, 70],
              "mirror": true
            }
          ]
        },
        {
          "name": "leg_left2",
          "parent": "leg_left",
          "pivot": [6, 13, 0],
          "cubes": [
            {
              "origin": [5.5, 5, 6.25],
              "size": [2, 6, 3],
              "inflate": 0.01,
              "pivot": [11, 0, 0],
              "rotation": [30, 0, 0],
              "uv": [88, 44],
              "mirror": true
            }
          ]
        },
        {
          "name": "leg_left3",
          "parent": "leg_left2",
          "pivot": [6, 8, 2],
          "cubes": [
            {
              "origin": [5.5, 2, 1],
              "size": [2, 8, 2],
              "pivot": [11, 0, 0],
              "rotation": [-15, 0, 0],
              "uv": [49, 85],
              "mirror": true
            }
          ]
        },
        {
          "name": "foot_left",
          "parent": "leg_left3",
          "pivot": [6, 2, 2],
          "cubes": [
            {
              "origin": [4, 0, -1],
              "size": [5, 2, 6],
              "inflate": 0.01,
              "uv": [75, 30],
              "mirror": true
            }
          ]
        },
        {
          "name": "toe_left_middle",
          "parent": "foot_left",
          "pivot": [6, 1, 0],
          "cubes": [
            {
              "origin": [5.5, 0, -6],
              "size": [2, 2, 6],
              "uv": [58, 19],
              "mirror": true
            },
            {
              "origin": [6.5, 0, -9.5],
              "size": [0, 2, 6],
              "uv": [51, 35],
              "mirror": true
            }
          ]
        },
        {
          "name": "toe_left_inner",
          "parent": "foot_left",
          "pivot": [5, 1, 0],
          "cubes": [
            {
              "origin": [4.5, 0, -8],
              "size": [2, 2, 6],
              "pivot": [11, 0, 0],
              "rotation": [0, 30, 0],
              "uv": [0, 27],
              "mirror": true
            },
            {
              "origin": [5.5, 0, -11.25],
              "size": [0, 2, 6],
              "pivot": [11, 0, 0],
              "rotation": [0, 30, 0],
              "uv": [51, 35],
              "mirror": true
            }
          ]
        },
        {
          "name": "toe_left_outer",
          "parent": "foot_left",
          "pivot": [8, 1, 0],
          "cubes": [
            {
              "origin": [8.5, 0, -6.5],
              "size": [0, 2, 6],
              "pivot": [11, 0, 0],
              "rotation": [0, -30, 0],
              "uv": [51, 35],
              "mirror": true
            },
            {
              "origin": [7.5, 0, -3],
              "size": [2, 2, 6],
              "pivot": [11, 0, 0],
              "rotation": [0, -30, 0],
              "uv": [72, 78],
              "mirror": true
            }
          ]
        },
        {
          "name": "toe_left_back",
          "parent": "foot_left",
          "pivot": [6, 1, 5],
          "cubes": [
            {
              "origin": [5.5, 0, 4],
              "size": [2, 2, 6],
              "uv": [0, 35],
              "mirror": true
            },
            {
              "origin": [6.5, 0, 7.5],
              "size": [0, 2, 6],
              "uv": [52, 64],
              "mirror": true
            }
          ]
        }
      ]
    }
  ]
}
