{
  "format_version": "1.12.0",
  "minecraft:geometry": [
    {
      "description": {
        "identifier": "geometry.ZapdosNew",
        "texture_width": 128,
        "texture_height": 128,
        "visible_bounds_width": 7,
        "visible_bounds_height": 4.5,
        "visible_bounds_offset": [0, 1.75, 0]
      },
      "bones": [
        {
          "name": "zapdos",
          "pivot": [0, 0, 0]
        },
        {
          "name": "body",
          "parent": "zapdos",
          "pivot": [0, 0, 0]
        },
        {
          "name": "leg_left",
          "parent": "body",
          "pivot": [5, 14, 2],
          "cubes": [
            {
              "origin": [3.5, 9, 2],
              "size": [5, 8, 6],
              "pivot": [-3, 0, 0],
              "rotation": [15, 0, 0],
              "uv": [84, 49],
              "mirror": true
            }
          ]
        },
        {
          "name": "leg_left2",
          "parent": "leg_left",
          "pivot": [6, 11, 3],
          "cubes": [
            {
              "origin": [5, 1, -1],
              "size": [2, 11, 2],
              "pivot": [-3, 0, 0],
              "rotation": [-15, 0, 0],
              "uv": [14, 91],
              "mirror": true
            }
          ]
        },
        {
          "name": "foot_left",
          "parent": "leg_left2",
          "pivot": [6, 2, 1],
          "cubes": [
            {
              "origin": [3.5, 0, -3],
              "size": [5, 2, 6],
              "inflate": 0.01,
              "uv": [46, 20]
            }
          ]
        },
        {
          "name": "toe_inner_left",
          "parent": "foot_left",
          "pivot": [4, 1, -2],
          "cubes": [
            {
              "origin": [3.75, 0, -6],
              "size": [2, 2, 5],
              "pivot": [2, 0, 0],
              "rotation": [0, 15, 0],
              "uv": [0, 91]
            }
          ]
        },
        {
          "name": "claw_inner_left",
          "parent": "toe_inner_left",
          "pivot": [3, 1, -7],
          "cubes": [
            {
              "origin": [4.75, 0, -8],
              "size": [0, 2, 2],
              "pivot": [2, 0, 0],
              "rotation": [0, 15, 0],
              "uv": [14, 2]
            }
          ]
        },
        {
          "name": "toe_outer_left",
          "parent": "foot_left",
          "pivot": [8, 1, -2],
          "cubes": [
            {
              "origin": [6, 0, -8],
              "size": [2, 2, 5],
              "pivot": [2, 0, 0],
              "rotation": [0, -15, 0],
              "uv": [90, 89]
            }
          ]
        },
        {
          "name": "claw_outer_left",
          "parent": "toe_outer_left",
          "pivot": [9, 1, -6],
          "cubes": [
            {
              "origin": [7, 0, -10],
              "size": [0, 2, 2],
              "pivot": [2, 0, 0],
              "rotation": [0, -15, 0],
              "uv": [14, 0]
            }
          ]
        },
        {
          "name": "toe_middle_left",
          "parent": "foot_left",
          "pivot": [6, 1, -4],
          "cubes": [{ "origin": [5, 0, -8], "size": [2, 2, 5], "uv": [81, 87] }]
        },
        {
          "name": "claw_middle_left",
          "parent": "toe_middle_left",
          "pivot": [6, 1, -8],
          "cubes": [{ "origin": [6, 0, -10], "size": [0, 2, 2], "uv": [2, 4] }]
        },
        {
          "name": "toe_back_left",
          "parent": "foot_left",
          "pivot": [6, 1, 3],
          "cubes": [{ "origin": [5, 0, 3], "size": [2, 2, 5], "uv": [0, 28] }]
        },
        {
          "name": "claw_back_left",
          "parent": "toe_back_left",
          "pivot": [6, 1, 8],
          "cubes": [{ "origin": [6, 0, 8], "size": [0, 2, 2], "uv": [2, 4] }]
        },
        {
          "name": "leg_right",
          "parent": "body",
          "pivot": [-5, 14, 2],
          "cubes": [
            {
              "origin": [-8.5, 9, 2],
              "size": [5, 8, 6],
              "pivot": [3, 0, 0],
              "rotation": [15, 0, 0],
              "uv": [84, 49]
            }
          ]
        },
        {
          "name": "leg_right2",
          "parent": "leg_right",
          "pivot": [-6, 11, 3],
          "cubes": [
            {
              "origin": [-7, 1, -1],
              "size": [2, 11, 2],
              "pivot": [3, 0, 0],
              "rotation": [-15, 0, 0],
              "uv": [14, 91]
            }
          ]
        },
        {
          "name": "foot_right",
          "parent": "leg_right2",
          "pivot": [-6, 2, 1],
          "cubes": [
            {
              "origin": [-8.5, 0, -3],
              "size": [5, 2, 6],
              "inflate": 0.01,
              "uv": [46, 20]
            }
          ]
        },
        {
          "name": "toe_inner_right",
          "parent": "foot_right",
          "pivot": [-4, 1, -2],
          "cubes": [
            {
              "origin": [-5.75, 0, -6],
              "size": [2, 2, 5],
              "pivot": [-2, 0, 0],
              "rotation": [0, -15, 0],
              "uv": [0, 91]
            }
          ]
        },
        {
          "name": "claw_inner_right",
          "parent": "toe_inner_right",
          "pivot": [-3, 1, -6],
          "cubes": [
            {
              "origin": [-4.75, 0, -8],
              "size": [0, 2, 2],
              "pivot": [-2, 0, 0],
              "rotation": [0, -15, 0],
              "uv": [14, 2]
            }
          ]
        },
        {
          "name": "toe_outer_right",
          "parent": "foot_right",
          "pivot": [-8, 1, -2],
          "cubes": [
            {
              "origin": [-8, 0, -8],
              "size": [2, 2, 5],
              "pivot": [-2, 0, 0],
              "rotation": [0, 15, 0],
              "uv": [90, 89]
            }
          ]
        },
        {
          "name": "claw_outer_right",
          "parent": "toe_outer_right",
          "pivot": [-9, 1, -6],
          "cubes": [
            {
              "origin": [-7, 0, -10],
              "size": [0, 2, 2],
              "pivot": [-2, 0, 0],
              "rotation": [0, 15, 0],
              "uv": [14, 0]
            }
          ]
        },
        {
          "name": "toe_middle_right",
          "parent": "foot_right",
          "pivot": [-6, 1, -4],
          "cubes": [
            { "origin": [-7, 0, -8], "size": [2, 2, 5], "uv": [81, 87] }
          ]
        },
        {
          "name": "claw_middle_right",
          "parent": "toe_middle_right",
          "pivot": [-6, 1, -8],
          "cubes": [{ "origin": [-6, 0, -10], "size": [0, 2, 2], "uv": [2, 4] }]
        },
        {
          "name": "toe_back_right",
          "parent": "foot_right",
          "pivot": [-6, 1, 3],
          "cubes": [{ "origin": [-7, 0, 3], "size": [2, 2, 5], "uv": [0, 28] }]
        },
        {
          "name": "claw_back_right",
          "parent": "toe_back_right",
          "pivot": [-6, 1, 8],
          "cubes": [{ "origin": [-6, 0, 8], "size": [0, 2, 2], "uv": [0, 4] }]
        },
        {
          "name": "torso",
          "parent": "body",
          "pivot": [0, 12, 0],
          "cubes": [
            {
              "origin": [-5.5, 10, 8.5],
              "size": [11, 10, 11],
              "pivot": [0, 0, 0],
              "rotation": [60, 0, 0],
              "uv": [40, 29]
            },
            {
              "origin": [-5, -2.5, 11],
              "size": [10, 10, 10],
              "pivot": [0, 0, 0],
              "rotation": [75, 0, 0],
              "uv": [46, 0]
            }
          ]
        },
        {
          "name": "neck",
          "parent": "torso",
          "pivot": [0, 23, -10],
          "cubes": [
            {
              "origin": [-4, 20.07969, -14.19239],
              "size": [8, 10, 9],
              "pivot": [0, 22, -9],
              "rotation": [45, 0, 0],
              "uv": [0, 72]
            }
          ]
        },
        {
          "name": "head",
          "parent": "neck",
          "pivot": [0, 26, -13],
          "cubes": [
            { "origin": [-4.5, 23, -21], "size": [9, 9, 9], "uv": [71, 69] },
            {
              "origin": [13.75, 23.3, -21],
              "size": [4, 1, 0],
              "inflate": 0.03,
              "pivot": [0, 0, 0],
              "rotation": [0, 0, -30],
              "uv": [6, 46]
            },
            {
              "origin": [-18, 23.3, -21],
              "size": [4, 1, 0],
              "inflate": 0.03,
              "pivot": [0, 0, 0],
              "rotation": [0, 0, 30],
              "uv": [6, 46],
              "mirror": true
            },
            {
              "origin": [-4, 26.5, -21],
              "size": [3, 2, 3],
              "inflate": 0.015,
              "uv": [30, 92]
            },
            {
              "origin": [1.5, 26.35, -21],
              "size": [1, 1, 0],
              "inflate": 0.02,
              "uv": [8, 7]
            },
            {
              "origin": [-2.5, 26.3, -21],
              "size": [1, 1, 0],
              "inflate": 0.02,
              "uv": [8, 7],
              "mirror": true
            },
            {
              "origin": [1, 26.5, -21],
              "size": [3, 2, 3],
              "inflate": 0.015,
              "uv": [25, 72]
            },
            {
              "origin": [-12.5, 22, -17.25],
              "size": [10, 11, 0],
              "pivot": [0, 0, 0],
              "rotation": [0, -45, 0],
              "uv": [0, 10]
            },
            {
              "origin": [2.5, 22, -17.25],
              "size": [10, 11, 0],
              "pivot": [0, 0, 0],
              "rotation": [0, 45, 0],
              "uv": [0, 10],
              "mirror": true
            },
            {
              "origin": [-26.5, 11, -13],
              "size": [11, 6, 0],
              "pivot": [0, 0, 0],
              "rotation": [0, -15, 60],
              "uv": [84, 63],
              "mirror": true
            },
            {
              "origin": [20.5, 11, -25],
              "size": [11, 6, 0],
              "pivot": [0, 0, 0],
              "rotation": [0, -15, -60],
              "uv": [84, 63],
              "mirror": true
            },
            {
              "origin": [-31.5, 11, -25],
              "size": [11, 6, 0],
              "pivot": [0, 0, 0],
              "rotation": [0, 15, 60],
              "uv": [84, 63]
            },
            {
              "origin": [15.5, 11, -13],
              "size": [11, 6, 0],
              "pivot": [0, 0, 0],
              "rotation": [0, 15, -60],
              "uv": [84, 63]
            },
            {
              "origin": [-17.6, 23, -21],
              "size": [4, 1, 0],
              "inflate": 0.025,
              "pivot": [0, 0, 0],
              "rotation": [0, 0, 30],
              "uv": [9, 24],
              "mirror": true
            },
            {
              "origin": [13.6, 23, -21],
              "size": [4, 1, 0],
              "inflate": 0.025,
              "pivot": [0, 0, 0],
              "rotation": [0, 0, -30],
              "uv": [9, 24]
            }
          ]
        },
        {
          "name": "beak",
          "parent": "head",
          "pivot": [0, -1, 0],
          "cubes": [
            { "origin": [-1.5, 24, -29], "size": [3, 2, 9], "uv": [53, 82] },
            {
              "origin": [-1, 32.89, -8.5],
              "size": [2, 2, 5],
              "inflate": -0.01,
              "pivot": [0, -1, 0],
              "rotation": [30, 0, 0],
              "uv": [0, 21]
            },
            { "origin": [-1, 24, -35], "size": [2, 1, 6], "uv": [71, 90] },
            { "origin": [0, 24, -36], "size": [0, 1, 1], "uv": [76, 95] }
          ]
        },
        {
          "name": "jaw",
          "parent": "beak",
          "pivot": [0, 24, -21],
          "cubes": [
            { "origin": [-1, 23.99, -29], "size": [2, 0, 10], "uv": [0, 0] }
          ]
        },
        {
          "name": "wing_open_left",
          "parent": "torso",
          "pivot": [5, 23, -6],
          "cubes": [
            {
              "origin": [3.5, 0, 20.5],
              "size": [12, 11, 2],
              "pivot": [0, 0, 0],
              "rotation": [90, 0, 0],
              "uv": [34, 78]
            },
            {
              "origin": [-5.5, 6, 21.51],
              "size": [22, 14, 0],
              "pivot": [0, 0, 0],
              "rotation": [0, -90, 90],
              "uv": [40, 50]
            }
          ]
        },
        {
          "name": "wing_open_left2",
          "parent": "wing_open_left",
          "pivot": [15, 22, -5],
          "cubes": [
            {
              "origin": [15.5, 0, 21],
              "size": [12, 11, 1],
              "pivot": [0, 0, 0],
              "rotation": [90, 0, 0],
              "uv": [84, 37]
            }
          ]
        },
        {
          "name": "bone55",
          "parent": "wing_open_left2",
          "pivot": [0, 0, 0],
          "cubes": [
            {
              "origin": [2.5, 13, 21.5],
              "size": [22, 14, 0],
              "pivot": [0, 0, 0],
              "rotation": [90, -67.5, 0],
              "uv": [40, 50]
            }
          ]
        },
        {
          "name": "bone56",
          "parent": "wing_open_left2",
          "pivot": [0, 0, 0]
        },
        {
          "name": "wing_open_left3",
          "parent": "wing_open_left2",
          "pivot": [27, 21, -5],
          "cubes": [
            {
              "origin": [27.5, 5, 21.5],
              "size": [12, 11, 0],
              "pivot": [0, 0, 0],
              "rotation": [90, 0, 0],
              "uv": [86, 0]
            },
            {
              "origin": [20.5, 2, 21.51],
              "size": [22, 14, 0],
              "pivot": [0, 0, 0],
              "rotation": [90, -10, 0],
              "uv": [40, 50]
            }
          ]
        },
        {
          "name": "bone58",
          "parent": "wing_open_left2",
          "pivot": [0, 0, 0]
        },
        {
          "name": "wing_open_left_top",
          "parent": "wing_open_left",
          "pivot": [5, 23, -6],
          "rotation": [0, 0, -5],
          "cubes": [
            {
              "origin": [4.52206, -5.30239, 21.5],
              "size": [12, 16, 1],
              "pivot": [-3.97794, 0.69761, 0],
              "rotation": [90, 0, 0],
              "uv": [102, 20]
            },
            {
              "origin": [-3.47794, 13.69761, 22],
              "size": [20, 14, 0],
              "pivot": [-3.97794, 0.69761, 0],
              "rotation": [90, -80, 0],
              "uv": [30, 97],
              "mirror": true
            }
          ]
        },
        {
          "name": "wing_open_left_top2",
          "parent": "wing_open_left_top",
          "pivot": [17.02206, 22.69761, -4],
          "cubes": [
            {
              "origin": [16.52206, -5.30239, 21.5],
              "size": [12, 16, 1],
              "pivot": [-3.97794, 0.69761, 0],
              "rotation": [90, 0, 0],
              "uv": [73, 20],
              "mirror": true
            },
            {
              "origin": [10.52206, 13.69761, 22],
              "size": [20, 14, 0],
              "pivot": [-3.97794, 0.69761, 0],
              "rotation": [90, -45, 0],
              "uv": [30, 97],
              "mirror": true
            },
            {
              "origin": [18.52206, 5.69761, 22],
              "size": [20, 14, 0],
              "pivot": [-3.97794, 0.69761, 0],
              "rotation": [90, -10, 0],
              "uv": [40, 64],
              "mirror": true
            }
          ]
        },
        {
          "name": "wing_open_right",
          "parent": "torso",
          "pivot": [-5, 23, -6],
          "cubes": [
            {
              "origin": [-15.5, 0, 20.5],
              "size": [12, 11, 2],
              "pivot": [0, 0, 0],
              "rotation": [90, 0, 0],
              "uv": [34, 78],
              "mirror": true
            },
            {
              "origin": [-16.5, 6, 21.51],
              "size": [22, 14, 0],
              "pivot": [0, 0, 0],
              "rotation": [0, 90, -90],
              "uv": [40, 50],
              "mirror": true
            }
          ]
        },
        {
          "name": "wing_open_right2",
          "parent": "wing_open_right",
          "pivot": [-15, 22, -5],
          "cubes": [
            {
              "origin": [-27.5, 0, 21],
              "size": [12, 11, 1],
              "pivot": [0, 0, 0],
              "rotation": [90, 0, 0],
              "uv": [84, 37],
              "mirror": true
            }
          ]
        },
        {
          "name": "bone4",
          "parent": "wing_open_right2",
          "pivot": [0, 0, 0],
          "cubes": [
            {
              "origin": [-24.5, 13, 21.5],
              "size": [22, 14, 0],
              "pivot": [0, 0, 0],
              "rotation": [90, 67.5, 0],
              "uv": [40, 50],
              "mirror": true
            }
          ]
        },
        {
          "name": "bone5",
          "parent": "wing_open_right2",
          "pivot": [0, 0, 0]
        },
        {
          "name": "wing_open_right3",
          "parent": "wing_open_right2",
          "pivot": [-27, 21, -5],
          "cubes": [
            {
              "origin": [-39.5, 5, 21.5],
              "size": [12, 11, 0],
              "pivot": [0, 0, 0],
              "rotation": [90, 0, 0],
              "uv": [86, 0],
              "mirror": true
            },
            {
              "origin": [-38.5, 2, 21.51],
              "size": [18, 14, 0],
              "pivot": [0, 0, 0],
              "rotation": [90, 10, 0],
              "uv": [44, 50],
              "mirror": true
            }
          ]
        },
        {
          "name": "bone6",
          "parent": "wing_open_right2",
          "pivot": [0, 0, 0]
        },
        {
          "name": "wing_open_right_top",
          "parent": "wing_open_right",
          "pivot": [-5, 23, -6],
          "rotation": [0, 0, 5],
          "cubes": [
            {
              "origin": [-16.52206, 13.69761, 22],
              "size": [20, 14, 0],
              "pivot": [3.97794, 0.69761, 0],
              "rotation": [90, 80, 0],
              "uv": [30, 97]
            },
            {
              "origin": [-16.52206, -5.30239, 21.5],
              "size": [12, 16, 1],
              "pivot": [3.97794, 0.69761, 0],
              "rotation": [90, 0, 0],
              "uv": [102, 20],
              "mirror": true
            }
          ]
        },
        {
          "name": "wing_open_right_top2",
          "parent": "wing_open_right_top",
          "pivot": [-17.02206, 22.69761, -2],
          "cubes": [
            {
              "origin": [-28.52206, -5.30239, 21.5],
              "size": [12, 16, 1],
              "pivot": [3.97794, 0.69761, 0],
              "rotation": [90, 0, 0],
              "uv": [73, 20]
            },
            {
              "origin": [-30.52206, 13.69761, 22],
              "size": [20, 14, 0],
              "pivot": [3.97794, 0.69761, 0],
              "rotation": [90, 45, 0],
              "uv": [30, 97]
            },
            {
              "origin": [-38.52206, 5.69761, 22],
              "size": [20, 14, 0],
              "pivot": [3.97794, 0.69761, 0],
              "rotation": [90, 10, 0],
              "uv": [40, 64]
            }
          ]
        },
        {
          "name": "wing_closed_right",
          "parent": "torso",
          "pivot": [-5, 21, -9],
          "rotation": [15, 0, -90],
          "cubes": [
            {
              "origin": [-13.5, 1.21461, 19.65711],
              "size": [12, 11, 2],
              "pivot": [2, 1.21461, -0.84289],
              "rotation": [90, 0, 0],
              "uv": [34, 78],
              "mirror": true
            }
          ]
        },
        {
          "name": "bone40",
          "parent": "wing_closed_right",
          "pivot": [-10, 2.21461, -19.84289],
          "rotation": [0, 90, 5],
          "cubes": [
            {
              "origin": [-28.5, -3.78539, 1.65711],
              "size": [10, 11, 1],
              "pivot": [-10, 2.21461, -19.84289],
              "rotation": [90, 0, 0],
              "uv": [73, 20]
            }
          ]
        },
        {
          "name": "bone",
          "parent": "bone40",
          "pivot": [-10, 2.21461, -19.84289]
        },
        {
          "name": "bone41",
          "parent": "bone",
          "pivot": [-10, 2.21461, -19.84289],
          "cubes": [
            {
              "origin": [-39.5, -2.78539, 1.65711],
              "size": [11, 9, 1],
              "pivot": [-10, 2.21461, -19.84289],
              "rotation": [90, 0, 0],
              "uv": [73, 20]
            }
          ]
        },
        {
          "name": "wing_closed_right2",
          "parent": "wing_closed_right",
          "pivot": [-7, 23.21461, -0.84289],
          "rotation": [0, 90, 0],
          "cubes": [
            {
              "origin": [-18.5, 1.21461, 25.15711],
              "size": [12, 11, 1],
              "pivot": [9, 1.21461, 4.15711],
              "rotation": [90, 0, 0],
              "uv": [84, 37],
              "mirror": true
            }
          ]
        },
        {
          "name": "wing_closed_right3",
          "parent": "wing_closed_right2",
          "pivot": [9, 1.21461, 4.15711],
          "cubes": [
            {
              "origin": [-28.5, 6.21461, 25.65711],
              "size": [15, 10, 0],
              "pivot": [9, 1.21461, 4.15711],
              "rotation": [90, 10, 0],
              "uv": [98, 64],
              "mirror": true
            },
            {
              "origin": [-26.5, 8.21461, 26.15711],
              "size": [15, 6, 0],
              "pivot": [9, 1.21461, 4.15711],
              "rotation": [90, 10, 0],
              "uv": [0, 104],
              "mirror": true
            }
          ]
        },
        {
          "name": "wing_closed_left",
          "parent": "torso",
          "pivot": [5, 21, -9],
          "rotation": [15, 0, 90],
          "cubes": [
            {
              "origin": [1.5, 1.21461, 19.65711],
              "size": [12, 11, 2],
              "pivot": [-2, 1.21461, -0.84289],
              "rotation": [90, 0, 0],
              "uv": [34, 78]
            }
          ]
        },
        {
          "name": "bone11",
          "parent": "wing_closed_left",
          "pivot": [10, 2.21461, -19.84289],
          "rotation": [0, -90, -5],
          "cubes": [
            {
              "origin": [18.5, -3.78539, 1.65711],
              "size": [10, 11, 1],
              "pivot": [10, 2.21461, -19.84289],
              "rotation": [90, 0, 0],
              "uv": [73, 20],
              "mirror": true
            }
          ]
        },
        {
          "name": "bone12",
          "parent": "bone11",
          "pivot": [10, 2.21461, -19.84289]
        },
        {
          "name": "bone13",
          "parent": "bone12",
          "pivot": [10, 2.21461, -19.84289],
          "cubes": [
            {
              "origin": [28.5, -2.78539, 1.65711],
              "size": [11, 9, 1],
              "pivot": [10, 2.21461, -19.84289],
              "rotation": [90, 0, 0],
              "uv": [73, 20],
              "mirror": true
            }
          ]
        },
        {
          "name": "wing_closed_left2",
          "parent": "wing_closed_left",
          "pivot": [7, 23.21461, -0.84289],
          "rotation": [0, -90, 0],
          "cubes": [
            {
              "origin": [6.5, 1.21461, 25.15711],
              "size": [12, 11, 1],
              "pivot": [-9, 1.21461, 4.15711],
              "rotation": [90, 0, 0],
              "uv": [84, 37]
            }
          ]
        },
        {
          "name": "wing_closed_left3",
          "parent": "wing_closed_left2",
          "pivot": [-9, 1.21461, 4.15711],
          "cubes": [
            {
              "origin": [13.5, 6.21461, 25.65711],
              "size": [15, 10, 0],
              "pivot": [-9, 1.21461, 4.15711],
              "rotation": [90, -10, 0],
              "uv": [98, 64]
            },
            {
              "origin": [11.5, 8.21461, 26.15711],
              "size": [15, 6, 0],
              "pivot": [-9, 1.21461, 4.15711],
              "rotation": [90, -10, 0],
              "uv": [0, 104]
            }
          ]
        },
        {
          "name": "tail",
          "parent": "torso",
          "pivot": [0, 3, -6],
          "rotation": [-15, 0, 0]
        },
        {
          "name": "bone10",
          "parent": "tail",
          "pivot": [-1, 40, -8],
          "cubes": [
            {
              "origin": [25.18909, -5.12148, -6.30407],
              "size": [5, 0, 18],
              "pivot": [0, -5, -6],
              "rotation": [-12.97997, -18.49629, -77.71235],
              "uv": [62, 106]
            },
            {
              "origin": [-11.81212, 8.30399, 5.61979],
              "size": [5, 0, 18],
              "pivot": [0, 3, -6],
              "rotation": [12.97997, -18.49629, 77.71235],
              "uv": [96, 90]
            },
            {
              "origin": [-7.52138, 11.08328, 7.38944],
              "size": [5, 0, 18],
              "pivot": [0, 3, -6],
              "rotation": [25.47225, -18.72983, 46.93913],
              "uv": [96, 90]
            },
            {
              "origin": [-5.79399, 14.55211, 6.38944],
              "size": [5, 0, 20],
              "pivot": [0, 3, -6],
              "rotation": [31.20104, -1.68576, 15.73789],
              "uv": [94, 90]
            },
            {
              "origin": [0.79399, 14.55211, 6.38944],
              "size": [5, 0, 20],
              "pivot": [0, 3, -6],
              "rotation": [31.20104, 1.68576, -15.73789],
              "uv": [94, 90],
              "mirror": true
            },
            {
              "origin": [2.52138, 11.08328, 7.38944],
              "size": [5, 0, 18],
              "pivot": [0, 3, -6],
              "rotation": [25.47225, 18.72983, -46.93913],
              "uv": [96, 90],
              "mirror": true
            },
            {
              "origin": [6.81212, 8.30399, 5.61979],
              "size": [5, 0, 18],
              "pivot": [0, 3, -6],
              "rotation": [12.97997, 18.49629, -77.71235],
              "uv": [96, 90],
              "mirror": true
            },
            {
              "origin": [-30.18909, -5.12148, -7.30407],
              "size": [5, 0, 18],
              "pivot": [0, -5, -6],
              "rotation": [-12.97997, 18.49629, 77.71235],
              "uv": [62, 107]
            }
          ]
        },
        {
          "name": "bone2",
          "parent": "bone10",
          "pivot": [-1, 40, -8],
          "cubes": [
            {
              "origin": [-8.40288, 23.5868, 8.38889],
              "size": [5, 0, 20],
              "pivot": [-1, 40, -8],
              "rotation": [-31.20104, -1.68576, -15.73789],
              "uv": [94, 90],
              "mirror": true
            },
            {
              "origin": [3.40288, 23.5868, 8.38889],
              "size": [5, 0, 20],
              "pivot": [1, 40, -8],
              "rotation": [-31.20104, 1.68576, 15.73789],
              "uv": [94, 90]
            }
          ]
        },
        {
          "name": "bone7",
          "parent": "bone10",
          "pivot": [0, 39, -6],
          "cubes": [
            {
              "origin": [-11.62751, 27.85758, 10.38889],
              "size": [5, 0, 18],
              "pivot": [0, 39, -6],
              "rotation": [-25.47225, -18.72983, -46.93913],
              "uv": [96, 89],
              "mirror": true
            },
            {
              "origin": [6.62751, 27.85758, 10.38889],
              "size": [5, 0, 18],
              "pivot": [0, 39, -6],
              "rotation": [-25.47225, 18.72983, 46.93913],
              "uv": [96, 90]
            }
          ]
        },
        {
          "name": "bone8",
          "parent": "tail",
          "pivot": [-1, 36, -10],
          "cubes": [
            {
              "origin": [-11.1998, 7.82309, 4.50959],
              "size": [5, 0, 20],
              "pivot": [0, 3, -6],
              "rotation": [17.56417, -23.52981, 75.69212],
              "uv": [78, 102]
            },
            {
              "origin": [6.1998, 7.82309, 4.50959],
              "size": [5, 0, 20],
              "pivot": [0, 3, -6],
              "rotation": [17.56417, 23.52981, -75.69212],
              "uv": [78, 102],
              "mirror": true
            },
            {
              "origin": [-2.5, 15.85342, 5.36866],
              "size": [5, 0, 20],
              "pivot": [0, 3, -6],
              "rotation": [30, 0, 0],
              "uv": [78, 102]
            },
            {
              "origin": [-2.5, 15.00736, -12.66421],
              "size": [5, 0, 20],
              "pivot": [0, -3, -6],
              "rotation": [-30, 0, 0],
              "uv": [78, 102]
            },
            {
              "origin": [-13.53864, 4.88397, 1.8942],
              "size": [5, 0, 20],
              "pivot": [0, 3, -6],
              "rotation": [13.44732, -15.45352, 93.98527],
              "uv": [78, 102]
            },
            {
              "origin": [8.53864, 4.88397, 1.8942],
              "size": [5, 0, 20],
              "pivot": [0, 3, -6],
              "rotation": [13.44732, 15.45352, -93.98527],
              "uv": [78, 102],
              "mirror": true
            },
            {
              "origin": [1.6168, 13.79672, 4.38944],
              "size": [5, 0, 20],
              "pivot": [0, 3, -6],
              "rotation": [29.56488, 10.58927, -30.90686],
              "uv": [78, 102],
              "mirror": true
            },
            {
              "origin": [-6.6168, 13.79672, 5.38944],
              "size": [5, 0, 20],
              "pivot": [0, 3, -6],
              "rotation": [29.56488, -10.58927, 30.90686],
              "uv": [78, 102]
            }
          ]
        },
        {
          "name": "bone3",
          "parent": "bone8",
          "pivot": [-1, 36, -10],
          "rotation": [10, 0, 0],
          "cubes": [
            {
              "origin": [-10.38221, 20.26386, 3.67537],
              "size": [5, 0, 20],
              "pivot": [-1, 36, -10],
              "rotation": [-29.56488, -10.58927, -30.90686],
              "uv": [78, 102]
            },
            {
              "origin": [5.38221, 20.26386, 3.67537],
              "size": [5, 0, 20],
              "pivot": [1, 36, -10],
              "rotation": [-29.56488, 10.58927, 30.90686],
              "uv": [78, 102],
              "mirror": true
            }
          ]
        },
        {
          "name": "bone9",
          "parent": "bone8",
          "pivot": [0, 36, -11],
          "rotation": [10, 0, 0],
          "cubes": [
            {
              "origin": [-16.10102, 30.91743, 3.45721],
              "size": [5, 0, 20],
              "pivot": [0, 36, -11],
              "rotation": [-17.56417, -23.52981, -75.69212],
              "uv": [78, 102]
            },
            {
              "origin": [11.10102, 30.91743, 2.45721],
              "size": [5, 0, 20],
              "pivot": [0, 36, -11],
              "rotation": [-17.56417, 23.52981, 75.69212],
              "uv": [78, 102],
              "mirror": true
            }
          ]
        }
      ]
    }
  ]
}
