{
  "format_version": "1.12.0",
  "minecraft:geometry": [
    {
      "description": {
        "identifier": "geometry.unknown",
        "texture_width": 64,
        "texture_height": 64,
        "visible_bounds_width": 4,
        "visible_bounds_height": 3.5,
        "visible_bounds_offset": [0, 1.25, 0]
      },
      "bones": [
        {
          "name": "jirachi",
          "pivot": [0, -1, 0]
        },
        {
          "name": "torso",
          "parent": "jirachi",
          "pivot": [0, -1, 0],
          "cubes": [
            { "origin": [-3, 2, -1], "size": [6, 6, 3], "uv": [28, 22] }
          ]
        },
        {
          "name": "head",
          "parent": "torso",
          "pivot": [0, 8, 0],
          "cubes": [
            { "origin": [-4.5, 8, -2.5], "size": [9, 7, 4], "uv": [0, 22] },
            { "origin": [-5, 8, 0.75], "size": [10, 8, 4], "uv": [0, 33] },
            {
              "origin": [-4, 14, -7],
              "size": [8, 5, 8],
              "pivot": [0, -1, 0],
              "rotation": [-12.5, 0, 0],
              "uv": [32, 0]
            },
            {
              "origin": [7.75, -1.38114, -3.28111],
              "size": [8, 5, 8],
              "pivot": [-3.0762, -1.63114, -0.03111],
              "rotation": [-12.5, 0, -90],
              "uv": [0, 0]
            },
            {
              "origin": [9, 3.61886, -2.2811],
              "size": [6, 3, 6],
              "pivot": [-3.0762, -1.63114, -0.03111],
              "rotation": [-12.5, 0, -90],
              "uv": [0, 13]
            },
            {
              "origin": [-15, 3.61886, -2.2811],
              "size": [6, 3, 6],
              "pivot": [3.0762, -1.63114, -0.03111],
              "rotation": [-12.5, 0, 90],
              "uv": [0, 13],
              "mirror": true
            },
            {
              "origin": [-15.75, -1.38114, -3.28111],
              "size": [8, 5, 8],
              "pivot": [3.0762, -1.63114, -0.03111],
              "rotation": [-12.5, 0, 90],
              "uv": [0, 0],
              "mirror": true
            },
            {
              "origin": [-3, 19, -6],
              "size": [6, 3, 6],
              "pivot": [0, -1, 0],
              "rotation": [-12.5, 0, 0],
              "uv": [24, 13]
            },
            {
              "origin": [-2, 13, -7],
              "size": [4, 1, 4],
              "pivot": [0, -1, 0],
              "rotation": [-12.5, 0, 0],
              "uv": [24, 0]
            }
          ]
        },
        {
          "name": "paper_top",
          "parent": "head",
          "pivot": [0, 21, -1],
          "cubes": [
            { "origin": [-1, 21, -6.25], "size": [2, 0, 5], "uv": [31, 0] }
          ]
        },
        {
          "name": "paper_left",
          "parent": "head",
          "pivot": [-10, 13.5, -0.5],
          "cubes": [
            {
              "origin": [12, 4, -7.2811],
              "size": [0, 2, 5],
              "pivot": [-3.0762, -1.63114, -0.03111],
              "rotation": [-12.5, 0, -90],
              "uv": [24, 1]
            }
          ]
        },
        {
          "name": "paper_right",
          "parent": "head",
          "pivot": [10, 13.5, -0.5],
          "cubes": [
            {
              "origin": [-12, 4, -7.2811],
              "size": [0, 2, 5],
              "pivot": [3.0762, -1.63114, -0.03111],
              "rotation": [-12.5, 0, 90],
              "uv": [24, 1]
            }
          ]
        },
        {
          "name": "left_ear",
          "parent": "head",
          "pivot": [-5, 15, -3],
          "cubes": [
            { "origin": [-6, 14, -9.75], "size": [2, 2, 7], "uv": [17, 24] }
          ]
        },
        {
          "name": "right_ear",
          "parent": "head",
          "pivot": [5, 15, -3],
          "cubes": [
            { "origin": [4, 14, -9.75], "size": [2, 2, 7], "uv": [17, 24] }
          ]
        },
        {
          "name": "left_eye",
          "parent": "head",
          "pivot": [0, -1, 0],
          "cubes": [
            { "origin": [-3.75, 10.5, -2.51], "size": [2, 3, 0], "uv": [0, 0] },
            { "origin": [-3.25, 9.5, -2.51], "size": [1, 1, 0], "uv": [4, 1] },
            { "origin": [-3, 12, -2.52], "size": [1, 1, 0], "uv": [4, 0] }
          ]
        },
        {
          "name": "right_eye",
          "parent": "head",
          "pivot": [0, -1, 0],
          "cubes": [
            { "origin": [1.75, 10.5, -2.51], "size": [2, 3, 0], "uv": [0, 0] },
            { "origin": [2.25, 9.5, -2.51], "size": [1, 1, 0], "uv": [4, 1] },
            { "origin": [2, 12, -2.52], "size": [1, 1, 0], "uv": [4, 0] }
          ]
        },
        {
          "name": "mouth",
          "parent": "head",
          "pivot": [0, -1, 0]
        },
        {
          "name": "open",
          "parent": "mouth",
          "pivot": [0, -1, 0],
          "cubes": [
            { "origin": [-1.5, 8.5, -2.51], "size": [3, 2, 0], "uv": [0, 3] }
          ]
        },
        {
          "name": "left_foot",
          "parent": "torso",
          "pivot": [-1.5, 2, 0.5],
          "cubes": [
            { "origin": [-2.5, 0, -0.5], "size": [2, 2, 2], "uv": [22, 15] }
          ]
        },
        {
          "name": "right_foot",
          "parent": "torso",
          "pivot": [1.5, 2, 0.5],
          "cubes": [
            { "origin": [0.5, 0, -0.5], "size": [2, 2, 2], "uv": [22, 15] }
          ]
        },
        {
          "name": "left_arm",
          "parent": "torso",
          "pivot": [-3, 7, 0.5],
          "cubes": [
            { "origin": [-8, 6, -0.5], "size": [5, 2, 2], "uv": [36, 15] },
            { "origin": [-7, 4, 0.5], "size": [4, 2, 0], "uv": [36, 13] }
          ]
        },
        {
          "name": "right_arm",
          "parent": "torso",
          "pivot": [3, 7, 0.5],
          "cubes": [
            {
              "origin": [3, 6, -0.5],
              "size": [5, 2, 2],
              "uv": [36, 15],
              "mirror": true
            },
            {
              "origin": [3, 4, 0.5],
              "size": [4, 2, 0],
              "uv": [36, 13],
              "mirror": true
            }
          ]
        },
        {
          "name": "tail_left",
          "parent": "torso",
          "pivot": [-1, 6, 2],
          "cubes": [{ "origin": [-1, 5, 2], "size": [0, 2, 4], "uv": [50, 9] }]
        },
        {
          "name": "tail_left2",
          "parent": "tail_left",
          "pivot": [-1, 7, 6],
          "cubes": [{ "origin": [-1, 4, 6], "size": [0, 3, 6], "uv": [50, 9] }]
        },
        {
          "name": "tail_left3",
          "parent": "tail_left2",
          "pivot": [-1, 7, 12],
          "cubes": [
            { "origin": [-1, 3, 12], "size": [0, 4, 7], "uv": [50, 11] }
          ]
        },
        {
          "name": "tail_right",
          "parent": "torso",
          "pivot": [1, 6, 2],
          "cubes": [{ "origin": [1, 5, 2], "size": [0, 2, 4], "uv": [50, 9] }]
        },
        {
          "name": "tail_right2",
          "parent": "tail_right",
          "pivot": [1, 7, 6],
          "cubes": [{ "origin": [1, 4, 6], "size": [0, 3, 6], "uv": [50, 9] }]
        },
        {
          "name": "tail_right3",
          "parent": "tail_right2",
          "pivot": [1, 7, 12],
          "cubes": [{ "origin": [1, 3, 12], "size": [0, 4, 7], "uv": [50, 11] }]
        }
      ]
    }
  ]
}
