{
  "format_version": "1.12.0",
  "minecraft:geometry": [
    {
      "description": {
        "identifier": "geometry.minior",
        "texture_width": 64,
        "texture_height": 64,
        "visible_bounds_width": 2,
        "visible_bounds_height": 2.5,
        "visible_bounds_offset": [0, 0.75, 0]
      },
      "bones": [
        {
          "name": "minior",
          "pivot": [0, 0, 0]
        },
        {
          "name": "body",
          "parent": "minior",
          "pivot": [0, 0, 0]
        },
        {
          "name": "core",
          "parent": "body",
          "pivot": [0, 0, 0]
        },
        {
          "name": "torso",
          "parent": "core",
          "pivot": [0, 5.5, 0],
          "cubes": [
            { "origin": [-3.5, 2, -3.5], "size": [7, 7, 7], "uv": [26, 10] }
          ]
        },
        {
          "name": "legs",
          "parent": "torso",
          "pivot": [0, 0, -2.5],
          "cubes": [
            {
              "origin": [2, 0, -1],
              "size": [2, 3, 2],
              "pivot": [3, 1.75, 0],
              "rotation": [0, 0, -30],
              "uv": [0, 40]
            },
            {
              "origin": [-4, 0, -1],
              "size": [2, 3, 2],
              "pivot": [-3, 1.75, 0],
              "rotation": [0, 0, 30],
              "uv": [9, 40]
            },
            {
              "origin": [3.5, 5.25, -1],
              "size": [2, 3, 2],
              "pivot": [4.5, 6.75, 0],
              "rotation": [0, 0, 75],
              "uv": [26, 37]
            },
            {
              "origin": [-5.75, 5.25, -1],
              "size": [2, 3, 2],
              "pivot": [-4.75, 6.75, 0],
              "rotation": [0, 0, -75],
              "uv": [36, 4]
            },
            { "origin": [-1, 8.75, -1], "size": [2, 3, 2], "uv": [35, 37] }
          ]
        },
        {
          "name": "eyes",
          "parent": "core",
          "pivot": [0, 0, 0]
        },
        {
          "name": "eye_right",
          "parent": "eyes",
          "pivot": [-2.5, 5.775, -3.5],
          "rotation": [0, 0, 20],
          "cubes": [
            {
              "origin": [-2.66449, 4.66508, -3.7],
              "size": [2, 2, 1],
              "uv": [0, 4]
            },
            {
              "origin": [-3.66449, 6.66508, -3.7],
              "size": [3, 1, 0],
              "uv": [0, 21]
            },
            {
              "origin": [-4.16449, 3.66508, -3.7],
              "size": [1, 4, 0],
              "uv": [21, 40]
            },
            {
              "origin": [-4.16449, 3.16508, -3.7],
              "size": [4, 1, 0],
              "uv": [35, 0]
            }
          ]
        },
        {
          "name": "eye_left",
          "parent": "eyes",
          "pivot": [2.5, 5.375, -3.5],
          "rotation": [0, 0, -160],
          "cubes": [
            {
              "origin": [2.16449, 4.73492, -3.7],
              "size": [2, 2, 1],
              "uv": [0, 0]
            },
            {
              "origin": [1.16449, 6.73492, -3.7],
              "size": [3, 1, 0],
              "uv": [0, 19]
            },
            {
              "origin": [0.66449, 3.73492, -3.7],
              "size": [1, 4, 0],
              "uv": [18, 40]
            },
            {
              "origin": [0.66449, 3.23492, -3.7],
              "size": [4, 1, 0],
              "uv": [25, 6]
            }
          ]
        },
        {
          "name": "mouth",
          "parent": "core",
          "pivot": [0, 3.75, -3.51],
          "cubes": [
            { "origin": [-1.5, 3.25, -3.51], "size": [3, 1, 0], "uv": [0, 17] }
          ]
        },
        {
          "name": "armor",
          "parent": "body",
          "pivot": [0, 5.5, 0],
          "cubes": [
            { "origin": [-4, 1.5, -4], "size": [8, 8, 8], "uv": [0, 17] },
            {
              "origin": [-4, 1.5, -4],
              "size": [8, 8, 8],
              "inflate": 0.1,
              "uv": [0, 0]
            }
          ]
        },
        {
          "name": "craters",
          "parent": "armor",
          "pivot": [0, 0, -2.5],
          "cubes": [
            {
              "origin": [1.5, 1, -1.5],
              "size": [3, 2, 3],
              "pivot": [3, 1.75, 0],
              "rotation": [0, 0, -30],
              "uv": [13, 34]
            },
            {
              "origin": [-4.5, 1, -1.5],
              "size": [3, 2, 3],
              "pivot": [-3, 1.75, 0],
              "rotation": [0, 0, 30],
              "uv": [0, 34]
            },
            {
              "origin": [3, 5.25, -1.5],
              "size": [3, 2, 3],
              "pivot": [4.5, 6.75, 0],
              "rotation": [0, 0, 75],
              "uv": [33, 25]
            },
            {
              "origin": [-6.25, 5.25, -1.5],
              "size": [3, 2, 3],
              "pivot": [-4.75, 6.75, 0],
              "rotation": [0, 0, -75],
              "uv": [30, 31]
            },
            { "origin": [-1.5, 8.75, -1.5], "size": [3, 2, 3], "uv": [25, 0] }
          ]
        },
        {
          "name": "eyes2",
          "parent": "armor",
          "pivot": [0, 0, -2.5],
          "cubes": [
            { "origin": [1, 4.75, -4.11], "size": [3, 3, 0], "uv": [26, 44] },
            { "origin": [-4, 4.75, -4.11], "size": [3, 3, 0], "uv": [35, 44] }
          ]
        },
        {
          "name": "details",
          "parent": "armor",
          "pivot": [0, 0, -2.5],
          "cubes": [
            { "origin": [2.75, 4.5, -4.12], "size": [1, 1, 0], "uv": [45, 46] },
            {
              "origin": [3.5, 7.5, -4.12],
              "size": [1, 1, 0],
              "pivot": [2.5, 8.125, -4.12],
              "rotation": [0, 0, 10],
              "uv": [45, 46]
            },
            {
              "origin": [-3.25, 7.75, -4.12],
              "size": [1, 1, 0],
              "pivot": [-2.75, 8.125, -4.12],
              "rotation": [0, 0, -5],
              "uv": [45, 46]
            },
            {
              "origin": [-4.75, 7.5, -4.12],
              "size": [1, 1, 0],
              "pivot": [-2.75, 8.125, -4.12],
              "rotation": [0, 0, -10],
              "uv": [45, 46]
            },
            {
              "origin": [-1.75108, 7.76237, -4.12],
              "size": [1, 1, 0],
              "pivot": [-1.25108, 8.26237, -4.12],
              "rotation": [0, 0, 5],
              "uv": [45, 46]
            },
            {
              "origin": [0.50108, 7.76237, -4.12],
              "size": [1, 1, 0],
              "pivot": [1.00108, 8.26237, -4.12],
              "rotation": [0, 0, -2.5],
              "uv": [45, 46]
            },
            {
              "origin": [2, 7.75, -4.12],
              "size": [1, 1, 0],
              "pivot": [2.5, 8.125, -4.12],
              "rotation": [0, 0, 5],
              "uv": [45, 46]
            }
          ]
        },
        {
          "name": "detail_top",
          "parent": "details",
          "pivot": [0, 0, -2.5],
          "cubes": [
            {
              "origin": [1, 9.5, -0.501],
              "size": [1, 1, 0],
              "pivot": [1.5, 10, -0.5],
              "rotation": [0, -90, 0],
              "uv": [47, 46]
            },
            {
              "origin": [-2, 9.5, 0.5],
              "size": [1, 1, 0],
              "pivot": [-1.5, 10, 0.5],
              "rotation": [0, -90, 0],
              "uv": [51, 46]
            },
            { "origin": [0, 9.5, 1.5], "size": [1, 1, 0], "uv": [49, 46] },
            { "origin": [-1, 9.5, -1.51], "size": [1, 1, 0], "uv": [45, 46] }
          ]
        },
        {
          "name": "detail_top_right",
          "parent": "details",
          "pivot": [4.25025, 6.675, -0.0025],
          "rotation": [0, 0, 75],
          "cubes": [
            {
              "origin": [5.25, 6.175, -0.501],
              "size": [1, 1, 0],
              "pivot": [5.75, 6.675, -0.5],
              "rotation": [0, -90, 0],
              "uv": [47, 46]
            },
            {
              "origin": [2.25, 6.175, 0.5],
              "size": [1, 1, 0],
              "pivot": [2.75, 6.675, 0.5],
              "rotation": [0, -90, 0],
              "uv": [51, 46]
            },
            { "origin": [4.25, 6.175, 1.5], "size": [1, 1, 0], "uv": [49, 46] },
            {
              "origin": [3.25, 6.175, -1.51],
              "size": [1, 1, 0],
              "uv": [45, 46]
            }
          ]
        },
        {
          "name": "detail_top_left",
          "parent": "details",
          "pivot": [-4.24975, 6.6, -0.0025],
          "rotation": [0, 0, -75],
          "cubes": [
            {
              "origin": [-3.25, 6.1, -0.501],
              "size": [1, 1, 0],
              "pivot": [-2.75, 6.6, -0.5],
              "rotation": [0, -90, 0],
              "uv": [47, 46]
            },
            {
              "origin": [-6.25, 6.1, 0.5],
              "size": [1, 1, 0],
              "pivot": [-5.75, 6.6, 0.5],
              "rotation": [0, -90, 0],
              "uv": [51, 46]
            },
            { "origin": [-4.25, 6.1, 1.5], "size": [1, 1, 0], "uv": [49, 46] },
            { "origin": [-5.25, 6.1, -1.51], "size": [1, 1, 0], "uv": [45, 46] }
          ]
        },
        {
          "name": "detail_right",
          "parent": "details",
          "pivot": [3.00025, 1.75, -0.0025],
          "rotation": [0, 0, -30],
          "cubes": [
            {
              "origin": [4, 1.25, -0.501],
              "size": [1, 1, 0],
              "pivot": [4.5, 1.75, -0.5],
              "rotation": [0, -90, 0],
              "uv": [47, 46]
            },
            {
              "origin": [1, 1.25, 0.5],
              "size": [1, 1, 0],
              "pivot": [1.5, 1.75, 0.5],
              "rotation": [0, -90, 0],
              "uv": [51, 46]
            },
            { "origin": [3, 1.25, 1.5], "size": [1, 1, 0], "uv": [49, 46] },
            { "origin": [2, 1.25, -1.51], "size": [1, 1, 0], "uv": [45, 46] }
          ]
        },
        {
          "name": "detail_left",
          "parent": "details",
          "pivot": [-2.99975, 1.75, -0.0025],
          "rotation": [0, 0, 30],
          "cubes": [
            {
              "origin": [-2, 1.25, -0.501],
              "size": [1, 1, 0],
              "pivot": [-1.5, 1.75, -0.5],
              "rotation": [0, -90, 0],
              "uv": [47, 46]
            },
            {
              "origin": [-5, 1.25, 0.5],
              "size": [1, 1, 0],
              "pivot": [-4.5, 1.75, 0.5],
              "rotation": [0, -90, 0],
              "uv": [51, 46]
            },
            { "origin": [-3, 1.25, 1.5], "size": [1, 1, 0], "uv": [49, 46] },
            { "origin": [-4, 1.25, -1.51], "size": [1, 1, 0], "uv": [45, 46] }
          ]
        }
      ]
    }
  ]
}
