{
  "format_version": "1.12.0",
  "minecraft:geometry": [
    {
      "description": {
        "identifier": "geometry.unknown",
        "texture_width": 128,
        "texture_height": 128,
        "visible_bounds_width": 3,
        "visible_bounds_height": 3.5,
        "visible_bounds_offset": [0, 1.25, 0]
      },
      "bones": [
        {
          "name": "marshadow",
          "pivot": [0, 0, 0]
        },
        {
          "name": "whole_body",
          "parent": "marshadow",
          "pivot": [0, 0, 0]
        },
        {
          "name": "left_leg",
          "parent": "whole_body",
          "pivot": [1.975, 6, 0],
          "cubes": [
            { "origin": [0.475, 2, -1.5], "size": [3, 4, 3], "uv": [56, 8] }
          ]
        },
        {
          "name": "left_leg_2",
          "parent": "left_leg",
          "pivot": [1.975, 2.075, -1.425],
          "cubes": [
            {
              "origin": [0.475, 0, -1.5],
              "size": [3, 2, 3],
              "inflate": 0.001,
              "uv": [25, 32]
            }
          ]
        },
        {
          "name": "right_shadow_4",
          "parent": "left_leg_2",
          "pivot": [2.475, 0.025, 1.5],
          "cubes": [
            { "origin": [0.475, 0.025, 1.5], "size": [3, 0, 3], "uv": [14, 44] }
          ]
        },
        {
          "name": "right_shadow_5",
          "parent": "right_shadow_4",
          "pivot": [2.475, 0.025, 4.5],
          "cubes": [
            { "origin": [0.475, 0.025, 4.5], "size": [3, 0, 3], "uv": [25, 3] }
          ]
        },
        {
          "name": "right_shadow_6",
          "parent": "right_shadow_5",
          "pivot": [2.475, 0.025, 7.5],
          "cubes": [
            { "origin": [0.475, 0.025, 7.5], "size": [3, 0, 3], "uv": [25, 0] }
          ]
        },
        {
          "name": "right_leg",
          "parent": "whole_body",
          "pivot": [-1.975, 6, 0],
          "cubes": [
            { "origin": [-3.475, 2, -1.5], "size": [3, 4, 3], "uv": [36, 56] }
          ]
        },
        {
          "name": "right_leg_2",
          "parent": "right_leg",
          "pivot": [-1.975, 2.075, -1.425],
          "cubes": [
            {
              "origin": [-3.475, 0, -1.5],
              "size": [3, 2, 3],
              "inflate": 0.001,
              "uv": [44, 17]
            }
          ]
        },
        {
          "name": "left_shadow_4",
          "parent": "right_leg_2",
          "pivot": [-2.475, 0.025, 1.5],
          "cubes": [
            { "origin": [-3.475, 0.025, 1.5], "size": [3, 0, 3], "uv": [47, 0] }
          ]
        },
        {
          "name": "left_shadow_5",
          "parent": "left_shadow_4",
          "pivot": [-2.475, 0.025, 4.5],
          "cubes": [
            {
              "origin": [-3.475, 0.025, 4.5],
              "size": [3, 0, 3],
              "uv": [45, 44]
            }
          ]
        },
        {
          "name": "left_shadow_6",
          "parent": "left_shadow_5",
          "pivot": [-2.475, 0.025, 7.5],
          "cubes": [
            {
              "origin": [-3.475, 0.025, 7.5],
              "size": [3, 0, 3],
              "uv": [20, 44]
            }
          ]
        },
        {
          "name": "body_shake",
          "parent": "whole_body",
          "pivot": [0, 3.83333, 0]
        },
        {
          "name": "body",
          "parent": "body_shake",
          "pivot": [0, 3.83333, 0],
          "cubes": [
            { "origin": [-3.5, 4, -3], "size": [7, 4, 6], "uv": [32, 32] },
            { "origin": [-3, 8, -2.5], "size": [6, 4, 5], "uv": [0, 44] },
            { "origin": [-3, 3, -2.5], "size": [6, 2, 5], "uv": [33, 49] }
          ]
        },
        {
          "name": "arm_right",
          "parent": "body",
          "pivot": [-2.975, 10, 0],
          "cubes": [
            { "origin": [-5.5, 8, -1], "size": [3, 2, 2], "uv": [10, 62] }
          ]
        },
        {
          "name": "hand_right_1",
          "parent": "arm_right",
          "pivot": [-5.45, 10, 0],
          "cubes": [
            {
              "origin": [-7.475, 8, -1.5],
              "size": [2, 2, 3],
              "inflate": 0.025,
              "uv": [45, 61]
            }
          ]
        },
        {
          "name": "flamefist_right",
          "parent": "hand_right_1",
          "pivot": [-7.475, 9.7, 0],
          "cubes": [
            {
              "origin": [-8.475, 9.7, -1],
              "size": [2, 1, 2],
              "inflate": 0.025,
              "uv": [36, 63]
            }
          ]
        },
        {
          "name": "flamefist_alternate2",
          "parent": "hand_right_1",
          "pivot": [-7.475, 9.7, 0],
          "cubes": [
            {
              "origin": [-8.475, 9.7, -1],
              "size": [2, 1, 2],
              "inflate": 0.0251,
              "uv": [62, 38],
              "mirror": true
            }
          ]
        },
        {
          "name": "fire_effect3",
          "parent": "flamefist_alternate2",
          "pivot": [-6.475, 10.025, 0],
          "cubes": [
            {
              "origin": [-6.475, 10.025, -1],
              "size": [2, 0, 2],
              "uv": [0, 34],
              "mirror": true
            }
          ]
        },
        {
          "name": "fire_effect4",
          "parent": "fire_effect3",
          "pivot": [-4.475, 10.025, 0],
          "cubes": [
            {
              "origin": [-4.475, 10.025, -1],
              "size": [2, 0, 2],
              "uv": [32, 32],
              "mirror": true
            }
          ]
        },
        {
          "name": "hand_right_2",
          "parent": "hand_right_1",
          "pivot": [-7.55, 10.1, 0],
          "cubes": [
            {
              "origin": [-9.525, 8, -1.5],
              "size": [2, 2, 3],
              "inflate": 0.0251,
              "uv": [52, 32]
            }
          ]
        },
        {
          "name": "finger_right",
          "parent": "hand_right_2",
          "pivot": [-8.125, 8.5, -1.5],
          "rotation": [0, 45, 0],
          "cubes": [
            {
              "origin": [-8.625, 8.05, -2.5],
              "size": [1, 1, 2],
              "inflate": -0.05,
              "uv": [45, 56]
            }
          ]
        },
        {
          "name": "arm_left",
          "parent": "body",
          "pivot": [2.975, 10, 0],
          "cubes": [
            { "origin": [2.5, 8, -1], "size": [3, 2, 2], "uv": [20, 62] }
          ]
        },
        {
          "name": "hand_left_1",
          "parent": "arm_left",
          "pivot": [5.45, 10, 0],
          "cubes": [
            {
              "origin": [5.475, 8, -1.5],
              "size": [2, 2, 3],
              "inflate": 0.025,
              "uv": [55, 61]
            }
          ]
        },
        {
          "name": "flamefist_left",
          "parent": "hand_left_1",
          "pivot": [7.475, 9.7, 0],
          "cubes": [
            {
              "origin": [6.475, 9.7, -1],
              "size": [2, 1, 2],
              "inflate": 0.025,
              "uv": [64, 44]
            }
          ]
        },
        {
          "name": "flamefist_alternate",
          "parent": "hand_left_1",
          "pivot": [7.475, 9.7, 0],
          "cubes": [
            {
              "origin": [6.475, 9.7, -1],
              "size": [2, 1, 2],
              "inflate": 0.0251,
              "uv": [62, 38]
            }
          ]
        },
        {
          "name": "fire_effect",
          "parent": "flamefist_alternate",
          "pivot": [6.475, 10.025, 0],
          "cubes": [
            { "origin": [4.475, 10.025, -1], "size": [2, 0, 2], "uv": [0, 34] }
          ]
        },
        {
          "name": "fire_effect2",
          "parent": "fire_effect",
          "pivot": [4.475, 10.025, 0],
          "cubes": [
            { "origin": [2.475, 10.025, -1], "size": [2, 0, 2], "uv": [32, 32] }
          ]
        },
        {
          "name": "hand_left_2",
          "parent": "hand_left_1",
          "pivot": [7.55, 10.1, 0],
          "cubes": [
            {
              "origin": [7.525, 8, -1.5],
              "size": [2, 2, 3],
              "inflate": 0.0251,
              "uv": [0, 62]
            }
          ]
        },
        {
          "name": "finger_left",
          "parent": "hand_left_2",
          "pivot": [8.125, 8.5, -1.5],
          "rotation": [0, -45, 0],
          "cubes": [
            {
              "origin": [7.625, 8.05, -2.5],
              "size": [1, 1, 2],
              "inflate": -0.05,
              "uv": [52, 61]
            }
          ]
        },
        {
          "name": "scarf",
          "parent": "body",
          "pivot": [0, 10, 0],
          "cubes": [
            { "origin": [-5, 9, -4], "size": [10, 2, 8], "uv": [28, 22] },
            {
              "origin": [-5, 9, -4],
              "size": [10, 2, 8],
              "inflate": 0.2,
              "uv": [28, 7]
            }
          ]
        },
        {
          "name": "in_3",
          "parent": "scarf",
          "pivot": [5.05711, 10, 0.65711],
          "rotation": [0, 90, 0],
          "cubes": [
            {
              "origin": [4.05711, 9, 0.15711],
              "size": [2, 2, 3],
              "inflate": -0.226,
              "uv": [55, 39]
            }
          ]
        },
        {
          "name": "in_4",
          "parent": "in_3",
          "pivot": [5.08211, 9.975, 1.93211],
          "cubes": [
            {
              "origin": [4.58211, 9.475, 1.65711],
              "size": [1, 1, 3],
              "uv": [14, 54]
            }
          ]
        },
        {
          "name": "scarf_alternate",
          "parent": "body",
          "pivot": [0, 10, 0],
          "cubes": [
            { "origin": [-5, 9, -4], "size": [10, 2, 8], "uv": [72, 0] },
            {
              "origin": [-5, 9, -4],
              "size": [10, 2, 8],
              "inflate": 0.2,
              "uv": [72, 10]
            }
          ]
        },
        {
          "name": "in_6",
          "parent": "scarf_alternate",
          "pivot": [5.13211, 10, 0.65711],
          "rotation": [0, 90, 0],
          "cubes": [
            {
              "origin": [4.13211, 9, 0.08211],
              "size": [2, 2, 3],
              "inflate": -0.226,
              "uv": [86, 23]
            }
          ]
        },
        {
          "name": "in_7",
          "parent": "in_6",
          "pivot": [5.15711, 9.975, 2.08211],
          "cubes": [
            {
              "origin": [4.65711, 9.475, 1.58211],
              "size": [1, 1, 3],
              "uv": [98, 24]
            }
          ]
        },
        {
          "name": "head",
          "parent": "body",
          "pivot": [0, 11.5, 0],
          "cubes": [
            { "origin": [-4.5, 11, -3.5], "size": [9, 7, 7], "uv": [0, 30] }
          ]
        },
        {
          "name": "hoot_alternate",
          "parent": "head",
          "pivot": [0, 11.40833, -1.35],
          "cubes": [
            { "origin": [-5, 11.6, -4], "size": [10, 7, 8], "uv": [0, 15] },
            {
              "origin": [-0.5, 14.625, -4.05],
              "size": [1, 1, 0],
              "uv": [2, 7]
            },
            { "origin": [-4, 18.5, -3], "size": [8, 1, 6], "uv": [26, 42] }
          ]
        },
        {
          "name": "ear_right",
          "parent": "hoot_alternate",
          "pivot": [-3.1, 16.45, -1.525],
          "rotation": [0, 0, -44],
          "cubes": [
            {
              "origin": [-5.03522, 16.08668, -3.025],
              "size": [5, 4, 4],
              "pivot": [-2.22262, 18.41038, -1.525],
              "rotation": [0, 0, 0],
              "uv": [18, 54],
              "mirror": true
            }
          ]
        },
        {
          "name": "bone3",
          "parent": "ear_right",
          "pivot": [-4.87262, 19.68538, -1.55],
          "cubes": [
            {
              "origin": [-4.18522, 18.86168, -2.025],
              "size": [4, 4, 0],
              "pivot": [-1.87262, 20.68538, -1.55],
              "rotation": [0, 0, 27],
              "uv": [62, 34],
              "mirror": true
            }
          ]
        },
        {
          "name": "bone4",
          "parent": "bone3",
          "pivot": [-2.97262, 22.86038, -1.575],
          "cubes": [
            {
              "origin": [-3.31022, 22.33668, -1.95],
              "size": [4, 4, 0],
              "pivot": [-1.31022, 22.33668, -2.05],
              "rotation": [0, 0, 0],
              "uv": [72, 28],
              "mirror": true
            }
          ]
        },
        {
          "name": "ear_left",
          "parent": "hoot_alternate",
          "pivot": [3.1, 16.45, -1.525],
          "rotation": [0, 0, 44],
          "cubes": [
            {
              "origin": [0.03522, 16.08668, -3.025],
              "size": [5, 4, 4],
              "pivot": [2.22262, 18.41038, -1.525],
              "rotation": [0, 0, 0],
              "uv": [18, 54]
            }
          ]
        },
        {
          "name": "bone2",
          "parent": "ear_left",
          "pivot": [4.87262, 19.68538, -1.55],
          "cubes": [
            {
              "origin": [0.18522, 18.86168, -2.025],
              "size": [4, 4, 0],
              "pivot": [1.87262, 20.68538, -1.55],
              "rotation": [0, 0, -27],
              "uv": [62, 34]
            }
          ]
        },
        {
          "name": "bone",
          "parent": "bone2",
          "pivot": [2.97262, 22.86038, -1.575],
          "cubes": [
            {
              "origin": [-0.68978, 22.33668, -1.95],
              "size": [4, 4, 0],
              "inflate": 0.01,
              "pivot": [1.31022, 22.33668, -2.05],
              "rotation": [0, 0, 0],
              "uv": [72, 28]
            }
          ]
        },
        {
          "name": "anthena",
          "parent": "hoot_alternate",
          "pivot": [0.5, 19.5, -0.5],
          "cubes": [
            { "origin": [-1, 18.5, -1], "size": [2, 5, 2], "uv": [0, 15] }
          ]
        },
        {
          "name": "anthena_ball",
          "parent": "anthena",
          "pivot": [0, 18.5, -1],
          "cubes": [
            { "origin": [-2, 21.5, -2], "size": [4, 4, 4], "uv": [56, 17] }
          ]
        },
        {
          "name": "anthena_ball2",
          "parent": "anthena_ball",
          "pivot": [0, 18.5, -1],
          "cubes": [
            { "origin": [0, 20.5, 0.975], "size": [0, 5, 8], "uv": [22, 41] }
          ]
        },
        {
          "name": "hood_normal",
          "parent": "head",
          "pivot": [0, 11.40833, -1.35],
          "cubes": [
            {
              "origin": [-5, 11.6, -4],
              "size": [10, 7, 8],
              "inflate": 0.01,
              "uv": [0, 0]
            },
            {
              "origin": [-0.5, 14.625, -4.05],
              "size": [1, 1, 0],
              "inflate": 0.01,
              "uv": [0, 7]
            },
            {
              "origin": [-4, 18.5, -3],
              "size": [8, 1, 6],
              "inflate": 0.01,
              "uv": [28, 0]
            }
          ]
        },
        {
          "name": "ear_right2",
          "parent": "hood_normal",
          "pivot": [-3.1, 16.45, -1.525],
          "rotation": [0, 0, -44],
          "cubes": [
            {
              "origin": [-5.05258, 16.06869, -3.025],
              "size": [5, 4, 4],
              "inflate": 0.01,
              "pivot": [-2.22262, 18.41038, -1.525],
              "rotation": [0, 0, 0],
              "uv": [51, 53]
            }
          ]
        },
        {
          "name": "bone6",
          "parent": "ear_right2",
          "pivot": [-2.72262, 19.91038, -2.025],
          "cubes": [
            {
              "origin": [-4.05258, 19.06869, -2.025],
              "size": [4, 3, 0],
              "inflate": 0.01,
              "pivot": [-1.72262, 20.91038, -2.025],
              "rotation": [0, 0, 0],
              "uv": [64, 25]
            }
          ]
        },
        {
          "name": "ear_left2",
          "parent": "hood_normal",
          "pivot": [3.1, 16.45, -1.525],
          "rotation": [0, 0, 44],
          "cubes": [
            {
              "origin": [0.05258, 16.06869, -3.025],
              "size": [5, 4, 4],
              "inflate": 0.01,
              "pivot": [2.22262, 18.41038, -1.525],
              "rotation": [0, 0, 0],
              "uv": [50, 45]
            }
          ]
        },
        {
          "name": "bone5",
          "parent": "ear_left2",
          "pivot": [2.72262, 19.91038, -2.025],
          "cubes": [
            {
              "origin": [0.05258, 19.06869, -2.025],
              "size": [4, 3, 0],
              "inflate": 0.01,
              "pivot": [1.72262, 19.91038, -2.025],
              "rotation": [0, 0, 0],
              "uv": [62, 61]
            }
          ]
        },
        {
          "name": "anthena2",
          "parent": "hood_normal",
          "pivot": [0.5, 19.5, -0.5],
          "cubes": [
            {
              "origin": [-1, 18.5, -1],
              "size": [2, 5, 2],
              "inflate": 0.01,
              "uv": [0, 0]
            }
          ]
        },
        {
          "name": "anthena_ball3",
          "parent": "anthena2",
          "pivot": [0, 18.5, -1],
          "cubes": [
            {
              "origin": [-2, 21.5, -2],
              "size": [4, 4, 4],
              "inflate": 0.01,
              "uv": [56, 0]
            }
          ]
        },
        {
          "name": "anthena_ball4",
          "parent": "anthena_ball3",
          "pivot": [0, 22.5, 1],
          "cubes": [
            { "origin": [0, 20.5, 0.975], "size": [0, 5, 8], "uv": [28, 9] }
          ]
        },
        {
          "name": "mouth",
          "parent": "head",
          "pivot": [0, 11.725, -3.025],
          "cubes": [
            {
              "origin": [-0.5, 10.7, -3.55],
              "size": [1, 1, 0],
              "pivot": [0, 11.2, -3.05],
              "rotation": [0, 0, 45],
              "uv": [4, 7]
            },
            {
              "origin": [-0.5, 11.125, -3.525],
              "size": [1, 1, 0],
              "pivot": [0, 11.625, -3.025],
              "rotation": [0, 0, 45],
              "uv": [6, 7]
            }
          ]
        },
        {
          "name": "eye_left",
          "parent": "head",
          "pivot": [2.375, 14.16667, -3.53333],
          "rotation": [0, 0, 2.5],
          "cubes": [
            { "origin": [1.875, 15, -3.525], "size": [1, 1, 0], "uv": [0, 15] },
            { "origin": [1.375, 12, -3.525], "size": [2, 3, 0], "uv": [0, 44] },
            { "origin": [1.875, 12.5, -3.55], "size": [1, 2, 0], "uv": [0, 0] }
          ]
        },
        {
          "name": "eye_right",
          "parent": "head",
          "pivot": [-2.375, 14.16667, -3.53333],
          "rotation": [0, 0, -2.5],
          "cubes": [
            {
              "origin": [-2.875, 15, -3.525],
              "size": [1, 1, 0],
              "uv": [6, 15]
            },
            {
              "origin": [-3.375, 12, -3.525],
              "size": [2, 3, 0],
              "uv": [0, 54]
            },
            { "origin": [-2.875, 12.5, -3.55], "size": [1, 2, 0], "uv": [6, 0] }
          ]
        }
      ]
    }
  ]
}
