{
  "format_version": "1.12.0",
  "minecraft:geometry": [
    {
      "description": {
        "identifier": "geometry.unknown",
        "texture_width": 128,
        "texture_height": 128,
        "visible_bounds_width": 3,
        "visible_bounds_height": 3.5,
        "visible_bounds_offset": [0, 1.25, 0]
      },
      "bones": [
        {
          "name": "meloetta",
          "pivot": [0, 1, 0]
        },
        {
          "name": "body",
          "parent": "meloetta",
          "pivot": [0, 1, 0]
        },
        {
          "name": "torso",
          "parent": "body",
          "pivot": [0, 1, 0]
        },
        {
          "name": "top",
          "parent": "torso",
          "pivot": [0, 19, 1],
          "cubes": [
            { "origin": [-1.5, 14, -1], "size": [3, 6, 3], "uv": [41, 22] }
          ]
        },
        {
          "name": "head",
          "parent": "torso",
          "pivot": [0, 19, 1],
          "cubes": [
            { "origin": [-5, 19, -4], "size": [10, 10, 10], "uv": [0, 0] },
            { "origin": [-1, 24.5, -4.01], "size": [2, 2, 0], "uv": [0, 7] }
          ]
        },
        {
          "name": "hair",
          "parent": "head",
          "pivot": [4, 28, 1],
          "cubes": [
            { "origin": [4, 27, -3.5], "size": [10, 2, 9], "uv": [0, 20] }
          ]
        },
        {
          "name": "hair2",
          "parent": "hair",
          "pivot": [14, 28, 1],
          "cubes": [
            { "origin": [14, 27.5, -3.5], "size": [9, 1, 9], "uv": [40, 10] }
          ]
        },
        {
          "name": "hair_end",
          "parent": "hair2",
          "pivot": [23, 28, 1],
          "cubes": [
            { "origin": [23, 28, -3.5], "size": [9, 0, 9], "uv": [21, 0] }
          ]
        },
        {
          "name": "ear",
          "parent": "head",
          "pivot": [0, 1, 0],
          "cubes": [
            { "origin": [-8, 21.5, -1.5], "size": [3, 5, 5], "uv": [31, 35] }
          ]
        },
        {
          "name": "ear2",
          "parent": "ear",
          "pivot": [-5, 26, 2.5],
          "cubes": [
            {
              "origin": [-5.01, 15, -21],
              "size": [0, 8, 5],
              "pivot": [0, 1, 0],
              "rotation": [-57.5, 0, 0],
              "uv": [56, -5]
            },
            { "origin": [-5.02, 24.5, -0.5], "size": [0, 8, 5], "uv": [56, -5] }
          ]
        },
        {
          "name": "mic",
          "parent": "ear",
          "pivot": [-6, 22, 0],
          "cubes": [
            {
              "origin": [-5.5, 15.5, 11.75],
              "size": [0, 1, 3],
              "pivot": [0, 1, 0],
              "rotation": [45, 0, 0],
              "uv": [48, 0]
            }
          ]
        },
        {
          "name": "mic2",
          "parent": "mic",
          "pivot": [0, 1, 0],
          "cubes": [
            { "origin": [-6.5, 19.5, -7], "size": [2, 2, 2], "uv": [48, 4] },
            { "origin": [-5.5, 19.5, -5], "size": [0, 1, 3], "uv": [48, 0] }
          ]
        },
        {
          "name": "eye",
          "parent": "head",
          "pivot": [0, 19, 1],
          "cubes": [
            {
              "origin": [-4.75, 21, -4.01],
              "size": [3, 3, 0],
              "pivot": [0, 19, 1],
              "rotation": [0, 0, 5],
              "uv": [0, 1]
            },
            {
              "origin": [-3, 22.75, -4.02],
              "size": [1, 1, 0],
              "pivot": [0, 19, 1],
              "rotation": [0, 0, 5],
              "uv": [3, 8]
            }
          ]
        },
        {
          "name": "eye2",
          "parent": "head",
          "pivot": [0, 19, 1],
          "cubes": [
            {
              "origin": [1.75, 21, -4.01],
              "size": [3, 3, 0],
              "pivot": [0, 19, 1],
              "rotation": [0, 0, -5],
              "uv": [0, 1],
              "mirror": true
            },
            {
              "origin": [2, 22.75, -4.02],
              "size": [1, 1, 0],
              "pivot": [0, 19, 1],
              "rotation": [0, 0, -5],
              "uv": [3, 8],
              "mirror": true
            }
          ]
        },
        {
          "name": "mouth",
          "parent": "head",
          "pivot": [0, 19, 1]
        },
        {
          "name": "open",
          "parent": "mouth",
          "pivot": [0, 14, 1],
          "cubes": [
            { "origin": [-1, 19.5, -4.01], "size": [2, 2, 0], "uv": [0, 5] }
          ]
        },
        {
          "name": "closed",
          "parent": "mouth",
          "pivot": [0, 19, 1],
          "cubes": [
            { "origin": [-1, 20, -4.01], "size": [2, 1, 0], "uv": [3, 8] }
          ]
        },
        {
          "name": "hips",
          "parent": "torso",
          "pivot": [0, 14, 1],
          "cubes": [
            { "origin": [-2.5, 9, -1.5], "size": [5, 5, 4], "uv": [2, 34] }
          ]
        },
        {
          "name": "skirt",
          "parent": "hips",
          "pivot": [0, 13, 0],
          "cubes": [
            { "origin": [2.51, 5, -1.5], "size": [0, 8, 4], "uv": [24, 28] },
            { "origin": [2.51, 5, -1.5], "size": [1, 0, 4], "uv": [-4, 51] },
            { "origin": [-2.5, 5, -1.51], "size": [5, 8, 0], "uv": [0, 43] },
            { "origin": [-2.5, 5, 2.51], "size": [5, 8, 0], "uv": [57, 22] }
          ]
        },
        {
          "name": "left_leg",
          "parent": "hips",
          "pivot": [-1.5, 9, 0.5],
          "cubes": [
            { "origin": [-2.5, 5, -0.5], "size": [2, 4, 2], "uv": [33, 45] }
          ]
        },
        {
          "name": "left_foot",
          "parent": "left_leg",
          "pivot": [-1.5, 5, 0.5],
          "cubes": [
            { "origin": [-2.5, 0, -0.5], "size": [2, 5, 2], "uv": [33, 51] }
          ]
        },
        {
          "name": "right_leg",
          "parent": "hips",
          "pivot": [1.5, 5, 0.5],
          "cubes": [
            { "origin": [0.5, 5, -0.5], "size": [2, 4, 2], "uv": [33, 45] }
          ]
        },
        {
          "name": "right_foot",
          "parent": "right_leg",
          "pivot": [1.5, 5, 0.5],
          "cubes": [
            { "origin": [0.5, 0, -0.5], "size": [2, 5, 2], "uv": [33, 51] }
          ]
        },
        {
          "name": "left_arm",
          "parent": "torso",
          "pivot": [-2, 17.5, 1],
          "cubes": [
            {
              "origin": [-15, -3, 0.5],
              "size": [1, 3, 1],
              "pivot": [1, 2, 0],
              "rotation": [0, 0, 90],
              "uv": [10, 49]
            }
          ]
        },
        {
          "name": "left_elbow",
          "parent": "left_arm",
          "pivot": [-5, 17.5, 1],
          "cubes": [
            {
              "origin": [-15, -6, 0.5],
              "size": [1, 3, 1],
              "pivot": [1, 2, 0],
              "rotation": [0, 0, 90],
              "uv": [0, 32]
            }
          ]
        },
        {
          "name": "left_hand",
          "parent": "left_elbow",
          "pivot": [-8, 17.5, 1],
          "cubes": [
            {
              "origin": [-17, -11, -0.5],
              "size": [3, 4, 3],
              "pivot": [1, 1, 0],
              "rotation": [0, 0, 90],
              "uv": [21, 42]
            }
          ]
        },
        {
          "name": "right_arm",
          "parent": "torso",
          "pivot": [2, 17.5, 1],
          "cubes": [
            {
              "origin": [14, -3, 0.5],
              "size": [1, 3, 1],
              "pivot": [-1, 2, 0],
              "rotation": [0, 0, -90],
              "uv": [10, 49]
            }
          ]
        },
        {
          "name": "right_elbow",
          "parent": "right_arm",
          "pivot": [5, 17.5, 1],
          "cubes": [
            {
              "origin": [14, -6, 0.5],
              "size": [1, 3, 1],
              "pivot": [-1, 2, 0],
              "rotation": [0, 0, -90],
              "uv": [0, 32]
            }
          ]
        },
        {
          "name": "right_hand",
          "parent": "right_elbow",
          "pivot": [8, 17.5, 1],
          "cubes": [
            {
              "origin": [14, -11, -0.5],
              "size": [3, 4, 3],
              "pivot": [-1, 1, 0],
              "rotation": [0, 0, -90],
              "uv": [21, 42]
            }
          ]
        }
      ]
    }
  ]
}
