{
  "format_version": "1.12.0",
  "minecraft:geometry": [
    {
      "description": {
        "identifier": "geometry.ditto",
        "texture_width": 64,
        "texture_height": 64,
        "visible_bounds_width": 3,
        "visible_bounds_height": 2.5,
        "visible_bounds_offset": [0, 0.75, 0]
      },
      "bones": [
        {
          "name": "meltan",
          "pivot": [0, 0, 0]
        },
        {
          "name": "body",
          "parent": "meltan",
          "pivot": [0, 1.5, 0.5],
          "cubes": [
            { "origin": [-5, 0, -2.5], "size": [10, 3, 6], "uv": [0, 0] }
          ]
        },
        {
          "name": "body2",
          "parent": "body",
          "pivot": [0, 3, 0.5],
          "cubes": [
            { "origin": [-4.5, 2, -2], "size": [9, 3, 5], "uv": [0, 9] }
          ]
        },
        {
          "name": "bodytop",
          "parent": "body2",
          "pivot": [0, 5, 0],
          "cubes": [
            {
              "origin": [-3.5, 3, -1.5],
              "size": [7, 5, 4],
              "inflate": 0.01,
              "uv": [0, 17]
            }
          ]
        },
        {
          "name": "head2",
          "parent": "bodytop",
          "pivot": [-4.69587, -9.01, 0.525],
          "cubes": [
            {
              "origin": [-22.29087, 2.815, -1.475],
              "size": [7, 2, 4],
              "inflate": 0.025,
              "pivot": [3.73413, -9.01, 0.525],
              "rotation": [0, 0, 62.5],
              "uv": [42, 27]
            },
            {
              "origin": [-3.99087, 8.01, -1.475],
              "size": [8, 2, 4],
              "uv": [40, 6]
            },
            {
              "origin": [-3.99087, 18.485, -1.475],
              "size": [8, 2, 4],
              "uv": [40, 34]
            },
            {
              "origin": [2.98413, 8.36, -1.475],
              "size": [7, 2, 4],
              "inflate": 0.05,
              "pivot": [3.73413, 9.01, 0.525],
              "rotation": [0, 0, -62.5],
              "uv": [42, 12]
            },
            {
              "origin": [-10.49587, 9.21, -1.475],
              "size": [7, 2, 4],
              "inflate": 0.05,
              "pivot": [-4.69587, 9.01, 0.525],
              "rotation": [0, 0, 62.5],
              "uv": [42, 0],
              "mirror": true
            },
            {
              "origin": [14.77913, 1.965, -1.475],
              "size": [7, 2, 4],
              "inflate": 0.025,
              "pivot": [-4.69587, -9.01, 0.525],
              "rotation": [0, 0, -62.5],
              "uv": [42, 21],
              "mirror": true
            }
          ]
        },
        {
          "name": "eyes2",
          "parent": "head2",
          "pivot": [3.73413, -9.01, 0.525],
          "cubes": [
            {
              "origin": [-1.5, 12.24, -1.5],
              "size": [3, 3, 3],
              "inflate": -0.25,
              "uv": [0, 26]
            }
          ]
        },
        {
          "name": "arm_left",
          "parent": "bodytop",
          "pivot": [3.5, 6.5, 0],
          "cubes": [
            {
              "origin": [2.5, 5, -1],
              "size": [4, 3, 2],
              "uv": [26, 0],
              "mirror": true
            }
          ]
        },
        {
          "name": "arm_right",
          "parent": "bodytop",
          "pivot": [-3.5, 6.5, 0],
          "cubes": [
            { "origin": [-6.5, 5, -1], "size": [4, 3, 2], "uv": [26, 0] }
          ]
        },
        {
          "name": "bone2",
          "parent": "body2",
          "pivot": [-1, 1.7, 3.1]
        },
        {
          "name": "bone3",
          "parent": "bone2",
          "pivot": [-1, 0.55, 0.9],
          "cubes": [
            {
              "origin": [0, -0.475, 2.175],
              "size": [0, 2, 4],
              "pivot": [-1, 0.55, 0.9],
              "rotation": [27.5, 0, 0],
              "uv": [18, 15]
            }
          ]
        },
        {
          "name": "bone4",
          "parent": "bone3",
          "pivot": [-1, -2.45, 0.9],
          "cubes": [
            {
              "origin": [-0.001, 3.1, 1.75],
              "size": [0, 2, 4],
              "pivot": [-1, -2.45, 0.9],
              "rotation": [-27.5, 0, 0],
              "uv": [18, 13]
            }
          ]
        },
        {
          "name": "bone5",
          "parent": "bone4",
          "pivot": [-1, 0.55, 0.9],
          "cubes": [
            {
              "origin": [0, -2.9, 6.825],
              "size": [0, 2, 3],
              "pivot": [-1, 0.55, 0.9],
              "rotation": [27.5, 0, 0],
              "uv": [0, 0]
            }
          ]
        }
      ]
    }
  ]
}
