{
  "format_version": "1.12.0",
  "minecraft:geometry": [
    {
      "description": {
        "identifier": "geometry.banette",
        "texture_width": 80,
        "texture_height": 80,
        "visible_bounds_width": 6,
        "visible_bounds_height": 3.5,
        "visible_bounds_offset": [0, 1.25, 0]
      },
      "bones": [
        {
          "name": "banette",
          "pivot": [0, 0, 0]
        },
        {
          "name": "body",
          "parent": "banette",
          "pivot": [0, 0, 0]
        },
        {
          "name": "torso",
          "parent": "body",
          "pivot": [0, 6.25, -0.5],
          "cubes": [
            { "origin": [-3.5, 7, -3], "size": [7, 2, 5], "uv": [27, 0] },
            { "origin": [-4, 2, -3.5], "size": [8, 5, 6], "uv": [27, 22] }
          ]
        },
        {
          "name": "neck",
          "parent": "torso",
          "pivot": [0, 8.5, -0.5],
          "cubes": [{ "origin": [-2, 9, -2], "size": [4, 1, 3], "uv": [47, 0] }]
        },
        {
          "name": "head",
          "parent": "neck",
          "pivot": [0, 10, -0.5],
          "cubes": [
            { "origin": [-4.5, 10, -4], "size": [9, 7, 7], "uv": [0, 13] }
          ]
        },
        {
          "name": "hair",
          "parent": "head",
          "pivot": [0.005, 16.25, -0.625],
          "cubes": [
            { "origin": [-4.49, 12.99, -3.5], "size": [9, 4, 8], "uv": [0, 0] }
          ]
        },
        {
          "name": "hair8",
          "parent": "hair",
          "pivot": [0.005, 15.25, 4.375],
          "cubes": [
            { "origin": [-3.5, 14.5, 4.25], "size": [7, 2, 4], "uv": [26, 13] }
          ]
        },
        {
          "name": "hair2",
          "parent": "hair8",
          "pivot": [0, 15.5, 7.75],
          "cubes": [
            { "origin": [-2.5, 15, 8.25], "size": [5, 1, 7], "uv": [0, 28] }
          ]
        },
        {
          "name": "hair3",
          "parent": "hair2",
          "pivot": [0, 15.5, 15.25],
          "cubes": [
            { "origin": [-2, 15.5, 15.25], "size": [4, 0, 6], "uv": [43, 14] }
          ]
        },
        {
          "name": "hair4",
          "parent": "hair3",
          "pivot": [0, 15.5, 21.25],
          "cubes": [
            { "origin": [-1.5, 15.5, 21.25], "size": [3, 0, 5], "uv": [49, 8] }
          ]
        },
        {
          "name": "hair5",
          "parent": "hair4",
          "pivot": [0, 15.5, 26.25],
          "cubes": [
            { "origin": [-1, 15.5, 26.25], "size": [2, 0, 4], "uv": [0, 48] }
          ]
        },
        {
          "name": "hair6",
          "parent": "hair5",
          "pivot": [0, 15.5, 30.25],
          "cubes": [
            { "origin": [-1, 15.5, 30.25], "size": [2, 0, 3], "uv": [32, 34] }
          ]
        },
        {
          "name": "hair7",
          "parent": "hair6",
          "pivot": [0, 15.5, 33.25],
          "cubes": [
            { "origin": [-0.5, 15.5, 33.25], "size": [1, 0, 3], "uv": [18, 28] }
          ]
        },
        {
          "name": "horns",
          "parent": "head",
          "pivot": [0, 16, 0]
        },
        {
          "name": "horn_right",
          "parent": "horns",
          "pivot": [3.59679, 16.37421, -0.25],
          "cubes": [
            {
              "origin": [1.83075, 14.017, -3.25],
              "size": [3, 4, 6],
              "pivot": [2.33075, 16.017, -0.25],
              "rotation": [-25, 0, 40],
              "uv": [19, 34]
            }
          ]
        },
        {
          "name": "horn_mid",
          "parent": "horns",
          "pivot": [-0.01925, 18.31973, -0.38478],
          "cubes": [
            {
              "origin": [-2.01925, 16.00821, -2.94581],
              "size": [4, 4, 5],
              "pivot": [-0.00983, 19.56517, -1.49245],
              "rotation": [-10, 0, 0],
              "uv": [38, 34]
            }
          ]
        },
        {
          "name": "horn_left",
          "parent": "horns",
          "pivot": [-3.59679, 16.37421, -0.25],
          "cubes": [
            {
              "origin": [-4.83075, 14.017, -3.25],
              "size": [3, 4, 6],
              "pivot": [-2.33075, 16.017, -0.25],
              "rotation": [-25, 0, -40],
              "uv": [0, 37]
            }
          ]
        },
        {
          "name": "eyes",
          "parent": "head",
          "pivot": [0, 0, 0]
        },
        {
          "name": "eye_right",
          "parent": "eyes",
          "pivot": [2.68632, 13.29469, -4.01],
          "rotation": [0, 0, -20],
          "cubes": [
            {
              "origin": [1.68632, 12.29469, -4.01],
              "size": [2, 2, 0],
              "uv": [27, 0],
              "mirror": true
            }
          ]
        },
        {
          "name": "pupil_right",
          "parent": "eye_right",
          "pivot": [3.07201, 13.58577, -4.0225],
          "rotation": [0, 0, -10],
          "cubes": [
            {
              "origin": [2.14944, 12.59313, -4.02],
              "size": [1, 2, 0],
              "pivot": [2.95777, 12.93403, -4.1],
              "rotation": [0, 0, 15],
              "uv": [32, 34],
              "mirror": true
            },
            {
              "origin": [2.64944, 12.59313, -4.025],
              "size": [1, 2, 0],
              "pivot": [2.95777, 12.93403, -4.1],
              "rotation": [0, 0, 15],
              "uv": [32, 61],
              "mirror": true
            }
          ]
        },
        {
          "name": "eyelid_out_right",
          "parent": "eye_right",
          "pivot": [2.74782, 14.24634, -4.1],
          "cubes": [
            {
              "origin": [1.41132, 14.09469, -4.03],
              "size": [2, 1, 0],
              "pivot": [2.41132, 14.59469, -4.1],
              "rotation": [0, 0, -45],
              "uv": [0, 39],
              "mirror": true
            },
            {
              "origin": [1.61132, 14.84469, -4.04],
              "size": [2, 1, 0],
              "pivot": [2.41132, 14.59469, -4.1],
              "rotation": [0, 0, -45],
              "uv": [0, 66],
              "mirror": true
            },
            {
              "origin": [2.11843, 14.09469, -4.03],
              "size": [2, 1, 0],
              "pivot": [3.11843, 14.59469, -4.1],
              "rotation": [0, 0, 45],
              "uv": [13, 39],
              "mirror": true
            },
            {
              "origin": [1.91843, 14.84469, -4.04],
              "size": [2, 1, 0],
              "pivot": [3.11843, 14.59469, -4.1],
              "rotation": [0, 0, 45],
              "uv": [13, 63],
              "mirror": true
            },
            {
              "origin": [3.47198, 13.53403, -4.03],
              "size": [1, 1, 0],
              "uv": [0, 41],
              "mirror": true
            },
            {
              "origin": [3.87198, 14.18403, -4.04],
              "size": [1, 1, 0],
              "uv": [0, 61],
              "mirror": true
            },
            {
              "origin": [1.05777, 13.53403, -4.03],
              "size": [1, 1, 0],
              "uv": [40, 34],
              "mirror": true
            },
            {
              "origin": [0.65777, 14.18403, -4.04],
              "size": [1, 1, 0],
              "uv": [37, 61],
              "mirror": true
            }
          ]
        },
        {
          "name": "eyelid_right",
          "parent": "eye_right",
          "pivot": [2.28632, 13.29469, -3.93],
          "cubes": [
            {
              "origin": [1.28632, 12.29469, -3.93],
              "size": [3, 2, 0],
              "inflate": 0.01,
              "uv": [0, 16],
              "mirror": true
            }
          ]
        },
        {
          "name": "eye_left",
          "parent": "eyes",
          "pivot": [-2.58632, 13.29469, -4.01],
          "rotation": [0, 0, 20],
          "cubes": [
            {
              "origin": [-3.58632, 12.29469, -4.01],
              "size": [2, 2, 0],
              "uv": [27, 0]
            }
          ]
        },
        {
          "name": "pupil_left",
          "parent": "eye_left",
          "pivot": [-2.97201, 13.58577, -4.0225],
          "rotation": [0, 0, 7.5],
          "cubes": [
            {
              "origin": [-3.04944, 12.59313, -4.02],
              "size": [1, 2, 0],
              "pivot": [-2.85777, 12.93403, -4.1],
              "rotation": [0, 0, -15],
              "uv": [32, 34]
            },
            {
              "origin": [-3.54944, 12.59313, -4.025],
              "size": [1, 2, 0],
              "pivot": [-2.85777, 12.93403, -4.1],
              "rotation": [0, 0, -15],
              "uv": [32, 61]
            }
          ]
        },
        {
          "name": "eyelid_out_left",
          "parent": "eye_left",
          "pivot": [-2.64782, 14.24634, -4.1],
          "cubes": [
            {
              "origin": [-3.31132, 14.09469, -4.03],
              "size": [2, 1, 0],
              "pivot": [-2.31132, 14.59469, -4.1],
              "rotation": [0, 0, 45],
              "uv": [0, 39]
            },
            {
              "origin": [-3.51132, 14.84469, -4.04],
              "size": [2, 1, 0],
              "pivot": [-2.31132, 14.59469, -4.1],
              "rotation": [0, 0, 45],
              "uv": [0, 66]
            },
            {
              "origin": [-4.01843, 14.09469, -4.03],
              "size": [2, 1, 0],
              "pivot": [-3.01843, 14.59469, -4.1],
              "rotation": [0, 0, -45],
              "uv": [13, 39]
            },
            {
              "origin": [-3.81843, 14.84469, -4.04],
              "size": [2, 1, 0],
              "pivot": [-3.01843, 14.59469, -4.1],
              "rotation": [0, 0, -45],
              "uv": [13, 63]
            },
            {
              "origin": [-4.37198, 13.53403, -4.03],
              "size": [1, 1, 0],
              "uv": [0, 41]
            },
            {
              "origin": [-4.77198, 14.18403, -4.04],
              "size": [1, 1, 0],
              "uv": [0, 61]
            },
            {
              "origin": [-1.95777, 13.53403, -4.03],
              "size": [1, 1, 0],
              "uv": [40, 34]
            },
            {
              "origin": [-1.55777, 14.18403, -4.04],
              "size": [1, 1, 0],
              "uv": [37, 61]
            }
          ]
        },
        {
          "name": "eyelid_left",
          "parent": "eye_left",
          "pivot": [-2.18632, 13.29469, -3.93],
          "cubes": [
            {
              "origin": [-4.18632, 12.29469, -3.93],
              "size": [3, 2, 0],
              "inflate": 0.01,
              "uv": [0, 16]
            }
          ]
        },
        {
          "name": "mouth",
          "parent": "head",
          "pivot": [0.14508, 10.95771, -4.02],
          "cubes": [
            { "origin": [-2, 10.5, -4.03], "size": [4, 1, 0], "uv": [18, 32] },
            {
              "origin": [2.03711, 10.65718, -4.02],
              "size": [2, 1, 0],
              "pivot": [2.73615, 9.40918, -4],
              "rotation": [0, 0, -12.5],
              "uv": [32, 38]
            },
            {
              "origin": [-3.79597, 10.8321, -4.02],
              "size": [2, 1, 0],
              "pivot": [-3.79597, 10.8321, -4],
              "rotation": [0, 0, 10],
              "uv": [38, 20]
            },
            {
              "origin": [-3.95442, 9.27094, -4.03],
              "size": [1, 3, 0],
              "pivot": [-4.95442, 10.02094, -4],
              "rotation": [0, 0, 10],
              "uv": [5, 4]
            }
          ]
        },
        {
          "name": "arm_right",
          "parent": "torso",
          "pivot": [3, 8, -0.5],
          "cubes": [
            { "origin": [3.5, 7.5, -1.5], "size": [5, 1, 2], "uv": [50, 21] }
          ]
        },
        {
          "name": "arm_right2",
          "parent": "arm_right",
          "pivot": [8.7712, 8.1875, -0.5],
          "cubes": [
            {
              "origin": [14.3, 8.25, -2],
              "size": [1, 0, 1],
              "pivot": [14.3, 8.25, -1.5],
              "rotation": [0, 10, 0],
              "uv": [0, 30]
            },
            {
              "origin": [14.3, 8.25, 0],
              "size": [1, 0, 1],
              "pivot": [14.3, 8.25, 0.5],
              "rotation": [0, -10, 0],
              "uv": [0, 28]
            },
            { "origin": [14.5, 8.25, -1], "size": [1, 0, 1], "uv": [27, 3] },
            { "origin": [8.5, 7.5, -2], "size": [6, 1, 3], "uv": [35, 8] }
          ]
        },
        {
          "name": "arm_left",
          "parent": "torso",
          "pivot": [-3, 8, -0.5],
          "cubes": [
            { "origin": [-8.5, 7.5, -1.5], "size": [5, 1, 2], "uv": [50, 49] }
          ]
        },
        {
          "name": "arm_left2",
          "parent": "arm_left",
          "pivot": [-8.7712, 8.1875, -0.5],
          "cubes": [
            {
              "origin": [-15.3, 8.25, -2],
              "size": [1, 0, 1],
              "pivot": [-14.3, 8.25, -1.5],
              "rotation": [0, -10, 0],
              "uv": [0, 32]
            },
            {
              "origin": [-15.3, 8.25, 0],
              "size": [1, 0, 1],
              "pivot": [-14.3, 8.25, 0.5],
              "rotation": [0, 10, 0],
              "uv": [33, 20]
            },
            { "origin": [-15.5, 8.25, -1], "size": [1, 0, 1], "uv": [0, 37] },
            { "origin": [-14.5, 7.5, -2], "size": [6, 1, 3], "uv": [45, 44] }
          ]
        },
        {
          "name": "tail",
          "parent": "torso",
          "pivot": [0, 2.99984, 2.2831],
          "cubes": [
            { "origin": [-0.5, 2.5, 2.5], "size": [1, 1, 2], "uv": [0, 0] },
            {
              "origin": [-1, 3.5, 4.5],
              "size": [3, 0, 3],
              "pivot": [-0.5, 3.5, 4.5],
              "rotation": [35, 0, 0],
              "uv": [28, 55]
            },
            {
              "origin": [-2, 1.9256, 4.31858],
              "size": [3, 0, 3],
              "pivot": [0, 1.9256, 5.31858],
              "rotation": [-35, 0, 0],
              "uv": [52, 34]
            },
            {
              "origin": [-2.28597, 3.5, 4.41015],
              "size": [3, 0, 3],
              "pivot": [-0.78597, 3.5, 4.91015],
              "rotation": [35, 0, -90],
              "uv": [47, 53]
            },
            {
              "origin": [0.28597, 3.5, 4.41015],
              "size": [3, 0, 3],
              "pivot": [0.78597, 3.5, 4.91015],
              "rotation": [35, 0, 90],
              "uv": [0, 53]
            }
          ]
        },
        {
          "name": "leg_right",
          "parent": "body",
          "pivot": [2.25, 2, -0.5],
          "cubes": [
            { "origin": [0.75, 0, -3], "size": [3, 3, 5], "uv": [33, 46] }
          ]
        },
        {
          "name": "leg_left",
          "parent": "body",
          "pivot": [-2.25, 2, -0.5],
          "cubes": [
            { "origin": [-3.75, 0, -3], "size": [3, 3, 5], "uv": [14, 47] }
          ]
        }
      ]
    }
  ]
}
