{
  "format_version": "1.12.0",
  "minecraft:geometry": [
    {
      "description": {
        "identifier": "geometry.unknown",
        "texture_width": 64,
        "texture_height": 64,
        "visible_bounds_width": 4,
        "visible_bounds_height": 3.5,
        "visible_bounds_offset": [0, 1.25, 0]
      },
      "bones": [
        {
          "name": "shaymin_fly",
          "pivot": [0, 0, 0]
        },
        {
          "name": "body",
          "parent": "shaymin_fly",
          "pivot": [-0.5, 10.25, 0]
        },
        {
          "name": "torso",
          "parent": "body",
          "pivot": [0, 8.75, 2],
          "cubes": [
            { "origin": [-2.5, 6.575, -2], "size": [5, 5, 8], "uv": [0, 7] }
          ]
        },
        {
          "name": "chest",
          "parent": "torso",
          "pivot": [0, 9.25, -4],
          "cubes": [
            {
              "origin": [-3, 6.25, -7],
              "size": [6, 6, 6],
              "inflate": 0.01,
              "uv": [20, 14]
            }
          ]
        },
        {
          "name": "fur",
          "parent": "chest",
          "pivot": [-0.4145, 11.65833, -7.07778],
          "rotation": [71.84943, 7.81817, 15.98546],
          "cubes": [
            {
              "origin": [-1.4, 11.575, -11.175],
              "size": [2, 0, 5],
              "uv": [27, 26]
            },
            {
              "origin": [-0.4, 11.55, -10.175],
              "size": [1, 0, 4],
              "pivot": [-0.9, 11.55, -6.225],
              "rotation": [0, 41, 0],
              "uv": [0, 20]
            }
          ]
        },
        {
          "name": "neck",
          "parent": "chest",
          "pivot": [0, 11.13093, -4.9742],
          "cubes": [
            {
              "origin": [-1.5, 11.25, -7],
              "size": [3, 3, 4],
              "pivot": [0, 11.25, -5.5],
              "rotation": [17.5, 0, 0],
              "uv": [34, 51]
            }
          ]
        },
        {
          "name": "scarf",
          "parent": "neck",
          "pivot": [2.65, 11.75, -5.925],
          "rotation": [0, 0, -14],
          "cubes": [
            {
              "origin": [1.5, 11.25, -6.05],
              "size": [3, 1, 0],
              "uv": [32, 31]
            },
            { "origin": [2.85, 10.275, -6], "size": [6, 3, 0], "uv": [38, 5] },
            {
              "origin": [2.875, 10.275, -5.975],
              "size": [5, 2, 0],
              "pivot": [2.875, 11.775, -5.975],
              "rotation": [0, 0, 30.25],
              "uv": [27, 5]
            },
            {
              "origin": [1.5, 11.25, -5.925],
              "size": [3, 1, 0],
              "uv": [18, 14]
            }
          ]
        },
        {
          "name": "head2",
          "parent": "neck",
          "pivot": [0, 13.7625, -6.52855],
          "cubes": [
            {
              "origin": [-2.92709, 16.60959, -10.07575],
              "size": [2, 1, 0],
              "pivot": [-2.42709, 17.10959, -9.57575],
              "rotation": [0, 0, 19.25],
              "uv": [18, 5],
              "mirror": true
            },
            {
              "origin": [0.92709, 16.60959, -10.07575],
              "size": [2, 1, 0],
              "pivot": [2.42709, 17.10959, -9.57575],
              "rotation": [0, 0, -19.25],
              "uv": [18, 5]
            },
            {
              "origin": [-3, 12.75, -10],
              "size": [6, 6, 6],
              "inflate": 0.01,
              "uv": [0, 20]
            },
            {
              "origin": [-1, 12.775, -11.35],
              "size": [3, 2, 3],
              "inflate": 0.01,
              "pivot": [0, 14.775, -9.35],
              "rotation": [0, 45, 0],
              "uv": [41, 23]
            }
          ]
        },
        {
          "name": "mouth",
          "parent": "head2",
          "pivot": [0, 13.3, -9.575],
          "cubes": [
            {
              "origin": [-1, 12.8, -11],
              "size": [2, 1, 2],
              "inflate": 0.01,
              "uv": [5, 60]
            }
          ]
        },
        {
          "name": "eye_right",
          "parent": "head2",
          "pivot": [-1.95209, 16.01792, -9.61775],
          "cubes": [
            {
              "origin": [-2.52709, 14.88459, -9.90075],
              "size": [1, 2, 1],
              "inflate": 0.125,
              "uv": [18, 0],
              "mirror": true
            },
            {
              "origin": [-2.52709, 15.10959, -10.15075],
              "size": [1, 2, 1],
              "inflate": -0.1,
              "uv": [9, 1],
              "mirror": true
            },
            {
              "origin": [-2.30209, 15.55959, -10.30175],
              "size": [1, 1, 1],
              "inflate": -0.25,
              "uv": [8, 4],
              "mirror": true
            }
          ]
        },
        {
          "name": "eye_left",
          "parent": "head2",
          "pivot": [1.95209, 16.01792, -9.61775],
          "cubes": [
            {
              "origin": [1.52709, 14.88459, -9.90075],
              "size": [1, 2, 1],
              "inflate": 0.125,
              "uv": [18, 0]
            },
            {
              "origin": [1.52709, 15.10959, -10.15075],
              "size": [1, 2, 1],
              "inflate": -0.1,
              "uv": [9, 1]
            },
            {
              "origin": [1.30209, 15.55959, -10.30175],
              "size": [1, 1, 1],
              "inflate": -0.25,
              "uv": [8, 4]
            }
          ]
        },
        {
          "name": "hair",
          "parent": "head2",
          "pivot": [-1.5, 2.25, 8],
          "cubes": [
            {
              "origin": [-2, 18.75, -10],
              "size": [4, 2, 6],
              "inflate": 0.01,
              "uv": [18, 26]
            },
            {
              "origin": [-2.45, 18.825, -11.725],
              "size": [2, 1, 4],
              "inflate": 0.01,
              "pivot": [-2.45, 19.825, -8.725],
              "rotation": [20.47041, 32.96043, 1.57505],
              "uv": [38, 14]
            },
            {
              "origin": [-2, 12.75, -4],
              "size": [4, 7, 2],
              "inflate": 0.01,
              "uv": [16, 34]
            }
          ]
        },
        {
          "name": "bone5",
          "parent": "hair",
          "pivot": [-0.75, 18.75, -4.2],
          "rotation": [-56.56091, 41.46443, -18.99806],
          "cubes": [
            {
              "origin": [-0.785, 20.88436, -9.01648],
              "size": [1, 2, 3],
              "pivot": [-0.785, 21.2865, -6.75053],
              "rotation": [-26.41517, 0, 0],
              "uv": [27, 46]
            },
            {
              "origin": [-1.25, 17.75, -8.2],
              "size": [2, 3, 5],
              "inflate": 0.01,
              "pivot": [-0.75, 18.75, -4.2],
              "rotation": [-53.66517, 0, 0],
              "uv": [33, 29]
            }
          ]
        },
        {
          "name": "bone3",
          "parent": "hair",
          "pivot": [-0.375, 19.75, -6.75],
          "rotation": [17.09321, 24.32664, 1.6588],
          "cubes": [
            {
              "origin": [-1.41, 21.83436, -11.46648],
              "size": [2, 2, 3],
              "pivot": [-0.41, 22.2365, -9.20053],
              "rotation": [-26.41517, 0, 0],
              "uv": [42, 28]
            },
            {
              "origin": [-0.935, 22.28253, -13.18952],
              "size": [1, 2, 3],
              "pivot": [-0.935, 22.7615, -10.37553],
              "rotation": [3.58483, 0, 0],
              "uv": [46, 45]
            },
            {
              "origin": [-1.875, 18.75, -10.75],
              "size": [3, 3, 5],
              "inflate": 0.01,
              "pivot": [-0.375, 19.75, -6.75],
              "rotation": [-53.66517, 0, 0],
              "uv": [0, 32]
            }
          ]
        },
        {
          "name": "bone2",
          "parent": "hair",
          "pivot": [0.95, 12.78706, -1.9915],
          "cubes": [
            {
              "origin": [-0.05, 15.85964, -2.8168],
              "size": [2, 2, 1],
              "inflate": 0.01,
              "pivot": [0.95, 12.78706, -1.9915],
              "rotation": [-25, 0, 0],
              "uv": [37, 37]
            },
            {
              "origin": [-1.025, 12.75586, -3.97259],
              "size": [3, 3, 2],
              "inflate": 0.01,
              "pivot": [0.95, 12.78706, -1.9915],
              "rotation": [-41.25, 0, 0],
              "uv": [10, 43]
            }
          ]
        },
        {
          "name": "bone4",
          "parent": "hair",
          "pivot": [-0.1, 18.38266, -10.82112],
          "cubes": [
            {
              "origin": [-1.05, 20.01394, -14.52735],
              "size": [3, 2, 4],
              "inflate": 0.01,
              "pivot": [-0.05, 22.08894, -8.52735],
              "rotation": [40, 0, 0],
              "uv": [34, 8]
            },
            {
              "origin": [-1.025, 17.25684, -14.31307],
              "size": [2, 1, 3],
              "inflate": 0.01,
              "pivot": [-0.025, 17.73988, -11.58716],
              "rotation": [50.25, 0, 0],
              "uv": [20, 43]
            }
          ]
        },
        {
          "name": "wing_right",
          "parent": "head2",
          "pivot": [-2.88765, 16.70867, -7.00833],
          "rotation": [-27.5, 0, 0],
          "cubes": [
            {
              "origin": [-5, 16.75, -8],
              "size": [4, 0, 2],
              "inflate": 0.01,
              "uv": [16, 12],
              "mirror": true
            },
            {
              "origin": [-17, 16.75, -9.55],
              "size": [12, 0, 5],
              "inflate": 0.01,
              "uv": [0, 53],
              "mirror": true
            },
            {
              "origin": [-17, 16.65, -9.55],
              "size": [12, 0, 5],
              "inflate": 0.01,
              "uv": [0, 53],
              "mirror": true
            },
            {
              "origin": [-15.625, 16.7, -9.15],
              "size": [11, 0, 5],
              "inflate": 0.01,
              "pivot": [-6.625, 16.7, -6.65],
              "rotation": [0, -38.75, 0],
              "uv": [15, 0],
              "mirror": true
            },
            {
              "origin": [-15.625, 16.725, -9.85],
              "size": [11, 0, 5],
              "inflate": 0.01,
              "pivot": [-6.625, 16.725, -7.35],
              "rotation": [0, 38.75, 0],
              "uv": [29, 59],
              "mirror": true
            },
            {
              "origin": [-7.5229, 16.675, -11.73726],
              "size": [2, 0, 3],
              "inflate": 0.01,
              "pivot": [-6.5229, 16.675, -8.73726],
              "rotation": [0, -16.1, 0],
              "uv": [1, 11],
              "mirror": true
            },
            {
              "origin": [-7.5229, 16.675, -5.56274],
              "size": [2, 0, 3],
              "inflate": 0.01,
              "pivot": [-6.5229, 16.675, -5.56274],
              "rotation": [0, 16.1, 0],
              "uv": [1, 8],
              "mirror": true
            }
          ]
        },
        {
          "name": "wing_left",
          "parent": "head2",
          "pivot": [2.88765, 16.70867, -7.00833],
          "rotation": [-27.5, 0, 0],
          "cubes": [
            {
              "origin": [1, 16.75, -8],
              "size": [4, 0, 2],
              "inflate": 0.01,
              "uv": [16, 12]
            },
            {
              "origin": [5, 16.75, -9.55],
              "size": [12, 0, 5],
              "inflate": 0.01,
              "uv": [0, 53]
            },
            {
              "origin": [5, 16.65, -9.55],
              "size": [12, 0, 5],
              "inflate": 0.01,
              "uv": [0, 53]
            },
            {
              "origin": [4.625, 16.7, -9.15],
              "size": [11, 0, 5],
              "inflate": 0.01,
              "pivot": [6.625, 16.7, -6.65],
              "rotation": [0, 38.75, 0],
              "uv": [15, 0]
            },
            {
              "origin": [4.625, 16.725, -9.85],
              "size": [11, 0, 5],
              "inflate": 0.01,
              "pivot": [6.625, 16.725, -7.35],
              "rotation": [0, -38.75, 0],
              "uv": [29, 59]
            },
            {
              "origin": [5.5229, 16.675, -11.73726],
              "size": [2, 0, 3],
              "inflate": 0.01,
              "pivot": [6.5229, 16.675, -8.73726],
              "rotation": [0, 16.1, 0],
              "uv": [1, 11]
            },
            {
              "origin": [5.5229, 16.675, -5.56274],
              "size": [2, 0, 3],
              "inflate": 0.01,
              "pivot": [6.5229, 16.675, -5.56274],
              "rotation": [0, -16.1, 0],
              "uv": [1, 8]
            }
          ]
        },
        {
          "name": "bone",
          "parent": "torso",
          "pivot": [0, 11.40267, 5.96554],
          "cubes": [
            {
              "origin": [-1.5, 11.575, 6],
              "size": [3, 0, 4],
              "pivot": [0, 11.575, 6],
              "rotation": [32.5, 0, 0],
              "uv": [7, 32]
            },
            {
              "origin": [-0.5, 11.575, 6],
              "size": [1, 0, 3],
              "pivot": [-1, 11.575, 6],
              "rotation": [5, 0, 0],
              "uv": [1, 4]
            }
          ]
        },
        {
          "name": "leg_front_right",
          "parent": "body",
          "pivot": [-2.5, 9.01711, -4.23895],
          "rotation": [7.5, 0, 0],
          "cubes": [
            {
              "origin": [-3.5, 4.53422, -6],
              "size": [2, 5, 3],
              "inflate": 0.01,
              "uv": [40, 37],
              "mirror": true
            }
          ]
        },
        {
          "name": "leg_front_right2",
          "parent": "leg_front_right",
          "pivot": [-2.5, 5.45183, -4.61313],
          "rotation": [-22.5, 0, 0],
          "cubes": [
            {
              "origin": [-3.5, 1.22139, -5.77164],
              "size": [2, 4, 2],
              "uv": [46, 12],
              "mirror": true
            }
          ]
        },
        {
          "name": "leg_front_right3",
          "parent": "leg_front_right2",
          "pivot": [-2.5, 1.36723, -4.46171],
          "rotation": [15, 0, 0],
          "cubes": [
            {
              "origin": [-3.5, -0.08988, -5.93645],
              "size": [2, 2, 2],
              "inflate": 0.01,
              "uv": [44, 19],
              "mirror": true
            },
            {
              "origin": [-3.5, -0.08988, -6.93645],
              "size": [2, 1, 1],
              "inflate": 0.01,
              "uv": [26, 12],
              "mirror": true
            }
          ]
        },
        {
          "name": "leg_front_left",
          "parent": "body",
          "pivot": [2.5, 9.01711, -4.23895],
          "rotation": [7.5, 0, 0],
          "cubes": [
            {
              "origin": [1.5, 4.53422, -6],
              "size": [2, 5, 3],
              "inflate": 0.01,
              "uv": [40, 37]
            }
          ]
        },
        {
          "name": "leg_front_left2",
          "parent": "leg_front_left",
          "pivot": [2.5, 4.77683, -3.93813],
          "rotation": [-22.5, 0, 0],
          "cubes": [
            {
              "origin": [1.5, 0.91169, -5.97857],
              "size": [2, 4, 2],
              "uv": [46, 12]
            }
          ]
        },
        {
          "name": "leg_front_left3",
          "parent": "leg_front_left2",
          "pivot": [2.5, 1.05754, -4.66864],
          "rotation": [15, 0, 0],
          "cubes": [
            {
              "origin": [1.5, -0.39957, -6.14338],
              "size": [2, 2, 2],
              "inflate": 0.01,
              "uv": [44, 19]
            },
            {
              "origin": [1.5, -0.39957, -7.14338],
              "size": [2, 1, 1],
              "inflate": 0.01,
              "uv": [26, 12]
            }
          ]
        },
        {
          "name": "leg_back_right",
          "parent": "body",
          "pivot": [-2, 9, 4.75],
          "rotation": [5, 0, 0],
          "cubes": [
            {
              "origin": [-3.5, 4.5, 2.75],
              "size": [2, 5, 3],
              "inflate": 0.01,
              "uv": [0, 40],
              "mirror": true
            }
          ]
        },
        {
          "name": "leg_back_right2",
          "parent": "leg_back_right",
          "pivot": [-2.5, 5.00792, 4.89493],
          "rotation": [-12.5, 0, 0],
          "cubes": [
            {
              "origin": [-3.5, 1.05533, 4.32781],
              "size": [2, 4, 2],
              "uv": [38, 45],
              "mirror": true
            }
          ]
        },
        {
          "name": "leg_back_right3",
          "parent": "leg_back_right2",
          "pivot": [-2, 1.55533, 5.82781],
          "rotation": [7.5, 0, 0],
          "cubes": [
            {
              "origin": [-3.5, 0.05533, 4.07781],
              "size": [2, 2, 2],
              "inflate": 0.01,
              "uv": [44, 8],
              "mirror": true
            },
            {
              "origin": [-3.5, 0.05533, 3.05781],
              "size": [2, 1, 1],
              "inflate": 0.01,
              "uv": [0, 24],
              "mirror": true
            }
          ]
        },
        {
          "name": "leg_back_left",
          "parent": "body",
          "pivot": [2, 9, 4.75],
          "rotation": [5, 0, 0],
          "cubes": [
            {
              "origin": [1.5, 4.5, 2.75],
              "size": [2, 5, 3],
              "inflate": 0.01,
              "uv": [0, 40]
            }
          ]
        },
        {
          "name": "leg_back_left2",
          "parent": "leg_back_left",
          "pivot": [2.5, 5.00792, 4.89493],
          "rotation": [-12.5, 0, 0],
          "cubes": [
            {
              "origin": [1.5, 1.05533, 4.32781],
              "size": [2, 4, 2],
              "uv": [38, 45]
            }
          ]
        },
        {
          "name": "leg_back_left3",
          "parent": "leg_back_left2",
          "pivot": [2, 1.55533, 5.82781],
          "rotation": [7.5, 0, 0],
          "cubes": [
            {
              "origin": [1.5, 0.05533, 4.07781],
              "size": [2, 2, 2],
              "inflate": 0.01,
              "uv": [44, 8]
            },
            {
              "origin": [1.5, 0.05533, 3.05781],
              "size": [2, 1, 1],
              "inflate": 0.01,
              "uv": [0, 24]
            }
          ]
        }
      ]
    }
  ]
}
