{
  "format_version": "1.8.0",
  "animations": {
    "animation.solgaleo.faint": {
      "loop": true
    },
    "animation.solgaleo.ground_idle": {
      "loop": true,
      "animation_length": 2,
      "bones": {
        "full_body": {
          "rotation": {
            "0.0": [0, 0, 0],
            "1.0": [2.5, 0, 0],
            "2.0": [0, 0, 0]
          }
        },
        "tail": {
          "rotation": {
            "0.0": [0, -30, 0],
            "1.0": [0, 30, 0],
            "1.8333": [0, -35, 0],
            "2.0": [0, -30, 0]
          }
        },
        "tail2": {
          "rotation": {
            "0.0": [35.82706, 1.71559, -36.82576],
            "1.1667": [-39.38745, 49.83236, -68.16041],
            "1.8333": [22.33849, -9.52079, -50.21982],
            "2.0": [35.82706, 1.71559, -36.82576]
          }
        },
        "tail3": {
          "rotation": {
            "0.0": [23.07885, -12.31808, -3.84126],
            "1.3333": [15.27734, 31.3617, 39.39623],
            "2.0": [23.07885, -12.31808, -3.84126]
          }
        },
        "head": {
          "rotation": {
            "0.0": [0, 0, 0],
            "1.2083": [12.5, 0, 0],
            "1.375": [12, 0, 0],
            "1.8333": [0.7, 0, 0],
            "2.0": [0, 0, 0]
          }
        },
        "jaw2": {
          "rotation": {
            "0.0": [0, 0, 0],
            "1.0": [17.5, 0, 0],
            "2.0": [0, 0, 0]
          }
        },
        "frontleftleg2": {
          "rotation": {
            "0.0": [0, 0, -7.5],
            "1.0": [-7.5, 0, -7.5],
            "2.0": [0, 0, -7.5]
          }
        },
        "bone2": {
          "rotation": {
            "0.0": [0, 0, 0],
            "1.0": [17.5, 0, 0],
            "2.0": [0, 0, 0]
          }
        },
        "backleftleg2": {
          "rotation": [-50, 0, 0]
        },
        "bone4": {
          "rotation": {
            "0.0": [62.5, 0, 0],
            "1.0": [60, 0, 0],
            "2.0": [62.5, 0, 0]
          },
          "position": [0, 2, -1]
        },
        "foot3": {
          "rotation": [0, 0, 0]
        },
        "backrightleg": {
          "rotation": [-50, 0, 0]
        },
        "bone5": {
          "rotation": {
            "0.0": [62.5, 0, 0],
            "1.0": [60, 0, 0],
            "2.0": [62.5, 0, 0]
          },
          "position": [0, 1, -2]
        },
        "foot4": {
          "rotation": [0, 0, 0]
        },
        "frontrightleg": {
          "rotation": {
            "0.0": [0, 0, 7.5],
            "1.0": [7.5, 0, 7.5],
            "2.0": [0, 0, 7.5]
          }
        },
        "bone3": {
          "rotation": {
            "0.0": [0, 0, 0],
            "1.0": [-17.5, 0, 0],
            "2.0": [0, 0, 0]
          }
        }
      }
    },
    "animation.solgaleo.ground_walk": {
      "loop": true,
      "animation_length": 1.5,
      "bones": {
        "full_body": {
          "rotation": {
            "0.0": [0, 0, 0],
            "0.625": [5, 0, 0],
            "1.2083": [0, 0, 0]
          },
          "position": {
            "0.0": [0, 0, 0],
            "0.75": [0, 2, -3],
            "1.5": [0, 0, 0]
          }
        },
        "tail": {
          "rotation": {
            "0.0": [12.5, -22.5, 0],
            "0.75": [12.5, 22.5, 0],
            "1.5": [12.5, -22.5, 0]
          }
        },
        "tail2": {
          "rotation": {
            "0.0": [0, -17.5, 0],
            "0.75": [0, 17.5, 0],
            "1.5": [0, -17.5, 0]
          }
        },
        "tail3": {
          "rotation": {
            "0.0": [22.79588, -28.02432, -11.17023],
            "0.75": [22.79588, 28.02432, 11.17023],
            "1.5": [22.79588, -28.02432, -11.17023]
          }
        },
        "head": {
          "rotation": [0, 0, 0]
        },
        "jaw2": {
          "rotation": [0, 0, 0]
        },
        "frontleftleg2": {
          "rotation": {
            "0.0": [-47.5, 0, -7.5],
            "0.75": [-10, 0, -7.5],
            "1.5": [-47.5, 0, -7.5]
          }
        },
        "bone2": {
          "rotation": {
            "0.0": [50, 0, 0],
            "0.75": [57.5, 0, 0],
            "1.5": [50, 0, 0]
          }
        },
        "backleftleg2": {
          "rotation": {
            "0.0": [-40, 0, 0],
            "0.75": [-62.5, 0, 0],
            "1.5": [-40, 0, 0]
          }
        },
        "bone4": {
          "rotation": {
            "0.0": [100, 0, 0],
            "0.75": [87.5, 0, 0],
            "1.5": [100, 0, 0]
          },
          "position": [0, 2, -1]
        },
        "foot3": {
          "rotation": {
            "0.0": [-15, 0, 0],
            "0.75": [0, 0, 0],
            "1.5": [-15, 0, 0]
          }
        },
        "backrightleg": {
          "rotation": {
            "0.0": [-62.5, 0, 0],
            "0.75": [-40, 0, 0],
            "1.5": [-62.5, 0, 0]
          },
          "position": [0, 0, 1]
        },
        "bone5": {
          "rotation": {
            "0.0": [87.5, 0, 0],
            "0.75": [100, 0, 0],
            "1.5": [87.5, 0, 0]
          },
          "position": [0, 1, -2]
        },
        "foot4": {
          "rotation": {
            "0.0": [0, 0, 0],
            "0.75": [-15, 0, 0],
            "1.5": [0, 0, 0]
          }
        },
        "frontrightleg": {
          "rotation": {
            "0.0": [0, 0, 7.5],
            "0.75": [-47.5, 0, 7.5],
            "1.5": [0, 0, 7.5]
          }
        },
        "bone3": {
          "rotation": {
            "0.0": [0, 0, 0],
            "0.75": [50, 0, 0],
            "1.5": [0, 0, 0]
          }
        },
        "body2": {
          "rotation": {
            "0.0": [5, 0, 0],
            "0.75": [0, 0, 0],
            "1.5": [5, 0, 0]
          }
        }
      }
    }
  },
  "geckolib_format_version": 2
}
