{
  "format_version": "1.12.0",
  "minecraft:geometry": [
    {
      "description": {
        "identifier": "geometry.toxel",
        "texture_width": 128,
        "texture_height": 128,
        "visible_bounds_width": 4,
        "visible_bounds_height": 2.5,
        "visible_bounds_offset": [0, 0.75, 0]
      },
      "bones": [
        {
          "name": "Toxel",
          "pivot": [0, 0, 0]
        },
        {
          "name": "leg4",
          "parent": "Toxel",
          "pivot": [-2.90885, 6.85019, 4.95491],
          "cubes": [
            {
              "origin": [-6, 5.9, -2.5],
              "size": [3, 4, 5],
              "pivot": [0, 3.5, -0.4],
              "rotation": [-102.0012, 9.06524, 36.54514],
              "uv": [37, 41]
            },
            {
              "origin": [-6.9, 5.8, -0.8],
              "size": [3, 4, 4],
              "pivot": [0, 3.5, -0.4],
              "rotation": [-90, 0, 0],
              "uv": [44, 21]
            },
            {
              "origin": [-7.9, 3.8, 3.2],
              "size": [2, 2, 1],
              "pivot": [0, 4.5, -0.4],
              "rotation": [-90, 15, 0],
              "uv": [0, 0]
            },
            {
              "origin": [-4.4, 6.3, 3.2],
              "size": [2, 2, 1],
              "pivot": [0, 4.5, -0.4],
              "rotation": [-90, -10, 0],
              "uv": [0, 18]
            }
          ]
        },
        {
          "name": "leg",
          "parent": "Toxel",
          "pivot": [-3.25296, 7.16482, -2.70928],
          "cubes": [
            {
              "origin": [-4.5, 3.1, -2.7],
              "size": [3, 4, 3],
              "pivot": [0, 3.5, 0],
              "rotation": [14.65993, -3.21132, 12.08681],
              "uv": [48, 34]
            },
            {
              "origin": [-4.5, -0.9, -2.7],
              "size": [3, 4, 3],
              "pivot": [0, 3.5, 0],
              "rotation": [-17.84007, -3.21132, 12.08681],
              "uv": [23, 18]
            },
            {
              "origin": [-4.2, 0.1, -6.7],
              "size": [2, 1, 4],
              "pivot": [0, 3.5, 0],
              "rotation": [0.38481, 19.29081, -0.28542],
              "uv": [48, 41]
            },
            {
              "origin": [-4.7, 0.1, -4.7],
              "size": [2, 1, 4],
              "pivot": [0, 3.5, 0],
              "rotation": [0.38235, -18.20841, -0.53203],
              "uv": [54, 18]
            }
          ]
        },
        {
          "name": "leg2",
          "parent": "Toxel",
          "pivot": [3.25296, 7.16482, -1.70928],
          "cubes": [
            {
              "origin": [1.5, 3.1, -2.7],
              "size": [3, 4, 3],
              "pivot": [0, 3.5, 0],
              "rotation": [14.65993, 3.21132, -12.08681],
              "uv": [50, 47]
            },
            {
              "origin": [1.5, -0.9, -2.7],
              "size": [3, 4, 3],
              "pivot": [0, 3.5, 0],
              "rotation": [-17.84007, 3.21132, -12.08681],
              "uv": [38, 50]
            },
            {
              "origin": [2.2, 0.1, -6.7],
              "size": [2, 1, 4],
              "pivot": [0, 3.5, 0],
              "rotation": [0.38481, -19.29081, 0.28542],
              "uv": [12, 54]
            },
            {
              "origin": [2.7, 0.1, -4.7],
              "size": [2, 1, 4],
              "pivot": [0, 3.5, 0],
              "rotation": [0.38235, 18.20841, 0.53203],
              "uv": [51, 29]
            }
          ]
        },
        {
          "name": "body",
          "parent": "Toxel",
          "pivot": [0, 6.35706, 4.84219],
          "cubes": [
            {
              "origin": [-3.5, 6.1, -3.7],
              "size": [7, 7, 5],
              "pivot": [0, 3.5, 0],
              "rotation": [0, 0, 0],
              "uv": [0, 32]
            },
            {
              "origin": [-4, 6.2, 0.3],
              "size": [8, 7, 7],
              "pivot": [0, 3.5, 0],
              "rotation": [-2.5, 0, 0],
              "uv": [0, 18]
            }
          ]
        },
        {
          "name": "tail",
          "parent": "body",
          "pivot": [0, 9.85213, 7.34496],
          "cubes": [
            {
              "origin": [-3.5, 5.2, 7.3],
              "size": [7, 5, 7],
              "pivot": [0, 3.5, 0],
              "rotation": [15, 0, 0],
              "uv": [23, 25]
            }
          ]
        },
        {
          "name": "tail2",
          "parent": "tail",
          "pivot": [0, 11.33301, 12.29923],
          "cubes": [
            {
              "origin": [-3, 2, 14.3],
              "size": [6, 4, 5],
              "pivot": [0, 3.5, 0],
              "rotation": [30, 0, 0],
              "uv": [29, 0]
            }
          ]
        },
        {
          "name": "tail3",
          "parent": "tail2",
          "pivot": [0, 12.97181, 16.69993],
          "cubes": [
            {
              "origin": [-2.5, -1.5, 18.3],
              "size": [5, 3, 5],
              "pivot": [0, 3.5, 0],
              "rotation": [42.5, 0, 0],
              "uv": [33, 13]
            }
          ]
        },
        {
          "name": "neck",
          "parent": "body",
          "pivot": [0, 10, -3.5],
          "cubes": [
            {
              "origin": [-3, 7, -6],
              "size": [6, 6, 3],
              "pivot": [0, 3, -2],
              "rotation": [0, 0, 0],
              "uv": [24, 37]
            }
          ]
        },
        {
          "name": "head",
          "parent": "neck",
          "pivot": [0, 10.05525, -5.17687],
          "cubes": [
            { "origin": [-5, 6, -14], "size": [10, 9, 9], "uv": [0, 0] },
            {
              "origin": [2, 7.1, -14.1],
              "size": [4, 3, 1],
              "pivot": [-0.2, -1.5, -8],
              "rotation": [0, 0, -7.5],
              "uv": [38, 9]
            },
            {
              "origin": [-6, 7.1, -14.1],
              "size": [4, 3, 1],
              "pivot": [0.2, -1.5, -8],
              "rotation": [0, 0, 7.5],
              "uv": [35, 21]
            },
            { "origin": [-3.1, 8.2, -14.2], "size": [1, 1, 1], "uv": [5, 5] },
            { "origin": [2.1, 8.2, -14.2], "size": [1, 1, 1], "uv": [5, 2] },
            { "origin": [-1, 5, -14], "size": [2, 1, 0], "uv": [5, 0] },
            {
              "origin": [3, 9, -13],
              "size": [4, 3, 3],
              "pivot": [0, 2, -8],
              "rotation": [0, -15, 0],
              "uv": [48, 12]
            },
            {
              "origin": [-14.7, 5.4, -11],
              "size": [3, 3, 3],
              "pivot": [0, 2, -8],
              "rotation": [0, 0, 50],
              "uv": [0, 53]
            },
            {
              "origin": [11.7, 5.4, -11],
              "size": [3, 3, 3],
              "pivot": [0, 2, -8],
              "rotation": [0, 0, -50],
              "uv": [51, 0]
            },
            {
              "origin": [-7, 9, -13],
              "size": [4, 3, 3],
              "pivot": [0, 2, -8],
              "rotation": [0, 15, 0],
              "uv": [48, 6]
            },
            {
              "origin": [-1.5, 10.5, -16],
              "size": [3, 4, 2],
              "pivot": [0, 2, -8],
              "rotation": [-7.5, 0, 0],
              "uv": [24, 54]
            },
            {
              "origin": [-2, 10, -14],
              "size": [4, 5, -2],
              "pivot": [0, 2, -8],
              "rotation": [-7.5, 0, 0],
              "uv": [115, 8]
            }
          ]
        },
        {
          "name": "eyelids",
          "parent": "head",
          "pivot": [0, 9.9541, -13.8],
          "cubes": [
            {
              "origin": [2, 8.5, -14.3],
              "size": [4, 2, 1],
              "pivot": [-0.2, -1.5, -8],
              "rotation": [0, 0, -7.5],
              "uv": [44, 29]
            },
            {
              "origin": [-6, 8.5, -14.3],
              "size": [4, 2, 1],
              "pivot": [0.2, -1.5, -8],
              "rotation": [0, 0, 7.5],
              "uv": [50, 54]
            }
          ]
        },
        {
          "name": "eletric",
          "parent": "head",
          "pivot": [0, 14.22628, -11.64064],
          "cubes": [
            {
              "origin": [0, 9, -19.4],
              "size": [0, 8, 4],
              "pivot": [0, 2, -8],
              "rotation": [-30, 0, 0],
              "uv": [16, 40]
            }
          ]
        },
        {
          "name": "legfixed",
          "parent": "Toxel",
          "pivot": [1.90885, 6.85019, 4.95491],
          "cubes": [
            {
              "origin": [3, 5.9, -2.5],
              "size": [3, 4, 5],
              "pivot": [0, 3.5, -0.4],
              "rotation": [-102.0012, -9.06524, -36.54514],
              "uv": [0, 44]
            },
            {
              "origin": [5.9, 3.8, 3.2],
              "size": [2, 2, 1],
              "pivot": [0, 4.5, -0.4],
              "rotation": [-90, -15, 0],
              "uv": [0, 6]
            },
            {
              "origin": [3.9, 5.8, -0.8],
              "size": [3, 4, 4],
              "pivot": [0, 3.5, -0.4],
              "rotation": [-90, 0, 0],
              "uv": [24, 46]
            },
            {
              "origin": [2.4, 6.3, 3.2],
              "size": [2, 2, 1],
              "pivot": [0, 4.5, -0.4],
              "rotation": [-90, 10, 0],
              "uv": [0, 3]
            }
          ]
        }
      ]
    }
  ]
}
