{
  "format_version": "1.12.0",
  "minecraft:geometry": [
    {
      "description": {
        "identifier": "geometry.toxicroak",
        "texture_width": 128,
        "texture_height": 128,
        "visible_bounds_width": 6,
        "visible_bounds_height": 4.5,
        "visible_bounds_offset": [0, 1.75, 0]
      },
      "bones": [
        {
          "name": "all",
          "pivot": [0, 0, 0]
        },
        {
          "name": "leg_right",
          "parent": "all",
          "pivot": [-3, 10.5, 2.5],
          "cubes": [
            { "origin": [-6.25, 5, -2], "size": [5, 7, 7], "uv": [0, 31] }
          ]
        },
        {
          "name": "leg_2_right",
          "parent": "leg_right",
          "pivot": [-3.75, 5, -2],
          "cubes": [
            { "origin": [-4.75, 1, -2], "size": [2, 4, 3], "uv": [52, 15] }
          ]
        },
        {
          "name": "foot_right",
          "parent": "leg_2_right",
          "pivot": [-3.75, 2, -0.5],
          "cubes": [
            { "origin": [-3.75, 0, 0], "size": [0, 4, 4], "uv": [0, 0] },
            { "origin": [-5.75, 0, -3], "size": [4, 2, 4], "uv": [41, 37] }
          ]
        },
        {
          "name": "toe_right_right",
          "parent": "foot_right",
          "pivot": [-5.75, 1, -3],
          "cubes": [
            { "origin": [-6.75, 0, -5], "size": [2, 2, 2], "uv": [24, 20] }
          ]
        },
        {
          "name": "toe_right_left",
          "parent": "foot_right",
          "pivot": [-1.75, 1, -3],
          "cubes": [
            { "origin": [-2.75, 0, -5], "size": [2, 2, 2], "uv": [0, 20] }
          ]
        },
        {
          "name": "toe_right_middle",
          "parent": "foot_right",
          "pivot": [-3.75, 1, -3],
          "cubes": [
            { "origin": [-4.75, 0, -5], "size": [2, 2, 2], "uv": [0, 0] }
          ]
        },
        {
          "name": "leg_left",
          "parent": "all",
          "pivot": [3, 10.5, 2.5],
          "cubes": [
            { "origin": [1.25, 5, -2], "size": [5, 7, 7], "uv": [24, 37] }
          ]
        },
        {
          "name": "leg_2_left",
          "parent": "leg_left",
          "pivot": [3.75, 5, -2],
          "cubes": [
            { "origin": [2.75, 1, -2], "size": [2, 4, 3], "uv": [52, 30] }
          ]
        },
        {
          "name": "foot_left",
          "parent": "leg_2_left",
          "pivot": [3.75, 2, -0.5],
          "cubes": [
            { "origin": [1.75, 0, -3], "size": [4, 2, 4], "uv": [42, 3] },
            { "origin": [3.75, 0, 0], "size": [0, 4, 4], "uv": [0, 12] }
          ]
        },
        {
          "name": "toe_left_middle",
          "parent": "foot_left",
          "pivot": [3.75, 1, -3],
          "cubes": [
            { "origin": [2.75, 0, -5], "size": [2, 2, 2], "uv": [58, 47] }
          ]
        },
        {
          "name": "toe_left_right",
          "parent": "foot_left",
          "pivot": [5.75, 1, -3],
          "cubes": [
            { "origin": [4.75, 0, -5], "size": [2, 2, 2], "uv": [58, 5] }
          ]
        },
        {
          "name": "toe_left_left",
          "parent": "foot_left",
          "pivot": [1.75, 1, -3],
          "cubes": [
            { "origin": [0.75, 0, -5], "size": [2, 2, 2], "uv": [17, 31] }
          ]
        },
        {
          "name": "body",
          "parent": "all",
          "pivot": [0, 10.5, 2.5],
          "cubes": [
            { "origin": [-3, 9, 0], "size": [6, 6, 6], "uv": [0, 45] },
            {
              "origin": [-4, 15, -2],
              "size": [8, 8, 8],
              "inflate": 0.01,
              "uv": [0, 0]
            },
            {
              "origin": [-2, 20, 3],
              "size": [4, 4, 4],
              "inflate": 0.01,
              "uv": [66, 1]
            }
          ]
        },
        {
          "name": "arm_left",
          "parent": "body",
          "pivot": [4, 19, 2.5],
          "cubes": [
            { "origin": [4, 18, 1], "size": [3, 3, 3], "uv": [45, 49] },
            { "origin": [7, 18.5, 1.5], "size": [3, 2, 2], "uv": [50, 57] }
          ]
        },
        {
          "name": "hand_left",
          "parent": "arm_left",
          "pivot": [10, 19.5, 2.5],
          "cubes": [
            { "origin": [10, 18, 0.5], "size": [7, 3, 4], "uv": [32, 18] }
          ]
        },
        {
          "name": "thumb_left",
          "parent": "hand_left",
          "pivot": [15, 19, 0.5],
          "cubes": [
            { "origin": [14, 18, -2.5], "size": [2, 2, 3], "uv": [54, 52] }
          ]
        },
        {
          "name": "finger_front_left",
          "parent": "hand_left",
          "pivot": [17, 19, 1.5],
          "cubes": [
            { "origin": [17, 18, 0.5], "size": [3, 2, 2], "uv": [57, 41] }
          ]
        },
        {
          "name": "finger_back_left",
          "parent": "hand_left",
          "pivot": [17, 19, 3.5],
          "cubes": [
            { "origin": [17, 18, 2.5], "size": [3, 2, 2], "uv": [10, 57] }
          ]
        },
        {
          "name": "claw_left",
          "parent": "hand_left",
          "pivot": [16, 20.5, 2.5],
          "cubes": [
            { "origin": [15, 18, 2.5], "size": [7, 5, 0], "uv": [48, 9] }
          ]
        },
        {
          "name": "arm_right",
          "parent": "body",
          "pivot": [-4, 19, 2.5],
          "cubes": [
            { "origin": [-10, 18.5, 1.5], "size": [3, 2, 2], "uv": [0, 57] },
            { "origin": [-7, 18, 1], "size": [3, 3, 3], "uv": [48, 43] }
          ]
        },
        {
          "name": "hand_right",
          "parent": "arm_right",
          "pivot": [-10, 19.5, 2.5],
          "cubes": [
            { "origin": [-17, 18, 0.5], "size": [7, 3, 4], "uv": [24, 0] }
          ]
        },
        {
          "name": "claw_right",
          "parent": "hand_right",
          "pivot": [-16, 20.5, 2.5],
          "cubes": [
            { "origin": [-22, 18, 2.5], "size": [7, 5, 0], "uv": [46, 25] }
          ]
        },
        {
          "name": "thumb_right",
          "parent": "hand_right",
          "pivot": [-15, 19, 0.5],
          "cubes": [
            { "origin": [-16, 18, -2.5], "size": [2, 2, 3], "uv": [54, 0] }
          ]
        },
        {
          "name": "finger_back_right",
          "parent": "hand_right",
          "pivot": [-17, 19, 3.5],
          "cubes": [
            { "origin": [-20, 18, 2.5], "size": [3, 2, 2], "uv": [42, 55] }
          ]
        },
        {
          "name": "finger_front_right",
          "parent": "hand_right",
          "pivot": [-17, 19, 1.5],
          "cubes": [
            { "origin": [-20, 18, 0.5], "size": [3, 2, 2], "uv": [53, 37] }
          ]
        },
        {
          "name": "head",
          "parent": "body",
          "pivot": [0, 23, 0],
          "cubes": [
            { "origin": [-4, 22, -5], "size": [8, 7, 8], "uv": [0, 16] },
            { "origin": [0, 26, -7], "size": [0, 8, 9], "uv": [24, 42] },
            {
              "origin": [-3, 21.25, -4.9],
              "size": [3, 2, 0],
              "pivot": [0, 21.25, -4.9],
              "rotation": [0, 0, 7.5],
              "uv": [24, 18]
            },
            {
              "origin": [0, 21.25, -4.9],
              "size": [3, 2, 0],
              "pivot": [0, 21.25, -4.9],
              "rotation": [0, 0, -7.5],
              "uv": [24, 18]
            },
            {
              "origin": [-4, 21, -4.8],
              "size": [8, 2, 7],
              "inflate": -0.01,
              "uv": [25, 9]
            }
          ]
        },
        {
          "name": "eye_left",
          "parent": "head",
          "pivot": [2.31541, 24.46103, -5.02],
          "rotation": [0, 0, -7.5],
          "cubes": [
            {
              "origin": [0.82847, 23.39351, -5.02],
              "size": [3, 2, 0],
              "uv": [32, 7]
            },
            {
              "origin": [0.82847, 22.89351, -5.01],
              "size": [3, 3, 0],
              "uv": [0, 34]
            },
            {
              "origin": [1.82847, 24.39351, -5.03],
              "size": [1, 1, 0],
              "uv": [61, 0]
            }
          ]
        },
        {
          "name": "eye_right",
          "parent": "head",
          "pivot": [-2.31541, 24.46103, -5.02],
          "rotation": [0, 0, 7.5],
          "cubes": [
            {
              "origin": [-2.82847, 24.39351, -5.03],
              "size": [1, 1, 0],
              "uv": [61, 0]
            },
            {
              "origin": [-3.82847, 23.39351, -5.02],
              "size": [3, 2, 0],
              "uv": [30, 20]
            },
            {
              "origin": [-3.82847, 22.89351, -5.01],
              "size": [3, 3, 0],
              "uv": [0, 31]
            }
          ]
        },
        {
          "name": "throat_sack",
          "parent": "body",
          "pivot": [0, 18, -2],
          "cubes": [
            { "origin": [-3.5, 15, -6], "size": [7, 6, 6], "uv": [26, 25] }
          ]
        }
      ]
    }
  ]
}
