{
  "format_version": "1.12.0",
  "minecraft:geometry": [
    {
      "description": {
        "identifier": "geometry.yveltal",
        "texture_width": 128,
        "texture_height": 128,
        "visible_bounds_width": 8,
        "visible_bounds_height": 5,
        "visible_bounds_offset": [0, 0.5, 0]
      },
      "bones": [
        {
          "name": "yveltal",
          "pivot": [0, 0, 0]
        },
        {
          "name": "body",
          "parent": "yveltal",
          "pivot": [0, 10, -8]
        },
        {
          "name": "torso",
          "parent": "body",
          "pivot": [0, 9.5, 0.5],
          "cubes": [
            {
              "origin": [-3.5, 7, -5],
              "size": [7, 5, 11],
              "inflate": 0.005,
              "uv": [51, 3]
            }
          ]
        },
        {
          "name": "chest",
          "parent": "torso",
          "pivot": [0, 12, -4],
          "cubes": [
            { "origin": [-5.5, 5.5, -13], "size": [11, 7, 9], "uv": [0, 45] },
            { "origin": [-5.5, 5.5, -16], "size": [11, 7, 3], "uv": [68, 66] }
          ]
        },
        {
          "name": "scarf",
          "parent": "chest",
          "pivot": [0, 12.5, -16],
          "cubes": [
            { "origin": [-4.5, 12.5, -16], "size": [9, 9, 3], "uv": [0, 73] }
          ]
        },
        {
          "name": "scarf2",
          "parent": "scarf",
          "pivot": [0, 21.5, -14.5],
          "cubes": [
            {
              "origin": [-3.5, 20.5, -15.5],
              "size": [7, 10, 2],
              "uv": [66, 76]
            }
          ]
        },
        {
          "name": "scarf3",
          "parent": "scarf2",
          "pivot": [0, 30.5, -14.5],
          "cubes": [
            { "origin": [-3.5, 30.5, -14.5], "size": [7, 7, 0], "uv": [50, 86] }
          ]
        },
        {
          "name": "scarf4",
          "parent": "chest",
          "pivot": [0, 5.5, -14],
          "cubes": [
            { "origin": [-5, -1.5, -14], "size": [10, 7, 0], "uv": [84, 22] }
          ]
        },
        {
          "name": "neck",
          "parent": "chest",
          "pivot": [0, 9.75, -15.5],
          "cubes": [
            { "origin": [-2, 7.25, -19], "size": [4, 4, 5], "uv": [19, 83] }
          ]
        },
        {
          "name": "neck2",
          "parent": "neck",
          "pivot": [0, 11.75, -19],
          "cubes": [
            {
              "origin": [-2, 7.25, -24],
              "size": [4, 4, 5],
              "inflate": 0.001,
              "uv": [82, 48]
            }
          ]
        },
        {
          "name": "head",
          "parent": "neck2",
          "pivot": [0, 10.25, -23],
          "cubes": [
            {
              "origin": [-2, 11.75, -37],
              "size": [0, 7, 16],
              "pivot": [-2, 11.75, -29],
              "rotation": [0, 0, -15],
              "uv": [40, 39]
            },
            {
              "origin": [2, 11.75, -37],
              "size": [0, 7, 16],
              "pivot": [2, 11.75, -29],
              "rotation": [0, 0, 15],
              "uv": [40, 32]
            },
            { "origin": [-1.5, 7.75, -33], "size": [3, 3, 2], "uv": [0, 61] },
            {
              "origin": [-2.5, 7.75, -31],
              "size": [5, 4, 8],
              "inflate": 0.001,
              "uv": [64, 54]
            }
          ]
        },
        {
          "name": "eye_right",
          "parent": "head",
          "pivot": [-2.01, 10.05558, -29.07923],
          "rotation": [10, 0, 0],
          "cubes": [
            {
              "origin": [-2.51, 9.55558, -30.57923],
              "size": [1, 1, 3],
              "inflate": 0.001,
              "uv": [24, 73]
            },
            {
              "origin": [-2.515, 9.55558, -30.07923],
              "size": [1, 1, 1],
              "inflate": 0.001,
              "uv": [4, 51]
            }
          ]
        },
        {
          "name": "eyelid_right",
          "parent": "eye_right",
          "pivot": [-1.91, 10.05558, -29.07923],
          "cubes": [
            {
              "origin": [-2.41, 9.55558, -30.57923],
              "size": [1, 1, 3],
              "inflate": 0.01,
              "uv": [73, 19]
            }
          ]
        },
        {
          "name": "eye_left",
          "parent": "head",
          "pivot": [2.01, 10.05558, -29.07923],
          "rotation": [10, 0, 0],
          "cubes": [
            {
              "origin": [1.51, 9.55558, -30.57923],
              "size": [1, 1, 3],
              "inflate": 0.001,
              "uv": [54, 6]
            },
            {
              "origin": [1.515, 9.55558, -30.07923],
              "size": [1, 1, 1],
              "inflate": 0.001,
              "uv": [36, 48]
            }
          ]
        },
        {
          "name": "eyelid_left",
          "parent": "eye_left",
          "pivot": [1.91, 10.05558, -29.07923],
          "cubes": [
            {
              "origin": [1.41, 9.55558, -30.57923],
              "size": [1, 1, 3],
              "inflate": 0.01,
              "uv": [31, 48]
            }
          ]
        },
        {
          "name": "jaw",
          "parent": "head",
          "pivot": [0, 9.25, -24],
          "cubes": [
            { "origin": [-2, 6.75, -31], "size": [4, 2, 8], "uv": [24, 73] }
          ]
        },
        {
          "name": "arm_left",
          "parent": "chest",
          "pivot": [5, 10, -8.5],
          "cubes": [
            { "origin": [3.5, 9, -12.5], "size": [19, 2, 8], "uv": [44, 38] },
            { "origin": [17.5, 10, -4.5], "size": [3, 0, 3], "uv": [48, 6] },
            { "origin": [13.5, 10, -4.5], "size": [3, 0, 3], "uv": [48, 3] },
            { "origin": [9.5, 10, -4.5], "size": [3, 0, 3], "uv": [0, 48] }
          ]
        },
        {
          "name": "hand_left",
          "parent": "arm_left",
          "pivot": [21.5, 11.5, -8.5],
          "cubes": [
            { "origin": [21.5, 8.5, -14], "size": [20, 3, 11], "uv": [0, 14] },
            {
              "origin": [39.5, 8.5, -20.5],
              "size": [0, 3, 7],
              "pivot": [39.5, 10, -14],
              "rotation": [0, -37.5, 0],
              "uv": [0, 30]
            },
            {
              "origin": [39.5, 8.5, -3.5],
              "size": [0, 3, 7],
              "pivot": [39.5, 10, -3],
              "rotation": [0, 37.5, 0],
              "uv": [0, 27]
            }
          ]
        },
        {
          "name": "finger_left",
          "parent": "hand_left",
          "pivot": [41, 10, -11.5],
          "rotation": [0, 10, 22.5],
          "cubes": [
            { "origin": [40.5, 9, -12.5], "size": [7, 2, 2], "uv": [84, 80] }
          ]
        },
        {
          "name": "finger_right2",
          "parent": "finger_left",
          "pivot": [47.5, 9, -11.5],
          "rotation": [0, 0, -32.5],
          "cubes": [
            { "origin": [47.5, 9, -12], "size": [5, 2, 1], "uv": [89, 0] }
          ]
        },
        {
          "name": "finger_left3",
          "parent": "finger_right2",
          "pivot": [52.5, 11, -11.5],
          "rotation": [0, 0, 47.5],
          "cubes": [
            { "origin": [52.5, 9, -11.5], "size": [5, 2, 0], "uv": [0, 68] }
          ]
        },
        {
          "name": "finger_left4",
          "parent": "hand_left",
          "pivot": [41, 10, -8.5],
          "rotation": [0, 0, 22.5],
          "cubes": [
            { "origin": [40.5, 9, -9.5], "size": [7, 2, 2], "uv": [84, 76] }
          ]
        },
        {
          "name": "finger_left5",
          "parent": "finger_left4",
          "pivot": [47.5, 9, -8.5],
          "rotation": [0, 0, -32.5],
          "cubes": [
            { "origin": [47.5, 9, -9], "size": [5, 2, 1], "uv": [66, 88] }
          ]
        },
        {
          "name": "finger_left6",
          "parent": "finger_left5",
          "pivot": [52.5, 11, -8.5],
          "rotation": [0, 0, 47.5],
          "cubes": [
            { "origin": [52.5, 9, -8.5], "size": [5, 2, 0], "uv": [60, 66] }
          ]
        },
        {
          "name": "finger_left7",
          "parent": "hand_left",
          "pivot": [41, 10, -5.5],
          "rotation": [0, -10, 22.5],
          "cubes": [
            { "origin": [40.5, 9, -6.5], "size": [7, 2, 2], "uv": [32, 84] }
          ]
        },
        {
          "name": "finger_left8",
          "parent": "finger_left7",
          "pivot": [47.5, 9, -5.5],
          "rotation": [0, 0, -32.5],
          "cubes": [
            { "origin": [47.5, 9, -6], "size": [5, 2, 1], "uv": [84, 33] }
          ]
        },
        {
          "name": "finger_left9",
          "parent": "finger_left8",
          "pivot": [52.5, 11, -5.5],
          "rotation": [0, 0, 47.5],
          "cubes": [
            { "origin": [52.5, 9, -5.5], "size": [5, 2, 0], "uv": [0, 66] }
          ]
        },
        {
          "name": "arm_right",
          "parent": "chest",
          "pivot": [-5, 10, -8.5],
          "cubes": [
            { "origin": [-22.5, 9, -12.5], "size": [19, 2, 8], "uv": [38, 28] },
            { "origin": [-20.5, 10, -4.5], "size": [3, 0, 3], "uv": [0, 45] },
            { "origin": [-16.5, 10, -4.5], "size": [3, 0, 3], "uv": [0, 22] },
            { "origin": [-12.5, 10, -4.5], "size": [3, 0, 3], "uv": [0, 0] }
          ]
        },
        {
          "name": "hand_right",
          "parent": "arm_right",
          "pivot": [-21.5, 11.5, -8.5],
          "cubes": [
            { "origin": [-41.5, 8.5, -14], "size": [20, 3, 11], "uv": [0, 0] },
            {
              "origin": [-39.5, 8.5, -20.5],
              "size": [0, 3, 7],
              "pivot": [-39.5, 10, -14],
              "rotation": [0, 37.5, 0],
              "uv": [0, 24]
            },
            {
              "origin": [-39.5, 8.5, -3.5],
              "size": [0, 3, 7],
              "pivot": [-39.5, 10, -3],
              "rotation": [0, -37.5, 0],
              "uv": [0, 21]
            }
          ]
        },
        {
          "name": "finger_right",
          "parent": "hand_right",
          "pivot": [-41, 10, -11.5],
          "rotation": [0, -10, -22.5],
          "cubes": [
            { "origin": [-47.5, 9, -12.5], "size": [7, 2, 2], "uv": [84, 29] }
          ]
        },
        {
          "name": "finger_left2",
          "parent": "finger_right",
          "pivot": [-47.5, 9, -11.5],
          "rotation": [0, 0, 32.5],
          "cubes": [
            { "origin": [-52.5, 9, -12], "size": [5, 2, 1], "uv": [40, 73] }
          ]
        },
        {
          "name": "finger_right3",
          "parent": "finger_left2",
          "pivot": [-52.5, 11, -11.5],
          "rotation": [0, 0, -47.5],
          "cubes": [
            { "origin": [-57.5, 9, -11.5], "size": [5, 2, 0], "uv": [51, 23] }
          ]
        },
        {
          "name": "finger_right4",
          "parent": "hand_right",
          "pivot": [-41, 10, -8.5],
          "rotation": [0, 0, -22.5],
          "cubes": [
            { "origin": [-47.5, 9, -9.5], "size": [7, 2, 2], "uv": [82, 57] }
          ]
        },
        {
          "name": "finger_right5",
          "parent": "finger_right4",
          "pivot": [-47.5, 9, -8.5],
          "rotation": [0, 0, 32.5],
          "cubes": [
            { "origin": [-52.5, 9, -9], "size": [5, 2, 1], "uv": [65, 0] }
          ]
        },
        {
          "name": "finger_right6",
          "parent": "finger_right5",
          "pivot": [-52.5, 11, -8.5],
          "rotation": [0, 0, -47.5],
          "cubes": [
            { "origin": [-57.5, 9, -8.5], "size": [5, 2, 0], "uv": [0, 40] }
          ]
        },
        {
          "name": "finger_right7",
          "parent": "hand_right",
          "pivot": [-41, 10, -5.5],
          "rotation": [0, 10, -22.5],
          "cubes": [
            { "origin": [-47.5, 9, -6.5], "size": [7, 2, 2], "uv": [51, 19] }
          ]
        },
        {
          "name": "finger_right8",
          "parent": "finger_right7",
          "pivot": [-47.5, 9, -5.5],
          "rotation": [0, 0, 32.5],
          "cubes": [
            { "origin": [-52.5, 9, -6], "size": [5, 2, 1], "uv": [31, 45] }
          ]
        },
        {
          "name": "finger_right9",
          "parent": "finger_right8",
          "pivot": [-52.5, 11, -5.5],
          "rotation": [0, 0, -47.5],
          "cubes": [
            { "origin": [-57.5, 9, -5.5], "size": [5, 2, 0], "uv": [0, 3] }
          ]
        },
        {
          "name": "tail",
          "parent": "torso",
          "pivot": [0, 10, 6],
          "cubes": [
            { "origin": [-3.5, 9, 5], "size": [7, 2, 10], "uv": [0, 61] }
          ]
        },
        {
          "name": "tail2",
          "parent": "tail",
          "pivot": [0, 10, 15],
          "cubes": [
            { "origin": [-4.5, 8.5, 14], "size": [9, 3, 8], "uv": [34, 62] }
          ]
        },
        {
          "name": "tail3",
          "parent": "tail2",
          "pivot": [0, 11.5, 22],
          "cubes": [
            { "origin": [-6, 8.5, 22], "size": [12, 3, 14], "uv": [0, 28] },
            {
              "origin": [5.5, 8.5, 34],
              "size": [7, 3, 0],
              "pivot": [6, 10, 34],
              "rotation": [0, -37.5, 0],
              "uv": [51, 0]
            },
            {
              "origin": [-12.5, 8.5, 34],
              "size": [7, 3, 0],
              "pivot": [-6, 10, 34],
              "rotation": [0, 37.5, 0],
              "uv": [38, 38]
            }
          ]
        },
        {
          "name": "tail_finger",
          "parent": "tail3",
          "pivot": [0, 10, 35.5],
          "rotation": [-22.5, 0, 0],
          "cubes": [
            { "origin": [-1, 9, 35], "size": [2, 2, 7], "uv": [80, 13] }
          ]
        },
        {
          "name": "tail_finger2",
          "parent": "tail_finger",
          "pivot": [0, 9, 42],
          "rotation": [32.5, 0, 0],
          "cubes": [
            { "origin": [-0.5, 9, 42], "size": [1, 2, 5], "uv": [59, 88] }
          ]
        },
        {
          "name": "tail_finger3",
          "parent": "tail_finger2",
          "pivot": [0, 11, 47],
          "rotation": [-47.5, 0, 0],
          "cubes": [{ "origin": [0, 9, 47], "size": [0, 2, 5], "uv": [0, 4] }]
        },
        {
          "name": "tail_finger_left",
          "parent": "tail3",
          "pivot": [3, 10, 35.5],
          "rotation": [-22.5, 10, 0],
          "cubes": [{ "origin": [2, 9, 35], "size": [2, 2, 7], "uv": [62, 19] }]
        },
        {
          "name": "tail_finger_left2",
          "parent": "tail_finger_left",
          "pivot": [3, 9, 42],
          "rotation": [32.5, 0, 0],
          "cubes": [
            { "origin": [2.5, 9, 42], "size": [1, 2, 5], "uv": [42, 88] }
          ]
        },
        {
          "name": "tail_finger_left3",
          "parent": "tail_finger_left2",
          "pivot": [3, 11, 47],
          "rotation": [-47.5, 0, 0],
          "cubes": [{ "origin": [3, 9, 47], "size": [0, 2, 5], "uv": [0, 2] }]
        },
        {
          "name": "tail_finger_right",
          "parent": "tail3",
          "pivot": [-3, 10, 35.5],
          "rotation": [-22.5, -10, 0],
          "cubes": [
            { "origin": [-4, 9, 35], "size": [2, 2, 7], "uv": [24, 61] }
          ]
        },
        {
          "name": "tail_finger_right2",
          "parent": "tail_finger_right",
          "pivot": [-3, 9, 42],
          "rotation": [32.5, 0, 0],
          "cubes": [
            { "origin": [-3.5, 9, 42], "size": [1, 2, 5], "uv": [9, 87] }
          ]
        },
        {
          "name": "tail_finger_right3",
          "parent": "tail_finger_right2",
          "pivot": [-3, 11, 47],
          "rotation": [-47.5, 0, 0],
          "cubes": [{ "origin": [-3, 9, 47], "size": [0, 2, 5], "uv": [0, 0] }]
        },
        {
          "name": "leg_left",
          "parent": "body",
          "pivot": [3.5, 9, 1],
          "cubes": [
            { "origin": [2.5, 3, -1.5], "size": [4, 8, 5], "uv": [76, 0] }
          ]
        },
        {
          "name": "leg_left2",
          "parent": "leg_left",
          "pivot": [4.5, 3, 3.5],
          "cubes": [{ "origin": [3, 3, 3.5], "size": [3, 3, 4], "uv": [0, 85] }]
        },
        {
          "name": "leg_left3",
          "parent": "leg_left2",
          "pivot": [4.5, 6, 7.5],
          "cubes": [
            { "origin": [3.5, 0, 5.5], "size": [2, 6, 2], "uv": [38, 28] }
          ]
        },
        {
          "name": "foot_left",
          "parent": "leg_left3",
          "pivot": [4.5, 1.5, 7],
          "cubes": [
            {
              "origin": [3, 0, 4],
              "size": [3, 1, 4],
              "inflate": 0.001,
              "uv": [33, 88]
            }
          ]
        },
        {
          "name": "toe_left",
          "parent": "foot_left",
          "pivot": [3.83551, 1, 4.48492],
          "rotation": [0, 20, 0],
          "cubes": [
            { "origin": [3.25, 0, 2.25], "size": [1, 1, 2], "uv": [35, 64] }
          ]
        },
        {
          "name": "claw_left",
          "parent": "toe_left",
          "pivot": [3.83551, 1, 2.48492],
          "cubes": [
            { "origin": [3.75, 0, 0.25], "size": [0, 1, 2], "uv": [42, 39] }
          ]
        },
        {
          "name": "toe_left2",
          "parent": "foot_left",
          "pivot": [5.16449, 1, 4.48492],
          "rotation": [0, -20, 0],
          "cubes": [
            { "origin": [4.75, 0, 2.25], "size": [1, 1, 2], "uv": [24, 64] }
          ]
        },
        {
          "name": "claw_left2",
          "parent": "toe_left2",
          "pivot": [5.16449, 1, 2.48492],
          "cubes": [
            { "origin": [5.25, 0, 0.25], "size": [0, 1, 2], "uv": [38, 39] }
          ]
        },
        {
          "name": "toe_left3",
          "parent": "foot_left",
          "pivot": [4.5, 1, 8],
          "cubes": [{ "origin": [4, 0, 8], "size": [1, 1, 2], "uv": [62, 23] }]
        },
        {
          "name": "claw_left3",
          "parent": "toe_left3",
          "pivot": [4.5, 1, 10],
          "cubes": [
            { "origin": [4.5, 0, 10], "size": [0, 1, 2], "uv": [10, 39] }
          ]
        },
        {
          "name": "leg_right",
          "parent": "body",
          "pivot": [-3.5, 9, 1],
          "cubes": [
            { "origin": [-6.5, 3, -1.5], "size": [4, 8, 5], "uv": [48, 73] }
          ]
        },
        {
          "name": "leg_right2",
          "parent": "leg_right",
          "pivot": [-4.5, 3, 3.5],
          "cubes": [
            { "origin": [-6, 3, 3.5], "size": [3, 3, 4], "uv": [80, 84] }
          ]
        },
        {
          "name": "leg_right3",
          "parent": "leg_right2",
          "pivot": [-4.5, 6, 7.5],
          "cubes": [
            { "origin": [-5.5, 0, 5.5], "size": [2, 6, 2], "uv": [0, 14] }
          ]
        },
        {
          "name": "foot_right",
          "parent": "leg_right3",
          "pivot": [-4.5, 1.5, 7],
          "cubes": [
            {
              "origin": [-6, 0, 4],
              "size": [3, 1, 4],
              "inflate": 0.001,
              "uv": [72, 48]
            }
          ]
        },
        {
          "name": "toe_right",
          "parent": "foot_right",
          "pivot": [-3.83551, 1, 4.48492],
          "rotation": [0, -20, 0],
          "cubes": [
            { "origin": [-4.25, 0, 2.25], "size": [1, 1, 2], "uv": [35, 61] }
          ]
        },
        {
          "name": "claw_right",
          "parent": "toe_right",
          "pivot": [-3.83551, 1, 2.48492],
          "cubes": [
            { "origin": [-3.75, 0, 0.25], "size": [0, 1, 2], "uv": [10, 38] }
          ]
        },
        {
          "name": "toe_right2",
          "parent": "foot_right",
          "pivot": [-5.16449, 1, 4.48492],
          "rotation": [0, 20, 0],
          "cubes": [
            { "origin": [-5.75, 0, 2.25], "size": [1, 1, 2], "uv": [24, 61] }
          ]
        },
        {
          "name": "claw_right2",
          "parent": "toe_right2",
          "pivot": [-5.16449, 1, 2.48492],
          "cubes": [
            { "origin": [-5.25, 0, 0.25], "size": [0, 1, 2], "uv": [6, 13] }
          ]
        },
        {
          "name": "toe_right3",
          "parent": "foot_right",
          "pivot": [-4.5, 1, 8],
          "cubes": [{ "origin": [-5, 0, 8], "size": [1, 1, 2], "uv": [0, 51] }]
        },
        {
          "name": "claw_right3",
          "parent": "toe_right3",
          "pivot": [-4.5, 1, 10],
          "cubes": [
            { "origin": [-4.5, 0, 10], "size": [0, 1, 2], "uv": [6, 12] }
          ]
        }
      ]
    }
  ]
}
