{
  "format_version": "1.8.0",
  "animations": {
    "animation.victini.ground_idle": {
      "loop": true,
      "animation_length": 6,
      "bones": {
        "torso": {
          "rotation": [5, 0, 0],
          "position": [0, "0.15*(math.sin(q.anim_time*120*4-90)*1+1)", 0]
        },
        "head": {
          "rotation": {
            "0.0": [0, 0, "2*(math.sin(q.anim_time*60*4)*1+0)"],
            "4.4167": [0, 0, "2*(math.sin(q.anim_time*60*4)*1+0)"],
            "4.625": [
              -11.17991,
              11.49747,
              "2*(math.sin(q.anim_time*60*4)*1+0)"
            ],
            "5.1667": [
              -11.17991,
              11.49747,
              "2*(math.sin(q.anim_time*60*4)*1+0)"
            ],
            "5.3333": [0, 0, "2*(math.sin(q.anim_time*60*4)*1+0)"]
          },
          "position": [0, "0.15*(math.sin(q.anim_time*120*4-90)*1+1)", 0]
        },
        "left_arm": {
          "rotation": {
            "0.0": [0, -15, "-20-5*(math.sin(q.anim_time*120*4)*1+1)"],
            "4.4167": [0, -15, "-20-5*(math.sin(q.anim_time*120*4)*1+1)"],
            "4.5833": [
              -25.44068,
              -47.24484,
              "10*(math.sin(q.anim_time*60*4)*1+1)"
            ],
            "5.2083": [
              -25.44068,
              -47.24484,
              "10*(math.sin(q.anim_time*60*4)*1+1)"
            ],
            "5.4583": [0, -15, "-20-5*(math.sin(q.anim_time*120*4)*1+1)"]
          }
        },
        "right_arm": {
          "rotation": {
            "0.0": [0, 15, "20+5*(math.sin(q.anim_time*120*4)*1+1)"],
            "4.4167": [0, 15, "20+5*(math.sin(q.anim_time*120*4)*1+1)"],
            "4.5833": [0, -5, "20+5*(math.sin(q.anim_time*120*4)*1+1)"],
            "5.2083": [0, -5, "20+5*(math.sin(q.anim_time*120*4)*1+1)"],
            "5.4583": [0, 15, "20+5*(math.sin(q.anim_time*120*4)*1+1)"]
          }
        },
        "left_leg": {
          "rotation": {
            "0.0": [0, 15, 0],
            "4.5": [0, 15, 0],
            "4.6667": [0, 22.5, 0],
            "4.9583": [0, 22.5, 0],
            "5.125": [0, 15, 0]
          }
        },
        "left_wing": {
          "rotation": [25, "-6*(math.sin(q.anim_time*120*4)*1)", 0]
        },
        "right_leg": {
          "rotation": {
            "0.0": [0, -15, 0],
            "4.4583": [0, -15, 0],
            "4.625": [0, -20, 0],
            "4.9167": [0, -20, 0],
            "5.0833": [0, -15, 0]
          }
        },
        "right_wing": {
          "rotation": [25, "6*(math.sin(q.anim_time*120*4)*1)", 0]
        },
        "victini": {
          "rotation": {
            "0.0": [0, 0, 0],
            "4.375": {
              "pre": [0, 0, 0],
              "post": [0, 0, 0],
              "lerp_mode": "catmullrom"
            },
            "4.5417": {
              "post": [0, -15, 0],
              "lerp_mode": "catmullrom"
            },
            "5.0833": {
              "post": [0, -15, 0],
              "lerp_mode": "catmullrom"
            },
            "5.375": {
              "post": [0, 0, 0],
              "lerp_mode": "catmullrom"
            }
          }
        },
        "open": {
          "position": {
            "0.0": [0, 0, 1],
            "4.4167": [0, 0, 1],
            "4.4583": [0, 0, 0],
            "5.1667": [0, 0, 0],
            "5.2083": [0, 0, 1]
          }
        },
        "closed": {
          "position": {
            "0.0": [0, 0, 0],
            "4.4167": [0, 0, 0],
            "4.4583": [0, 0, 1],
            "5.1667": [0, 0, 1],
            "5.2083": [0, 0, 0]
          }
        },
        "left_thumb": {
          "rotation": {
            "0.0": [0, 0, 0],
            "4.2917": [0, 0, 0],
            "4.5833": [45.76981, 24.52962, 137.98189],
            "5.0833": [45.76981, 24.52962, 137.98189],
            "5.3333": [0, 0, 0]
          },
          "position": {
            "0.0": [0, 0, 0],
            "4.2917": [0, 0, 0],
            "4.5833": [0, 0.25, 0.25],
            "5.0833": [0, 0.25, 0.25],
            "5.3333": [0, 0, 0]
          }
        },
        "left_foot": {
          "rotation": [0, 0, 0]
        },
        "right_foot": {
          "rotation": [0, 0, 0]
        },
        "left_eyelid": {
          "position": [0, 0, 1]
        },
        "right_eyelid": {
          "position": [0, 0, 1]
        }
      }
    },
    "animation.victini.ground_walk": {
      "loop": true,
      "bones": {
        "body": {
          "rotation": [
            35,
            "0+1.5*(math.sin(q.anim_time*60*6)*1+0)",
            "0+1.5*(math.sin(q.anim_time*60*6)*1+0)"
          ],
          "position": [
            0,
            "-math.clamp(math.sin(-query.anim_time*90*4+45/2)*0.6,0.1,1)-math.clamp(math.sin(-query.anim_time*90*4+45/2+180)*0.6,0.1,1)+0.7",
            "-math.clamp(math.sin(query.anim_time*90*4)*0.7,0.1,0.6)-math.clamp(math.sin(-query.anim_time*90*4)*0.7,0.1,0.6)+0.2"
          ]
        },
        "head": {
          "rotation": [-35, 0, "0+3*(math.sin(q.anim_time*60*6)*1+0)"]
        },
        "victini": {
          "position": [0, "4+1*(math.sin(q.anim_time*30*6)*1+0)", 0]
        },
        "left_arm": {
          "rotation": [0, -35, "-20-5*(math.sin(q.anim_time*60*6)*1+0)"]
        },
        "right_arm": {
          "rotation": [0, 35, "20+5*(math.sin(q.anim_time*60*6)*1+0)"]
        },
        "left_leg": {
          "rotation": [-15, 15, 0]
        },
        "left_wing": {
          "rotation": [25, "-12*(math.sin(q.anim_time*120*8)*1)", 0]
        },
        "left_foot": {
          "rotation": ["6*(math.sin(q.anim_time*60*6-90)*1+1)", 0, 0]
        },
        "right_leg": {
          "rotation": [-15, -15, 0]
        },
        "right_wing": {
          "rotation": [25, "12*(math.sin(q.anim_time*120*8)*1)", 0]
        },
        "right_foot": {
          "rotation": ["6*(math.sin(q.anim_time*60*6-90)*1+1)", 0, 0]
        },
        "open": {
          "position": [0, 0, 1]
        },
        "closed": {
          "position": [0, 0, 0]
        },
        "left_eyelid": {
          "position": [0, 0, 1]
        },
        "right_eyelid": {
          "position": [0, 0, 1]
        }
      }
    },
    "animation.victini.blink": {
      "animation_length": 0.16667,
      "bones": {
        "open": {
          "position": [0, 0, 1]
        },
        "left_eye": {
          "position": {
            "0.0": [0, 0, 1],
            "0.125": {
              "pre": [0, 0, 1],
              "post": [0, 0, 0]
            }
          }
        },
        "left_eyelid": {
          "position": {
            "0.0": [0, 0, 0],
            "0.125": {
              "pre": [0, 0, 0],
              "post": [0, 0, 1]
            }
          }
        },
        "right_eye": {
          "position": {
            "0.0": [0, 0, 1],
            "0.125": {
              "pre": [0, 0, 1],
              "post": [0, 0, 0]
            }
          }
        },
        "right_eyelid": {
          "position": {
            "0.0": [0, 0, 0],
            "0.125": {
              "pre": [0, 0, 0],
              "post": [0, 0, 1]
            }
          }
        }
      }
    },
    "animation.squirtle.sleep": {
      "loop": true,
      "bones": {
        "body": {
          "rotation": [82.5, 0, 0],
          "position": [0, -4.75, 0]
        },
        "torso": {
          "rotation": [0, "math.sin(q.anim_time*90*1.5/2)*1", 0]
        },
        "neck": {
          "position": [-0.25, 0, 0]
        },
        "eyelid_right": {
          "position": [-0.1, 0, -0.1]
        },
        "eyelid_left": {
          "position": [0.1, 0, -0.1]
        },
        "tail": {
          "rotation": [
            -105,
            0,
            "(math.sin(q.anim_time*90*2)*1)+(math.sin(q.anim_time*90*2/1)*1)"
          ]
        },
        "arm_right": {
          "rotation": [
            "-16.75-math.sin(q.anim_time*90*1.5/2)*1.25",
            -22,
            "85.75-math.sin(q.anim_time*90*1.5/2)*0.25"
          ],
          "position": [0, -0.75, 0]
        },
        "arm_left": {
          "rotation": [
            "18.75+math.sin(q.anim_time*90*1.5/2)*1.25",
            33.25,
            "-116.5+math.sin(q.anim_time*90*1.5/2)*0.25"
          ],
          "position": [0, -0.75, 0]
        },
        "leg_right": {
          "rotation": [0, -7.5, -10]
        },
        "leg_left": {
          "rotation": [0, 7.5, 7.5]
        },
        "head": {
          "rotation": [-27.15846, 18.26883, -13.36473],
          "position": [0, 0.75, 0]
        }
      }
    },
    "animation.squirtle.faint": {
      "loop": true,
      "animation_length": 3,
      "bones": {
        "torso": {
          "rotation": {
            "0.0": [25, 0, 0],
            "0.05": [-32.5, 0, 0],
            "0.15": [-87.5, 0, 0],
            "0.3": [-112.5, 0, 0],
            "0.4": [-125, 0, 0],
            "0.6": [-127.5, 0, 0],
            "0.7": [-112.5, 0, 0],
            "0.9": [-87.5, 0, 0],
            "1.2": [-67.67352, 2.86313, -6.93488],
            "1.7": [-56.26333, 8.02063, -18.37698],
            "1.9": [-69.76, 4.81, -11.03],
            "1.95": [-90, 0, 0],
            "2.0": [-109.85932, 2.24944, 7.15656],
            "2.05": [-90, 0, 0]
          },
          "position": {
            "0.0": [0, "-0.15*(math.sin(q.anim_time*90*4-90)*1+1)", -1],
            "0.05": [0, "-1-0.15*(math.sin(q.anim_time*90*4-90)*1+1)", 2],
            "0.15": [0, "-4-0.15*(math.sin(q.anim_time*90*4-90)*1+1)", 5],
            "0.3": [0, -4.21, 5.86],
            "0.6": [0, -4.21, 5.86],
            "1.2": [0, -4.26, 4],
            "1.7": [0, -4.26, 4],
            "1.95": [0, -4.2, 5]
          }
        },
        "tail": {
          "rotation": {
            "0.0": [
              0,
              "4*(math.sin(q.anim_time*90*4)*1)+4*(math.sin(q.anim_time*90*4/2)*1)",
              0
            ],
            "0.3": [
              -115,
              "0+4*(math.sin(q.anim_time*90*4)*1)+4*(math.sin(q.anim_time*90*4/2)*1)",
              0
            ],
            "0.6": [-75, 1.45, 0],
            "1.2": [-146.14, 1.45, 0],
            "1.7": [-163.41, -3.54, 0],
            "1.9": [-142.75, -2.58, 0],
            "1.95": [-106.33, -2.34, 0],
            "2.0": [-76.91, -1.17, 0],
            "2.05": [
              -107.5,
              "4*(math.sin(q.anim_time*90*4)*1)+4*(math.sin(q.anim_time*90*4/2)*1)",
              0
            ]
          }
        },
        "arm_left": {
          "rotation": {
            "0.0": [
              43.06829,
              46.87879,
              "63.4697-5*(math.sin(q.anim_time*90*4)*1+1)"
            ],
            "0.1": [
              -76.06816,
              -18.03032,
              "-40.4253-5*(math.sin(q.anim_time*90*4)*1+1)"
            ],
            "0.2": [-86.34703, 35.48522, 30.51399],
            "0.35": [
              -91.15354,
              -7.55654,
              "-34.3873-5*(math.sin(q.anim_time*90*4)*1+1)"
            ],
            "0.5": [
              -86.18006,
              32.65835,
              "1.2938-5*(math.sin(q.anim_time*90*4)*1+1)"
            ],
            "0.8": [
              -116.99529,
              -23.03154,
              "56.3223-5*(math.sin(q.anim_time*90*4)*1+1)"
            ],
            "1.0": [
              -101.20146,
              58.2927,
              "69.3285-5*(math.sin(q.anim_time*90*4)*1+1)"
            ],
            "1.1": [
              -124.10748,
              79.50927,
              "45.231-5*(math.sin(q.anim_time*90*4)*1+1)"
            ],
            "1.2": [
              -105.83354,
              68.02495,
              "64.1564-5*(math.sin(q.anim_time*90*4)*1+1)"
            ],
            "1.7": [
              -105.83354,
              68.02495,
              "64.1564-5*(math.sin(q.anim_time*90*4)*1+1)"
            ],
            "2.05": [
              -156.7144,
              -24.40053,
              "-18.9202-5*(math.sin(q.anim_time*90*4)*1+1)"
            ],
            "2.1": [
              -158.52122,
              -10.51739,
              "-12.947-5*(math.sin(q.anim_time*90*4)*1+1)"
            ],
            "2.15": [-156.7144, -24.40053, -18.9202]
          },
          "position": {
            "0.0": [0, 0, 0],
            "0.2": [0, -0.89319, 1.09646],
            "0.8": [0, -0.71635, 2.08481],
            "1.0": [0, -2.71572, 2.21081],
            "1.2": [0.17054, -3.2612, 0.91461],
            "1.55": [0.39786, -3.74418, -0.39907],
            "2.05": [0.4, -2.74, 1.6]
          }
        },
        "arm_right": {
          "rotation": {
            "0.0": [
              40.03346,
              -45.5397,
              "-61.4963+5*(math.sin(q.anim_time*90*4)*1+1)"
            ],
            "0.1": [
              -82.91925,
              -15.02177,
              "12.9631+5*(math.sin(q.anim_time*90*4)*1+1)"
            ],
            "0.2": [-95.87033, -18.88388, -41.91953],
            "0.35": [
              -150.69882,
              -1.8818,
              "2.6342+5*(math.sin(q.anim_time*90*4)*1+1)"
            ],
            "0.5": [
              -144.34349,
              -39.39374,
              "-33.5482+5*(math.sin(q.anim_time*90*4)*1+1)"
            ],
            "0.6": [-157.30817, 14.76496, -35.5671],
            "1.2": [
              -147.45833,
              46.09317,
              "-16.9604+5*(math.sin(q.anim_time*90*4)*1+1)"
            ],
            "1.75": [
              -154.2737,
              30.75228,
              "-27.8093+5*(math.sin(q.anim_time*90*4)*1+1)"
            ],
            "1.85": [
              -179.2633,
              -42.38366,
              "-70.1681+5*(math.sin(q.anim_time*90*4)*1+1)"
            ],
            "1.95": [
              -153.00882,
              -3.57042,
              "-10.7326+5*(math.sin(q.anim_time*90*4)*1+1)"
            ],
            "2.05": [
              -154.88402,
              28.49424,
              "3.4563+5*(math.sin(q.anim_time*90*4)*1+1)"
            ],
            "2.1": [
              -155.42764,
              26.22552,
              "-5.2263+5*(math.sin(q.anim_time*90*4)*1+1)"
            ],
            "2.15": [-154.88402, 28.49424, 13.4563]
          },
          "position": {
            "0.0": [0, 0, 0],
            "0.2": [0, -0.79155, 2.09128],
            "1.2": [0.0999, -2.63776, 1.33118],
            "2.05": [0.1, -2.64, 1.33]
          }
        },
        "leg_left": {
          "rotation": {
            "0.0": [-12.5, 0, 0],
            "0.1": [-12.5, 0, 0],
            "0.4": [-192.5, 0, 0],
            "0.9": [-215, 0, 0],
            "1.2": [-70, 0, 0],
            "1.25": [-75, 0, 0],
            "1.3": [-70, 0, 0],
            "2.0": [-57.5, 0, 0],
            "2.1": [-185, 0, 0],
            "2.35": [-157.5, 0, 0],
            "2.5": [-59.17, 0, 0],
            "2.55": [-77.5, 0, 0],
            "2.6": [-60, 0, 0]
          },
          "position": {
            "0.0": [0, 0, 0.5],
            "0.4": [0, 1, 4.5],
            "0.6": [0, 1, 4.5],
            "0.9": [0, 0, 2.5],
            "1.2": [0, -2, 1.5],
            "1.7": [0, -2, 1.5],
            "2.0": [0, 0, 2.5],
            "2.05": [0, -1, 2.5]
          }
        },
        "leg_right": {
          "rotation": {
            "0.0": [-27.5, 0, 0],
            "0.1": [-35, 15, 0],
            "0.6": [-217.45798, 4.60233, -14.30719],
            "1.0": [-217.45798, 4.60233, -14.30719],
            "1.3": [-73.86049, 21.46862, -9.49673],
            "1.35": [-76.36049, 21.46862, -9.49673],
            "1.4": [-73.86049, 21.46862, -9.49673],
            "1.7": [-83.86049, 21.46862, -9.49673],
            "2.0": [-63.86049, 21.46862, -9.49673],
            "2.1": [-161.81914, 13.07199, -19.56166],
            "2.15": [-188.7859, 2.36977, -23.23174],
            "2.3": [-152.00743, 16.22282, -17.07394],
            "2.45": [-55.1996, 22.20869, -7.51364],
            "2.5": [-71.73719, 20.04872, -12.29256],
            "2.55": [-58.53293, 22.20869, -7.51364]
          },
          "position": {
            "0.0": [0, 0, 0.5],
            "0.6": [0, 2, 4.5],
            "1.2": [0, -2, 1.5],
            "1.7": [0, -3, 1.5],
            "1.9": [0, -1.33, 2.17],
            "2.0": [0, 1, 2.5],
            "2.05": [0, -1, 2.5]
          }
        },
        "body": {
          "position": {
            "0.0": [0, 0, 0],
            "0.05": [0, 1, 1],
            "0.35": [0, 0, 3]
          }
        },
        "eyelid_right": {
          "position": {
            "0.0": [-0.1, 0, -0.1],
            "0.05": [0, 0, 0],
            "0.55": [0, 0, 0],
            "0.6": [-0.1, 0, -0.1]
          }
        },
        "eyelid_left": {
          "position": {
            "0.0": [0.1, 0, -0.1],
            "0.05": [0, 0, 0],
            "1.85": [0, 0, 0],
            "1.9": [0.1, 0, -0.1]
          }
        },
        "neck": {
          "rotation": {
            "0.0": [15, 0, 0],
            "0.4": [25, 0, 0],
            "0.65": [30, 0, 0],
            "1.95": [35, 0, 0],
            "2.2": [0, 0, 0]
          },
          "position": {
            "0.0": [0, 0, 0],
            "0.4": [0, 0, 0],
            "0.75": [0, 0, -1],
            "1.7": [0, 0, -1],
            "2.0": [0, 0, 0]
          }
        },
        "mouth": {
          "position": {
            "0.0": [0, 0, 0],
            "0.05": [0, 0, -0.1],
            "0.5": [0, 0, -0.1],
            "0.55": [0, 0, 0]
          }
        },
        "head": {
          "rotation": {
            "0.0": [17.5, 0, 0],
            "0.05": [27.5, 0, 0],
            "0.5": [27.5, 0, 0],
            "0.75": [57.5, 0, 0],
            "1.1": [57.5, 0, 0],
            "1.85": [34.60877, 18.32739, -8.34358],
            "2.1": [85.51333, 70.16883, 81.80357],
            "2.15": [33.83303, 80.99406, 33.5051],
            "2.2": [-63.50045, 84.41125, -63.39128]
          },
          "position": {
            "0.0": [0, 0, 0],
            "0.75": [0, 0.39574, -1.35772],
            "1.1": [0, 0.4, -1.36],
            "1.85": [0, 0.4, -1.36],
            "2.1": [0, 0.31276, 0.6381]
          }
        }
      }
    }
  }
}
