{
  "format_version": "1.8.0",
  "animations": {
    "animation.groudon.ground_idle": {
      "loop": true,
      "animation_length": 4,
      "bones": {
        "middle": {
          "position": {
            "0.0": [0, 0, 0],
            "2.0": [0, 4, 0],
            "4.0": [0, 0, 0]
          }
        },
        "legs": {
          "position": {
            "0.0": [0, 0, 0],
            "2.0": [0, 1, 0],
            "4.0": [0, 0, 0]
          }
        },
        "rfoot": {
          "position": {
            "0.0": [0, 0, 0],
            "2.0": [0, -1, 0],
            "4.0": [0, 0, 0]
          }
        },
        "lfoot": {
          "position": {
            "0.0": [0, 0, 0],
            "2.0": [0, -1, 0],
            "4.0": [0, 0, 0]
          }
        },
        "tail": {
          "rotation": {
            "0.0": [0, 0, 0],
            "2.0": [-5, 0, 0],
            "4.0": [0, 0, 0]
          }
        },
        "tailseg1": {
          "rotation": {
            "0.0": [0, 0, 0],
            "2.0": [2.5, 0, 0],
            "4.0": [0, 0, 0]
          }
        },
        "tailseg2": {
          "rotation": {
            "0.0": [0, 0, 0],
            "2.0": [2.5, 0, 0],
            "4.0": [0, 0, 0]
          }
        },
        "shovel": {
          "rotation": {
            "0.0": [0, 0, 0],
            "2.0": [5, 0, 0],
            "4.0": [0, 0, 0]
          }
        },
        "lowernecc": {
          "rotation": {
            "0.0": [0, 0, 0],
            "2.0": [2.84088, 0.99087, 0.76037],
            "4.0": [0, 0, 0]
          }
        },
        "midnecc": {
          "rotation": {
            "0.0": [0, 0, 0],
            "2.0": [2.5, 0, 0],
            "4.0": [0, 0, 0]
          }
        },
        "neck": {
          "rotation": {
            "0.0": [0, 0, 0],
            "2.0": [-2.16089, 1.1539, 0.47798],
            "4.0": [0, 0, 0]
          }
        },
        "JAWBOT": {
          "rotation": {
            "0.0": [0, 0, 0],
            "2.0": [5, 0, 0],
            "4.0": [0, 0, 0]
          }
        },
        "hands": {
          "position": {
            "0.0": [0, 0, 0],
            "2.0": [0, 4, 0],
            "4.0": [0, 0, 0]
          }
        }
      }
    },
    "animation.groudon.cry": {
      "animation_length": 3,
      "bones": {
        "middle": {
          "position": {
            "0.0": [0, 0, 0],
            "1.0417": [0, 1, 0],
            "1.0833": [0, 2, 0],
            "1.125": [0, 1, 0],
            "1.1667": [0, 2, 0],
            "1.2083": [0, 1, 0],
            "1.25": [0, 2, 0],
            "1.2917": [0, 1, 0],
            "1.3333": [0, 2, 0],
            "1.375": [0, 1, 0],
            "1.4167": [0, 2, 0],
            "1.4583": [0, 1, 0],
            "1.5": [0, 2, 0],
            "1.5417": [0, 1, 0],
            "1.5833": [0, 2, 0],
            "1.625": [0, 1, 0],
            "1.6667": [0, 2, 0],
            "1.7083": [0, 1, 0],
            "1.75": [0, 2, 0],
            "1.7917": [0, 1, 0],
            "1.8333": [0, 2, 0],
            "1.875": [0, 1, 0],
            "1.9167": [0, 2, 0],
            "1.9583": [0, 1, 0],
            "2.0": [0, 2, 0],
            "2.0417": [0, 1, 0],
            "2.0833": [0, 2, 0],
            "3.0": [0, 0, 0]
          }
        },
        "tail": {
          "rotation": {
            "0.0": [0, 0, 0],
            "1.0": [5.019, 4.98093, 0.43688],
            "2.0": [5.00474, -2.49048, -0.21803],
            "3.0": [0, 0, 0]
          }
        },
        "tailseg1": {
          "rotation": {
            "0.0": [0, 0, 0],
            "1.0": [5.00474, 2.49048, 0.21803],
            "2.0": [5.00474, -2.49048, -0.21803],
            "3.0": [0, 0, 0]
          }
        },
        "tailseg2": {
          "rotation": {
            "0.0": [0, 0, 0],
            "1.0": [2.50238, 2.49762, 0.10912],
            "2.0": [2.5, 0, 0],
            "3.0": [0, 0, 0]
          }
        },
        "shovel": {
          "rotation": {
            "0.0": [0, 0, 0],
            "1.0": [15, 0, 0],
            "3.0": [0, 0, 0]
          }
        },
        "tophalf": {
          "rotation": {
            "0.0": [0, 0, 0],
            "1.0": [-7.5, 0, 0],
            "2.0": [-7.5, 0, 0],
            "3.0": [0, 0, 0]
          }
        },
        "lowernecc": {
          "rotation": {
            "0.0": [0, 0, 0],
            "1.0": [-10.34527, 14.76689, -2.66399],
            "2.0": [-5.79472, -7.29324, 1.65542],
            "3.0": [0, 0, 0]
          }
        },
        "midnecc": {
          "rotation": {
            "0.0": [0, 0, 0],
            "1.0": [-5.019, 4.98093, -0.43688],
            "2.0": [-17.46018, -5.08699, -0.09891],
            "3.0": [0, 0, 0]
          }
        },
        "neck": {
          "rotation": {
            "0.0": [0, 0, 0],
            "1.0": [-10.03742, 4.92385, -0.87038],
            "2.0": [-17.60598, -6.9972, 2.89717],
            "3.0": [0, 0, 0]
          }
        },
        "JAWTOP": {
          "rotation": {
            "0.0": [0, 0, 0],
            "1.0": [-7.5, 0, 0],
            "3.0": [0, 0, 0]
          }
        },
        "JAWBOT": {
          "rotation": {
            "0.0": [0, 0, 0],
            "1.0": [42.5, 0, 0],
            "1.0417": [39.11, 0, 0],
            "1.0833": [45.78, 0, 0],
            "1.125": [42.28, 0, 0],
            "1.1667": [42.5, 0, 0],
            "1.2083": [39.11, 0, 0],
            "1.25": [45.78, 0, 0],
            "1.2917": [42.28, 0, 0],
            "1.3333": [43.84, 0, 0],
            "1.375": [42.5, 0, 0],
            "1.4167": [39.11, 0, 0],
            "1.4583": [45.78, 0, 0],
            "1.5": [42.28, 0, 0],
            "1.5417": [43.84, 0, 0],
            "1.5833": [42.5, 0, 0],
            "1.625": [39.11, 0, 0],
            "1.6667": [45.78, 0, 0],
            "1.7083": [42.28, 0, 0],
            "1.75": [43.84, 0, 0],
            "3.0": [0, 0, 0]
          }
        },
        "rshoulder": {
          "rotation": {
            "0.0": [0, 0, 0],
            "1.0": [-49.906, 30.75505, 18.47536],
            "3.0": [0, 0, 0]
          }
        },
        "rforearm": {
          "rotation": {
            "0.0": [0, 0, 0],
            "1.0": [-4.20936, -0.20074, -2.61433],
            "2.0": [-2.02394, 9.89318, -1.6758],
            "3.0": [0, 0, 0]
          }
        },
        "rhand": {
          "rotation": {
            "0.0": [0, 0, 0],
            "1.0": [-5, 0, 0],
            "3.0": [0, 0, 0]
          }
        },
        "lshoulder": {
          "rotation": {
            "0.0": [0, 0, 0],
            "1.0": [-28.4686, -36.53802, -25.786],
            "3.0": [0, 0, 0]
          }
        },
        "lforearm": {
          "rotation": {
            "0.0": [0, 0, 0],
            "1.0": [-10, 0, 0],
            "2.0": [-4.69146, -9.96447, 0.89791],
            "3.0": [0, 0, 0]
          }
        },
        "lhand": {
          "rotation": {
            "0.0": [0, 0, 0],
            "1.0": [-10, 0, 0],
            "2.0": [-4.8126, -7.47261, 0.66771],
            "3.0": [0, 0, 0]
          }
        }
      }
    },
    "animation.groudon.quirk_ground_idle": {
      "animation_length": 11,
      "bones": {
        "tail": {
          "rotation": {
            "0.0": [0, 0, 0],
            "1.0": [5.019, 4.98093, 0.43688],
            "2.0": [5.00474, -2.49048, -0.21803],
            "3.0": [0, 0, 0]
          }
        },
        "tailseg1": {
          "rotation": {
            "0.0": [0, 0, 0],
            "1.0": [5.00474, 2.49048, 0.21803],
            "2.0": [5.00474, -2.49048, -0.21803],
            "3.0": [0, 0, 0]
          }
        },
        "tailseg2": {
          "rotation": {
            "0.0": [0, 0, 0],
            "1.0": [2.50238, 2.49762, 0.10912],
            "2.0": [2.5, 0, 0],
            "3.0": [0, 0, 0]
          }
        },
        "shovel": {
          "rotation": {
            "0.0": [0, 0, 0],
            "1.0": [15, 0, 0],
            "3.0": [0, 0, 0]
          }
        },
        "tophalf": {
          "rotation": {
            "0.0": [0, 0, 0],
            "1.0": [-7.5, 0, 0],
            "2.0": [-7.5, 0, 0],
            "3.0": [0, 0, 0]
          }
        },
        "lowernecc": {
          "rotation": {
            "0.0": [0, 0, 0],
            "1.0": [-10.34527, 14.76689, -2.66399],
            "2.0": [-5.79472, -7.29324, 1.65542],
            "3.0": [0, 0, 0]
          }
        },
        "midnecc": {
          "rotation": {
            "0.0": [0, 0, 0],
            "1.0": [-5.019, 4.98093, -0.43688],
            "2.0": [-17.46018, -5.08699, -0.09891],
            "3.0": [0, 0, 0]
          }
        },
        "neck": {
          "rotation": {
            "0.0": [0, 0, 0],
            "1.0": [-10.03742, 4.92385, -0.87038],
            "2.0": [-17.60598, -6.9972, 2.89717],
            "3.0": [0, 0, 0]
          }
        },
        "JAWTOP": {
          "rotation": {
            "0.0": [0, 0, 0],
            "1.0": [-7.5, 0, 0],
            "3.0": [0, 0, 0]
          }
        },
        "JAWBOT": {
          "rotation": {
            "0.0": [0, 0, 0],
            "1.0": [42.5, 0, 0],
            "1.0417": [39.11, 0, 0],
            "1.0833": [45.78, 0, 0],
            "1.125": [42.28, 0, 0],
            "1.1667": [42.5, 0, 0],
            "1.2083": [39.11, 0, 0],
            "1.25": [45.78, 0, 0],
            "1.2917": [42.28, 0, 0],
            "1.3333": [43.84, 0, 0],
            "1.375": [42.5, 0, 0],
            "1.4167": [39.11, 0, 0],
            "1.4583": [45.78, 0, 0],
            "1.5": [42.28, 0, 0],
            "1.5417": [43.84, 0, 0],
            "1.5833": [42.5, 0, 0],
            "1.625": [39.11, 0, 0],
            "1.6667": [45.78, 0, 0],
            "1.7083": [42.28, 0, 0],
            "1.75": [43.84, 0, 0],
            "3.0": [0, 0, 0]
          }
        },
        "rshoulder": {
          "rotation": {
            "0.0": [0, 0, 0],
            "1.0": [-49.906, 30.75505, 18.47536],
            "3.0": [0, 0, 0]
          }
        },
        "rforearm": {
          "rotation": {
            "0.0": [0, 0, 0],
            "1.0": [-4.20936, -0.20074, -2.61433],
            "2.0": [-2.02394, 9.89318, -1.6758],
            "3.0": [0, 0, 0]
          }
        },
        "rhand": {
          "rotation": {
            "0.0": [0, 0, 0],
            "1.0": [-5, 0, 0],
            "3.0": [0, 0, 0]
          }
        },
        "lshoulder": {
          "rotation": {
            "0.0": [0, 0, 0],
            "1.0": [-28.4686, -36.53802, -25.786],
            "3.0": [0, 0, 0]
          }
        },
        "lforearm": {
          "rotation": {
            "0.0": [0, 0, 0],
            "1.0": [-10, 0, 0],
            "2.0": [-4.69146, -9.96447, 0.89791],
            "3.0": [0, 0, 0]
          }
        },
        "lhand": {
          "rotation": {
            "0.0": [0, 0, 0],
            "1.0": [-10, 0, 0],
            "2.0": [-4.8126, -7.47261, 0.66771],
            "3.0": [0, 0, 0]
          }
        },
        "middle": {
          "position": {
            "0.0": [0, 0, 0],
            "1.0417": [0, 1, 0],
            "1.0833": [0, 2, 0],
            "1.125": [0, 1, 0],
            "1.1667": [0, 2, 0],
            "1.2083": [0, 1, 0],
            "1.25": [0, 2, 0],
            "1.2917": [0, 1, 0],
            "1.3333": [0, 2, 0],
            "1.375": [0, 1, 0],
            "1.4167": [0, 2, 0],
            "1.4583": [0, 1, 0],
            "1.5": [0, 2, 0],
            "1.5417": [0, 1, 0],
            "1.5833": [0, 2, 0],
            "1.625": [0, 1, 0],
            "1.6667": [0, 2, 0],
            "1.7083": [0, 1, 0],
            "1.75": [0, 2, 0],
            "1.7917": [0, 1, 0],
            "1.8333": [0, 2, 0],
            "1.875": [0, 1, 0],
            "1.9167": [0, 2, 0],
            "1.9583": [0, 1, 0],
            "2.0": [0, 2, 0],
            "2.0417": [0, 1, 0],
            "2.0833": [0, 2, 0]
          }
        }
      }
    },
    "animation.groudon.physical_attack": {
      "animation_length": 2.5417,
      "bones": {
        "rleg": {
          "rotation": {
            "0.0": [0, 0, 0],
            "1.0": [-51.25, 0, 0],
            "1.25": [0, 0, 0],
            "2.5417": [0, 0, 0]
          },
          "position": {
            "0.0": [0, 0, 0],
            "1.0": [0, 7, 0],
            "1.25": [0, 0, 0],
            "2.5417": [0, 0, 0]
          }
        },
        "rfoot": {
          "rotation": {
            "0.0": [0, 0, 0],
            "1.0": [26.25, 0, 0],
            "1.25": [0, 0, 0],
            "2.5417": [0, 0, 0]
          },
          "position": {
            "0.0": [0, 0, 0],
            "1.0": [0, 9, 0.83],
            "1.25": [0, 0, 0],
            "2.5417": [0, 0, 0]
          }
        },
        "middle": {
          "rotation": {
            "0.0": [0, 0, 0],
            "1.0": [0, 0, 0],
            "1.5": [7.5, 0, 0],
            "2.5417": [0, 0, 0]
          },
          "position": {
            "0.0": [0, 0, 0],
            "1.0": [0, 0, 0],
            "1.25": [0, -9, 0],
            "1.2917": [0, -4.71, 0],
            "1.3333": [0, -6.55, 0],
            "1.375": [0, 0, 0],
            "1.4167": [0, -9, 0],
            "1.4583": [0, -4.71, 0],
            "1.5": [0, -6.55, 0],
            "1.5417": [0, 0, 0],
            "1.5833": [0, -9, 0],
            "1.625": [0, -4.71, 0],
            "1.6667": [0, -6.55, 0],
            "1.7083": [0, 0, 0],
            "2.5417": [0, 0, 0]
          }
        },
        "tail": {
          "rotation": {
            "0.0": [0, 0, 0],
            "1.0": [2.5, 0, 0],
            "1.25": [-7.5, 0, 0],
            "2.5417": [0, 0, 0]
          }
        },
        "tailseg1": {
          "rotation": {
            "0.0": [0, 0, 0],
            "1.0": [15, 0, 0],
            "1.25": [5.07778, 0.42717, -1.01793],
            "2.5417": [0, 0, 0]
          }
        },
        "tailseg2": {
          "rotation": {
            "0.0": [0, 0, 0],
            "1.0": [12.5, 0, 0],
            "1.25": [2.5, 0, 0],
            "2.5417": [0, 0, 0]
          }
        },
        "shovel": {
          "rotation": {
            "0.0": [0, 0, 0],
            "1.0": [20, 0, 0],
            "1.25": [0, 0, 0],
            "2.5417": [0, 0, 0]
          }
        },
        "tophalf": {
          "rotation": {
            "0.0": [0, 0, 0],
            "1.0": [-15, 0, 0],
            "1.5": [-15, 0, 0],
            "2.5417": [0, 0, 0]
          },
          "position": {
            "0.0": [0, 0, 0],
            "1.0": [0, 10, 0],
            "1.25": [0, 1, 0]
          }
        },
        "lowernecc": {
          "rotation": {
            "0.0": [0, 0, 0],
            "1.0": [-17.5, 0, 0],
            "1.5": [-17.5, 0, 0],
            "2.5417": [0, 0, 0]
          }
        },
        "midnecc": {
          "rotation": {
            "0.0": [0, 0, 0],
            "1.0": [-7.5, 0, 0],
            "1.5": [-7.5, 0, 0],
            "2.5417": [0, 0, 0]
          }
        },
        "JAWBOT": {
          "rotation": {
            "0.0": [0, 0, 0],
            "1.0": [50, 0, 0],
            "1.0417": [45, 0, 0],
            "1.0833": [52.5, 0, 0],
            "1.125": [50, 0, 0],
            "1.1667": [50, 0, 0],
            "1.2083": [45, 0, 0],
            "1.25": [52.5, 0, 0],
            "1.2917": [50, 0, 0],
            "1.3333": [50, 0, 0],
            "1.375": [45, 0, 0],
            "1.4167": [52.5, 0, 0],
            "1.4583": [50, 0, 0],
            "1.5": [50, 0, 0],
            "1.5417": [45, 0, 0],
            "1.5833": [52.5, 0, 0],
            "1.625": [50, 0, 0],
            "2.5417": [0, 0, 0]
          }
        },
        "rshoulder": {
          "rotation": {
            "0.0": [0, 0, 0],
            "1.0": [-49.906, 30.75505, 18.47536],
            "1.5": [-49.906, 30.75505, 18.47536],
            "2.5417": [0, 0, 0]
          }
        },
        "rforearm": {
          "rotation": {
            "0.0": [-4.20936, -0.20074, -2.61433],
            "1.0": [-4.20936, -0.20074, -2.61433],
            "1.5": [-4.20936, -0.20074, -2.61433],
            "2.5417": [-4.20936, -0.20074, -2.61433]
          }
        },
        "rhand": {
          "rotation": {
            "0.0": [0, 0, 0],
            "1.0": [-5, 0, 0],
            "1.5": [-5, 0, 0],
            "2.5417": [0, 0, 0]
          }
        },
        "lshoulder": {
          "rotation": {
            "0.0": [0, 0, 0],
            "1.0": [-28.4686, -36.53802, -25.786],
            "1.5": [-28.4686, -36.53802, -25.786],
            "2.5417": [0, 0, 0]
          }
        },
        "lforearm": {
          "rotation": {
            "0.0": [0, 0, 0],
            "1.0": [-10, 0, 0],
            "1.5": [-10, 0, 0],
            "2.5417": [0, 0, 0]
          }
        },
        "lhand": {
          "rotation": {
            "0.0": [0, 0, 0],
            "1.0": [-10, 0, 0],
            "1.5": [-10, 0, 0],
            "2.5417": [0, 0, 0]
          }
        }
      }
    },
    "animation.groudon.blink": {
      "loop": true,
      "animation_length": 6,
      "bones": {
        "eyes": {
          "position": {
            "0.0": [0, 0, 0],
            "0.0417": [1, 0, 0],
            "0.0833": [0, 0, 0]
          }
        },
        "eyes2": {
          "position": {
            "0.0": [0, 0, 0],
            "0.0417": [-1, 0, 0],
            "0.0833": [0, 0, 0]
          }
        }
      }
    },
    "animation.groudon.sleep": {
      "loop": true,
      "animation_length": 6,
      "bones": {
        "eyes": {
          "position": [1, 0, 0]
        },
        "eyes2": {
          "position": [-1, 0, 0]
        }
      }
    },
    "animation.groudon.ground_walk": {
      "loop": true,
      "animation_length": 4,
      "bones": {
        "body": {
          "rotation": {
            "0.0": [0, 0, 0],
            "1.0": [0, 0, 2.5],
            "1.5": [0, 0, 0],
            "3.0": [0, 0, -2.5],
            "4.0": [0, 0, 0]
          },
          "position": {
            "0.0": [0, 0, 0],
            "1.0": [0, 3, 0],
            "1.5": [0, 0, 0],
            "3.0": [0, -1, 0],
            "4.0": [0, 0, 0]
          }
        },
        "rleg": {
          "rotation": {
            "0.0": [0, 0, 0],
            "1.0": [-30, 0, 0],
            "1.5": [0, 0, 0],
            "3.0": [37.5, 0, 0],
            "4.0": [0, 0, 0]
          },
          "position": {
            "0.0": [0, 0, 0],
            "1.0": [0, 8, 0],
            "1.5": [0, 0, 0],
            "4.0": [0, 0, 0]
          }
        },
        "rfoot": {
          "rotation": {
            "0.0": [0, 0, 0],
            "1.0": [20, 0, 0],
            "1.5": [0, 0, 0],
            "4.0": [0, 0, 0]
          },
          "position": {
            "0.0": [0, 0, 0],
            "1.0": [0, 4, 2],
            "1.5": [0, 0, 0],
            "4.0": [0, 0, 0]
          }
        },
        "lleg": {
          "rotation": {
            "0.0": [0, 0, 0],
            "1.5": [32.5, 0, 0],
            "2.0": [0, 0, 0],
            "3.0": [-36.25, 0, 0],
            "3.5": [0, 0, 0]
          },
          "position": {
            "0.0": [0, 0, 0],
            "2.0": [0, 0, 0],
            "3.0": [0, 9, 0],
            "3.5": [0, 0, 0]
          }
        },
        "lfoot": {
          "rotation": {
            "0.0": [0, 0, 0],
            "2.0": [0, 0, 0],
            "3.0": [20.63, 0, 0],
            "3.5": [0, 0, 0]
          },
          "position": {
            "0.0": [0, 0, 0],
            "1.5": [0, 5, 0],
            "2.0": [0, 0, 0],
            "3.0": [0, 4.25, 7.75],
            "3.5": [0, 0, 0]
          }
        },
        "middle": {
          "rotation": {
            "1.5": [0, 0, 0],
            "3.5": [0, 0, 0]
          },
          "position": {
            "0.0": [0, 0, 0],
            "1.0": [0, 2, 0],
            "1.3333": [0, 2, 0],
            "1.5": [0, 0, 0],
            "1.5417": [0, 1.06, 0],
            "1.5833": [0, 0, 0],
            "1.625": [0, -0.94, 0],
            "1.6667": [0, 0, 0],
            "3.0": [0, 2, 0],
            "3.25": [0, 2, 0],
            "3.5": [0, 0, 0],
            "3.5417": [0, 1.06, 0],
            "3.5833": [0, 0, 0],
            "3.625": [0, -0.94, 0],
            "3.6667": [0, 0, 0]
          }
        },
        "tail": {
          "rotation": {
            "0.0": [0, 0, 0],
            "1.0": [2.5, 0, 0],
            "1.5": [0, 0, 0],
            "2.5": [2.5, 0, 0],
            "3.5": [0, 0, 0]
          }
        },
        "tailseg1": {
          "rotation": {
            "0.0": [0, 0, 0],
            "1.0": [5, 0, 0],
            "1.5": [0, 0, 0],
            "2.5": [5, 0, 0],
            "3.5": [0, 0, 0]
          }
        },
        "tailseg2": {
          "rotation": {
            "0.0": [0, 0, 0],
            "1.0": [2.5, 0, 0],
            "1.5": [0, 0, 0],
            "2.5": [2.5, 0, 0],
            "3.5": [0, 0, 0]
          }
        },
        "tophalf": {
          "rotation": [5, 0, 0]
        },
        "lowernecc": {
          "rotation": [2.5, 0, 0]
        },
        "midnecc": {
          "rotation": [2.5, 0, 0]
        },
        "JAWBOT": {
          "rotation": {
            "0.0": [15, 0, 0],
            "1.5": [7.5, 0, 0],
            "2.5": [17.5, 0, 0],
            "3.5": [15, 0, 0]
          }
        },
        "hands": {
          "position": {
            "0.0": [0, 0, 0],
            "1.5": [0, 6, 0],
            "3.5": [0, 0, 0]
          }
        },
        "ltoe": {
          "rotation": {
            "0.0": [0, 0, 0],
            "1.5": [-37.5, 0, 0],
            "2.0": [0, 0, 0],
            "3.5": [0, 0, 0]
          }
        },
        "rtoes": {
          "rotation": {
            "0.0": [0, 0, 0],
            "1.5": [0, 0, 0],
            "3.0": [-42.5, 0, 0],
            "3.5": [0, 0, 0]
          }
        }
      }
    },
    "animation.groudon.faint": {
      "animation_length": 4,
      "bones": {
        "rleg": {
          "rotation": {
            "0.0": [0, 0, 0],
            "0.75": [0, 0, 0],
            "1.75": [-22.5, 0, 0],
            "2.5": [72.5, 0, 0]
          },
          "position": {
            "0.0": [0, 0, 0],
            "0.75": [0, 0, 0],
            "2.5": [0, -22, -11]
          }
        },
        "rfoot": {
          "rotation": {
            "0.0": [0, 0, 0],
            "0.75": [0, 0, 0],
            "1.75": [12.5, 0, 0],
            "2.5": [12.5, 0, 0]
          },
          "position": {
            "0.0": [0, 0, 0],
            "0.75": [0, 0, 0],
            "1.75": [0, 0, 0],
            "2.5": [0, 4, 0]
          }
        },
        "lleg": {
          "rotation": {
            "0.0": [0, 0, 0],
            "0.75": [0, 0, 0],
            "1.75": [-20, 0, 0],
            "2.5": [67.5, 0, 0]
          },
          "position": {
            "0.0": [0, 0, 0],
            "0.75": [0, 0, 0],
            "2.5": [0, -23, -17]
          }
        },
        "lfoot": {
          "rotation": {
            "0.0": [0, 0, 0],
            "0.75": [0, 0, 0],
            "1.75": [10, 0, 0],
            "2.5": [17.5, 0, 0]
          },
          "position": {
            "0.0": [0, 0, 0],
            "0.75": [0, 0, 0],
            "1.75": [0, 0, 6],
            "2.5": [0, 0, 3]
          }
        },
        "middle": {
          "rotation": {
            "0.0": [0, 0, 0],
            "0.75": [0, 0, 0],
            "1.75": [37.5, 0, 0],
            "2.5": [92.5, 0, 0]
          },
          "position": {
            "0.0": [0, 0, 0],
            "0.75": [0, 0, 0],
            "1.75": [0, 0, 0],
            "2.5": [0, 22, 10],
            "2.5417": [0, 19, 10],
            "2.5833": [0, 23, 10],
            "2.625": [0, 22, 10],
            "2.6667": [0, 19, 10],
            "2.7083": [0, 23, 10]
          }
        },
        "tail": {
          "rotation": {
            "0.0": [0, 0, 0],
            "0.75": [5.00474, -2.49048, -0.21803],
            "1.75": [-32.49526, -2.49048, -0.21803],
            "2.5": [-77.49526, -2.49048, -0.21803],
            "2.5417": [-74.99526, -2.49048, -0.21803],
            "2.5833": [-77.49526, -2.49048, -0.21803],
            "2.625": [-77.49526, -2.49048, -0.21803],
            "2.6667": [-74.99526, -2.49048, -0.21803],
            "2.7083": [-77.49526, -2.49048, -0.21803],
            "2.75": [-77.49526, -2.49048, -0.21803],
            "2.7917": [-74.99526, -2.49048, -0.21803],
            "2.8333": [-77.49526, -2.49048, -0.21803]
          },
          "position": {
            "0.0": [0, 0, 0],
            "2.5": [0, 20, -23],
            "2.5833": [0, 20, -23],
            "2.625": [0, 20, -23],
            "2.7083": [0, 20, -23],
            "2.75": [0, 20, -23],
            "2.8333": [0, 20, -23]
          }
        },
        "tailseg1": {
          "rotation": {
            "0.0": [0, 0, 0],
            "0.75": [5.00474, -2.49048, -0.21803],
            "1.75": [5.00474, -2.49048, -0.21803],
            "2.5": [-24.99526, -2.49048, -0.21803],
            "2.5417": [-27.49526, -2.49048, -0.21803],
            "2.5833": [-24.99526, -2.49048, -0.21803],
            "2.625": [-24.99526, -2.49048, -0.21803],
            "2.6667": [-27.49526, -2.49048, -0.21803],
            "2.7083": [-24.99526, -2.49048, -0.21803],
            "2.75": [-24.99526, -2.49048, -0.21803],
            "2.7917": [-27.49526, -2.49048, -0.21803],
            "2.8333": [-24.99526, -2.49048, -0.21803]
          },
          "position": {
            "0.0": [0, 0, 0],
            "2.5": [0, 0, -14],
            "2.5833": [0, 0, -14],
            "2.625": [0, 0, -14],
            "2.7083": [0, 0, -14],
            "2.75": [0, 0, -14],
            "2.8333": [0, 0, -14]
          }
        },
        "tailseg2": {
          "rotation": {
            "0.0": [0, 0, 0],
            "0.75": [2.5, 0, 0],
            "1.75": [2.5, 0, 0],
            "2.5": [-2.5, 0, 0],
            "2.5417": [0, 0, 0],
            "2.5833": [-2.5, 0, 0],
            "2.625": [-2.5, 0, 0],
            "2.6667": [0, 0, 0],
            "2.7083": [-2.5, 0, 0],
            "2.75": [-2.5, 0, 0],
            "2.7917": [0, 0, 0],
            "2.8333": [-2.5, 0, 0]
          }
        },
        "shovel": {
          "rotation": {
            "0.0": [0, 0, 0],
            "0.75": [15, 0, 0],
            "2.5": [5, 0, 0]
          }
        },
        "tophalf": {
          "rotation": {
            "0.0": [0, 0, 0],
            "0.75": [-7.5, 0, 0],
            "1.75": [-32.5, 0, 0],
            "2.5": [-17.5, 0, 0]
          },
          "position": {
            "0.0": [0, 0, 0],
            "1.75": [0, 0, -10.5],
            "2.5": [0, 0, -6]
          }
        },
        "lowernecc": {
          "rotation": {
            "0.0": [0, 0, 0],
            "0.75": [-5.79472, -7.29324, 1.65542],
            "1.75": [-33.29472, -7.29324, 1.65542],
            "2.5": [-20.79472, -7.29324, 1.65542]
          },
          "position": {
            "0.0": [0, 0, 0],
            "2.5": [0, 0, -4]
          }
        },
        "midnecc": {
          "rotation": {
            "0.0": [0, 0, 0],
            "0.75": [-17.46018, -5.08699, -0.09891],
            "1.75": [-39.96018, -5.08699, -0.09891],
            "2.5": [-2.60907, -20.07249, 0.57881]
          }
        },
        "neck": {
          "rotation": {
            "0.0": [0, 0, 0],
            "0.75": [-17.60598, -6.9972, 2.89717],
            "1.75": [-47.60598, -6.9972, 2.89717],
            "2.5": [-46.9822, 2.99017, 14.96382]
          },
          "position": {
            "0.0": [0, 0, 0],
            "2.5": [0, -6, 0]
          }
        },
        "head": {
          "rotation": {
            "0.0": [0, 0, 0],
            "2.5": [2.5, 0, 0],
            "2.7917": [-2.5, 0, 0],
            "3.125": [0, 0, 0]
          }
        },
        "eyes": {
          "position": {
            "0.0": [0, 0, 0],
            "2.5": [1, 0, 0]
          }
        },
        "eyes2": {
          "position": {
            "0.0": [0, 0, 0],
            "2.5": [-1, 0, 0]
          }
        },
        "JAWBOT": {
          "rotation": {
            "0.0": [0, 0, 0],
            "0.75": [42.5, 0, 0],
            "0.7917": [39.11, 0, 0],
            "0.8333": [45.78, 0, 0],
            "0.875": [42.28, 0, 0],
            "0.9167": [42.5, 0, 0],
            "0.9583": [39.11, 0, 0],
            "1.0": [45.78, 0, 0],
            "1.0417": [42.28, 0, 0],
            "1.0833": [43.84, 0, 0],
            "1.125": [42.5, 0, 0],
            "1.1667": [39.11, 0, 0],
            "1.2083": [45.78, 0, 0],
            "1.25": [42.28, 0, 0],
            "1.2917": [43.84, 0, 0],
            "1.3333": [42.5, 0, 0],
            "1.375": [39.11, 0, 0],
            "1.4167": [45.78, 0, 0],
            "1.4583": [42.28, 0, 0],
            "1.5": [43.84, 0, 0],
            "2.5": [-3.66, 0, 0]
          }
        },
        "rshoulder": {
          "rotation": {
            "0.0": [0, 0, 0],
            "0.75": [-49.906, 30.75505, 18.47536],
            "2.5": [-40.89818, -3.85217, 49.73634]
          }
        },
        "rforearm": {
          "rotation": {
            "0.0": [0, 0, 0],
            "0.75": [-2.02394, 9.89318, -1.6758],
            "1.75": [-2.02394, 9.89318, -1.6758],
            "2.5": [-2.00786, 19.88702, -2.02749]
          }
        },
        "rhand": {
          "rotation": {
            "0.0": [0, 0, 0],
            "0.75": [-5, 0, 0],
            "2.5": [-4.86111, 34.87838, -2.96493]
          }
        },
        "lshoulder": {
          "rotation": {
            "0.0": [0, 0, 0],
            "0.75": [-28.4686, -36.53802, -25.786],
            "2.5": [-28.41722, -16.85137, -14.83745]
          }
        },
        "lforearm": {
          "rotation": {
            "0.0": [0, 0, 0],
            "0.75": [-4.69146, -9.96447, 0.89791],
            "1.75": [-4.69146, -9.96447, 0.89791],
            "2.5": [-4.64154, -12.45619, 1.10732]
          }
        },
        "lhand": {
          "rotation": {
            "0.0": [0, 0, 0],
            "0.75": [-4.8126, -7.47261, 0.66771],
            "1.75": [-4.8126, -7.47261, 0.66771],
            "2.5": [-4.92276, -37.36927, 3.18683]
          }
        },
        "belly": {
          "rotation": {
            "0.0": [0, 0, 0],
            "0.75": [0, 0, 0],
            "1.75": [0, 0, 0],
            "2.5": [-20, 0, 0]
          },
          "position": {
            "0.0": [0, 0, 0],
            "1.75": [0, -2.77, -5.08],
            "2.5": [0, -3, -25]
          }
        }
      }
    }
  }
}
