{
  "format_version": "1.12.0",
  "minecraft:geometry": [
    {
      "description": {
        "identifier": "geometry.unknown",
        "texture_width": 64,
        "texture_height": 64,
        "visible_bounds_width": 3,
        "visible_bounds_height": 2.5,
        "visible_bounds_offset": [0, 0.75, 0]
      },
      "bones": [
        {
          "name": "jigglypuff",
          "pivot": [0, 0, 0]
        },
        {
          "name": "body",
          "parent": "jigglypuff",
          "pivot": [0, 5.5, 0]
        },
        {
          "name": "torso",
          "parent": "body",
          "pivot": [0, 1.25, 0],
          "cubes": [
            { "origin": [-4.5, 1.25, -4], "size": [9, 9, 8], "uv": [0, 0] }
          ]
        },
        {
          "name": "mouth",
          "parent": "torso",
          "pivot": [0, 4, -4]
        },
        {
          "name": "mouth_closed",
          "parent": "mouth",
          "pivot": [0, 4, -4.01],
          "cubes": [
            {
              "origin": [2.5, 4.425, -4.01],
              "size": [2, 1, 0],
              "uv": [34, 14]
            },
            {
              "origin": [-4.5, 4.425, -4.01],
              "size": [2, 1, 0],
              "uv": [14, 22]
            }
          ]
        },
        {
          "name": "teeth_right",
          "parent": "mouth_closed",
          "pivot": [-0.60538, 4.42583, -3.735]
        },
        {
          "name": "teeth_left",
          "parent": "mouth_closed",
          "pivot": [0.60538, 4.42583, -3.735]
        },
        {
          "name": "mouth2",
          "parent": "teeth_left",
          "pivot": [0.30269, 4.76292, -3.8975],
          "cubes": [
            { "origin": [-1, 4.9, -4.06], "size": [2, 1, 0], "uv": [26, 3] },
            {
              "origin": [-0.475, 4.6, -4.06],
              "size": [1, 1, 0],
              "uv": [26, 3]
            },
            {
              "origin": [-1, 4.275, -4.035],
              "size": [2, 1, 0],
              "uv": [16, 35]
            },
            {
              "origin": [-1.10538, 3.80083, -4.235],
              "size": [1, 1, 1],
              "inflate": -0.225,
              "pivot": [-0.60538, 4.30083, -3.735],
              "rotation": [0, 0, -45],
              "uv": [8, 27]
            },
            {
              "origin": [0.34347, 4.15021, -4.235],
              "size": [1, 1, 1],
              "inflate": -0.225,
              "pivot": [0.30269, 4.76292, -3.8975],
              "rotation": [0, 0, 45],
              "uv": [11, 30]
            }
          ]
        },
        {
          "name": "facepaint",
          "parent": "mouth_closed",
          "pivot": [-3.70647, 8.72044, -4.01]
        },
        {
          "name": "mouth_open",
          "parent": "mouth",
          "pivot": [0, 4, -3.91]
        },
        {
          "name": "eyes",
          "parent": "torso",
          "pivot": [0, 6.5, -4.025]
        },
        {
          "name": "eye_right",
          "parent": "eyes",
          "pivot": [-2.5, 6.5, -4.01],
          "cubes": [
            {
              "origin": [-4.075, 7.4, -4.035],
              "size": [3, 1, 0],
              "pivot": [-2.5, 7.975, -4.01],
              "rotation": [0, 0, -9],
              "uv": [0, 21]
            },
            {
              "origin": [-4.93147, 7.77044, -4.01],
              "size": [1, 1, 0],
              "pivot": [-3.70647, 8.72044, -4.01],
              "rotation": [0, 0, -51.5],
              "uv": [0, 0]
            },
            { "origin": [-4, 5, -4.06], "size": [3, 3, 0], "uv": [24, 29] },
            {
              "origin": [-2.65, 6.225, -4.11],
              "size": [1, 1, 0],
              "uv": [15, 40],
              "mirror": true
            },
            {
              "origin": [-3.425, 5.475, -4.085],
              "size": [2, 2, 0],
              "uv": [0, 33]
            }
          ]
        },
        {
          "name": "eyelid_right",
          "parent": "eye_right",
          "pivot": [-2.5, 6.5, -3.56],
          "cubes": [
            {
              "origin": [-4, 5, -3.96],
              "size": [3, 3, 0],
              "uv": [24, 42],
              "mirror": true
            }
          ]
        },
        {
          "name": "eye_left",
          "parent": "eyes",
          "pivot": [2.5, 6.5, -4.01],
          "cubes": [
            {
              "origin": [3.93147, 7.77044, -4.01],
              "size": [1, 1, 0],
              "pivot": [3.70647, 8.72044, -4.01],
              "rotation": [0, 0, 51.5],
              "uv": [0, 0],
              "mirror": true
            },
            {
              "origin": [1.075, 7.4, -4.035],
              "size": [3, 1, 0],
              "pivot": [2.5, 7.975, -4.01],
              "rotation": [0, 0, 9],
              "uv": [0, 21],
              "mirror": true
            },
            {
              "origin": [1.425, 5.475, -4.085],
              "size": [2, 2, 0],
              "uv": [15, 30]
            },
            {
              "origin": [2.2, 6.225, -4.11],
              "size": [1, 1, 0],
              "uv": [15, 40]
            },
            { "origin": [1, 5, -4.06], "size": [3, 3, 0], "uv": [24, 26] }
          ]
        },
        {
          "name": "eyelid_left",
          "parent": "eye_left",
          "pivot": [2.5, 6.5, -3.56],
          "cubes": [
            { "origin": [1, 5, -3.96], "size": [3, 3, 0], "uv": [24, 42] }
          ]
        },
        {
          "name": "string_right",
          "parent": "torso",
          "pivot": [-4.55, 6.8, 0.2],
          "rotation": [0, 0, -42.5],
          "cubes": [
            {
              "origin": [-3.95, 5.5, 1.05],
              "size": [1, 3, 0],
              "pivot": [-4.55, 6.8, 0.2],
              "rotation": [0, 0, -33.25],
              "uv": [26, 0]
            }
          ]
        },
        {
          "name": "string_left",
          "parent": "torso",
          "pivot": [4.55, 6.8, 0.2],
          "rotation": [0, 0, 42.5],
          "cubes": [
            {
              "origin": [2.95, 5.5, 1.05],
              "size": [1, 3, 0],
              "pivot": [4.55, 6.8, 0.2],
              "rotation": [0, 0, 33.25],
              "uv": [0, 30]
            }
          ]
        },
        {
          "name": "ear_left",
          "parent": "torso",
          "pivot": [2.75, 9.25, 0.75],
          "rotation": [-7.05306, -8.68225, 42.59837],
          "cubes": [
            {
              "origin": [0.75, 8.45, -0.25],
              "size": [4, 5, 2],
              "uv": [30, 26],
              "mirror": true
            }
          ]
        },
        {
          "name": "ear_right",
          "parent": "torso",
          "pivot": [-2.75, 9.25, 0.75],
          "rotation": [-7.05306, 8.68225, -42.59837],
          "cubes": [
            {
              "origin": [-4.75, 8.45, -0.25],
              "size": [4, 5, 2],
              "uv": [33, 15],
              "mirror": true
            }
          ]
        },
        {
          "name": "tuft",
          "parent": "torso",
          "pivot": [0, 9.75, -2.5],
          "cubes": [
            {
              "origin": [-2, 9.75, -2.975],
              "size": [4, 4, 4],
              "inflate": 0.01,
              "uv": [26, 0]
            }
          ]
        },
        {
          "name": "tuft2",
          "parent": "tuft",
          "pivot": [0, 11.925, -0.725],
          "rotation": [23, 0, 0],
          "cubes": [
            { "origin": [-2, 10.075, -1.2], "size": [4, 4, 6], "uv": [0, 17] }
          ]
        },
        {
          "name": "tuft3",
          "parent": "tuft2",
          "pivot": [0, 11.875, 4.275],
          "rotation": [-60, 0, 0],
          "cubes": [
            {
              "origin": [-2, 9.42966, 2.65055],
              "size": [4, 4, 5],
              "inflate": 0.01,
              "uv": [20, 17]
            }
          ]
        },
        {
          "name": "tuft4",
          "parent": "tuft3",
          "pivot": [-0.5, 11.675, 7.1],
          "rotation": [-31.5, 0, 0],
          "cubes": [
            {
              "origin": [-1.5, 9.22966, 6.47555],
              "size": [3, 4, 5],
              "inflate": 0.01,
              "uv": [0, 30]
            },
            {
              "origin": [0, 13.25466, 7.50055],
              "size": [0, 3, 2],
              "inflate": 0.01,
              "uv": [19, 15]
            },
            {
              "origin": [0, 12.25466, 9.50055],
              "size": [0, 3, 1],
              "inflate": 0.01,
              "pivot": [0, 13.25466, 10.00055],
              "rotation": [-17.25, 0, 0],
              "uv": [23, 16]
            }
          ]
        },
        {
          "name": "tuft5",
          "parent": "tuft4",
          "pivot": [-1, 9.325, 10.1],
          "rotation": [-15, 0, 0],
          "cubes": [
            {
              "origin": [-1, 9.5527, 8.99198],
              "size": [2, 3, 6],
              "inflate": 0.01,
              "uv": [14, 26]
            },
            {
              "origin": [0, 11.5527, 11.99198],
              "size": [0, 3, 1],
              "inflate": 0.01,
              "pivot": [0, 12.5527, 12.49198],
              "rotation": [-10.75, 0, 0],
              "uv": [14, 16]
            }
          ]
        },
        {
          "name": "tuft6",
          "parent": "tuft5",
          "pivot": [-1, 9.44803, 14.99144],
          "rotation": [32.5, 0, 0],
          "cubes": [
            {
              "origin": [-1, 9.5527, 14.99198],
              "size": [2, 3, 3],
              "uv": [34, 8]
            }
          ]
        },
        {
          "name": "tuft7",
          "parent": "tuft6",
          "pivot": [0, 9.59803, 17.91644],
          "rotation": [32.5, 0, 0],
          "cubes": [
            {
              "origin": [-0.525, 9.53589, 17.94964],
              "size": [1, 2, 4],
              "uv": [26, 33]
            }
          ]
        },
        {
          "name": "tuft8",
          "parent": "tuft7",
          "pivot": [0, 9.59803, 17.91644],
          "rotation": [32.5, 0, 0],
          "cubes": [
            {
              "origin": [-0.525, 7.37858, 21.28462],
              "size": [1, 2, 3],
              "inflate": 0.01,
              "uv": [14, 17]
            },
            {
              "origin": [-0.525, 7.37858, 24.28462],
              "size": [1, 2, 3],
              "pivot": [-0.025, 7.32858, 24.25962],
              "rotation": [54, 0, 0],
              "uv": [0, 0]
            }
          ]
        },
        {
          "name": "tuft9",
          "parent": "tuft8",
          "pivot": [0, 10.66658, 24.15573],
          "rotation": [32.5, 0, 0],
          "cubes": [
            {
              "origin": [-0.5, 9.66658, 23.15573],
              "size": [1, 2, 2],
              "inflate": 0.16,
              "uv": [0, 17]
            }
          ]
        },
        {
          "name": "arm_right",
          "parent": "torso",
          "pivot": [-4.5, 5.5, -3],
          "cubes": [
            {
              "origin": [-7.25, 3.5, -4],
              "size": [3, 2, 1],
              "uv": [24, 39],
              "mirror": true
            }
          ]
        },
        {
          "name": "arm_left",
          "parent": "torso",
          "pivot": [4.5, 5.5, -3],
          "cubes": [
            {
              "origin": [4.25, 3.5, -4],
              "size": [3, 2, 1],
              "uv": [0, 5],
              "mirror": true
            }
          ]
        },
        {
          "name": "leg_right",
          "parent": "body",
          "pivot": [-2.75, 2.5, 0],
          "rotation": [0, 5, 0],
          "cubes": [
            {
              "origin": [-3.75, 0.5, -1],
              "size": [2, 2, 2],
              "uv": [38, 0],
              "mirror": true
            }
          ]
        },
        {
          "name": "foot_right",
          "parent": "leg_right",
          "pivot": [-2.75, 1, 0],
          "cubes": [
            { "origin": [-4.25, 0, -1.5], "size": [3, 1, 3], "uv": [13, 36] }
          ]
        },
        {
          "name": "foot_right2",
          "parent": "foot_right",
          "pivot": [-2.75, 0, -1.5],
          "cubes": [
            {
              "origin": [-4.25, 0, -3.5],
              "size": [3, 1, 2],
              "inflate": 0.01,
              "uv": [10, 27],
              "mirror": true
            }
          ]
        },
        {
          "name": "leg_left",
          "parent": "body",
          "pivot": [2.75, 2.5, 0],
          "rotation": [0, -5, 0],
          "cubes": [
            {
              "origin": [1.75, 0.5, -1],
              "size": [2, 2, 2],
              "uv": [34, 37],
              "mirror": true
            }
          ]
        },
        {
          "name": "foot_left",
          "parent": "leg_left",
          "pivot": [2.75, 1, 0],
          "rotation": [0, 0, 0],
          "cubes": [
            { "origin": [1.25, 0, -1.5], "size": [3, 1, 3], "uv": [32, 33] }
          ]
        },
        {
          "name": "foot_left2",
          "parent": "foot_left",
          "pivot": [2.75, 0, -1.5],
          "cubes": [
            {
              "origin": [1.25, 0, -3.5],
              "size": [3, 1, 2],
              "inflate": 0.01,
              "uv": [0, 27]
            }
          ]
        }
      ]
    }
  ]
}
