{
  "format_version": "1.12.0",
  "minecraft:geometry": [
    {
      "description": {
        "identifier": "geometry.unknown",
        "texture_width": 64,
        "texture_height": 64,
        "visible_bounds_width": 3,
        "visible_bounds_height": 4.5,
        "visible_bounds_offset": [0, 1.75, 0]
      },
      "bones": [
        {
          "name": "Uxie",
          "pivot": [0, 0, 0]
        },
        {
          "name": "Body",
          "parent": "Uxie",
          "pivot": [-0.005, 26.44729, 1.07756],
          "cubes": [
            {
              "origin": [-2.5, 23.32721, -0.90112],
              "size": [5, 5, 5],
              "pivot": [0, 26.02721, 1.07388],
              "rotation": [22, 0, 0],
              "uv": [18, 16]
            },
            {
              "origin": [-2, 27.28854, -1.11474],
              "size": [4, 5, 4],
              "pivot": [0, 27.89797, 0.7819],
              "rotation": [12, 0, 0],
              "uv": [21, 27]
            },
            {
              "origin": [-1.5, 31.38261, -3.07045],
              "size": [3, 2, 3],
              "pivot": [0, 35.302, -1.10327],
              "rotation": [24.5, 0, 0],
              "uv": [51, 57]
            },
            {
              "origin": [-2.675, 22.3281, -0.40716],
              "size": [2, 1, 4],
              "pivot": [-1.425, 22.8281, 1.59284],
              "rotation": [39.74181, 5.78047, 4.78685],
              "uv": [27, 4]
            },
            {
              "origin": [0.65, 22.3281, -0.40716],
              "size": [2, 1, 4],
              "pivot": [1.4, 22.8281, 1.59284],
              "rotation": [39.74181, -5.78047, -4.78685],
              "uv": [45, 52]
            }
          ]
        },
        {
          "name": "Head",
          "parent": "Body",
          "pivot": [0.00404, 33.14618, -0.75054],
          "rotation": [-12.5, 0, 0],
          "cubes": [
            {
              "origin": [-3.5, 35.71182, -5.19179],
              "size": [7, 3, 6],
              "pivot": [0, 35.46134, -0.26792],
              "rotation": [7.5, 0, 0],
              "uv": [0, 0]
            },
            {
              "origin": [-2.975, 33.50432, -0.10883],
              "size": [6, 4, 4],
              "pivot": [0, 35.46134, -0.26792],
              "rotation": [-12.5, 0, 0],
              "uv": [0, 23]
            },
            {
              "origin": [-0.975, 35.86567, -1.93615],
              "size": [2, 3, 5],
              "pivot": [0.025, 37.74067, 0.06385],
              "rotation": [-37.5, 0, 0],
              "uv": [12, 37]
            },
            {
              "origin": [-1.66981, 34.75098, -5.92777],
              "size": [4, 3, 4],
              "pivot": [0, 35.46134, -0.26792],
              "rotation": [-8.25226, -52.06128, 7.50535],
              "uv": [37, 10]
            },
            {
              "origin": [-2.08445, 34.25174, -5.75303],
              "size": [3, 3, 4],
              "pivot": [0, 35.46134, -0.26792],
              "rotation": [-103.40263, -69.38684, 104.95176],
              "uv": [38, 42]
            },
            {
              "origin": [-1.91969, 33.57604, -5.02473],
              "size": [3, 3, 4],
              "pivot": [0, 35.46134, -0.26792],
              "rotation": [-143.59065, -39.07873, 142.12001],
              "uv": [23, 42]
            },
            {
              "origin": [-1.92074, 31.58883, -5.5242],
              "size": [4, 4, 3],
              "pivot": [0, 35.46134, -0.26792],
              "rotation": [-8.85321, -52.01641, -74.58565],
              "uv": [35, 34]
            },
            {
              "origin": [-1.73896, 31.48321, -5.56088],
              "size": [3, 4, 3],
              "pivot": [0, 35.46134, -0.26792],
              "rotation": [-131.24694, -79.80643, 49.44026],
              "uv": [52, 5]
            },
            {
              "origin": [0.88942, 36.73686, -0.14977],
              "size": [4, 3, 3],
              "pivot": [2.83942, 37.46186, 1.35023],
              "rotation": [-176.81046, -34.39872, 102.26478],
              "uv": [30, 50]
            },
            {
              "origin": [-2.10483, 31.62074, -5.56232],
              "size": [4, 4, 3],
              "pivot": [0, 35.46134, -0.26792],
              "rotation": [-8.85321, 52.01641, 74.58565],
              "uv": [1, 33]
            },
            {
              "origin": [-1.25144, 31.51444, -5.60624],
              "size": [3, 4, 3],
              "pivot": [0, 35.46134, -0.26792],
              "rotation": [-131.24694, 79.80643, -49.44026],
              "uv": [51, 34]
            },
            {
              "origin": [-4.88942, 36.76186, -0.14977],
              "size": [4, 3, 3],
              "pivot": [-2.81442, 37.51186, 1.35023],
              "rotation": [-176.81046, 34.39872, -102.26478],
              "uv": [15, 50]
            },
            {
              "origin": [-0.91555, 34.25174, -5.75303],
              "size": [3, 3, 4],
              "pivot": [0, 35.46134, -0.26792],
              "rotation": [-103.40263, 69.38684, -104.95176],
              "uv": [40, 0]
            },
            {
              "origin": [-1.08031, 33.57604, -5.02473],
              "size": [3, 3, 4],
              "pivot": [0, 35.46134, -0.26792],
              "rotation": [-143.59065, 39.07873, -142.12001],
              "uv": [0, 42]
            },
            {
              "origin": [-2.33019, 34.75098, -5.92777],
              "size": [4, 3, 4],
              "pivot": [0, 35.46134, -0.26792],
              "rotation": [-8.25226, 52.06128, -7.50535],
              "uv": [35, 23]
            },
            {
              "origin": [-1, 34.91516, -4.5332],
              "size": [2, 3, 1],
              "pivot": [0, 35.46134, -0.26792],
              "rotation": [34.5, 0, 0],
              "uv": [22, 37]
            },
            {
              "origin": [-1.25, 36.91516, -4.52316],
              "size": [1, 1, 6],
              "pivot": [0, 35.46134, -0.26792],
              "rotation": [34.5, 0, 0],
              "uv": [47, 44]
            },
            {
              "origin": [-0.25, 37.587, -5.17967],
              "size": [1, 1, 1],
              "pivot": [0, 35.46134, -0.26792],
              "rotation": [17.5, 0, 0],
              "uv": [27, 50]
            },
            {
              "origin": [-0.75, 37.587, -5.17967],
              "size": [1, 1, 1],
              "pivot": [0, 35.46134, -0.26792],
              "rotation": [17.5, 0, 0],
              "uv": [42, 50]
            },
            {
              "origin": [-0.5, 37.087, -5.22967],
              "size": [1, 2, 1],
              "pivot": [0, 35.46134, -0.26792],
              "rotation": [17.5, 0, 0],
              "uv": [0, 0]
            },
            {
              "origin": [0.25, 36.91516, -4.52316],
              "size": [1, 1, 6],
              "pivot": [0, 35.46134, -0.26792],
              "rotation": [34.5, 0, 0],
              "uv": [47, 26]
            },
            {
              "origin": [-0.5, 34.28874, -4.447],
              "size": [1, 1, 0],
              "pivot": [0, 35.46134, -0.26792],
              "rotation": [34.5, 0, 0],
              "uv": [10, 21]
            },
            {
              "origin": [-2.5, 33.38874, -4.51197],
              "size": [5, 1, 1],
              "pivot": [0, 35.46134, -0.26792],
              "rotation": [34.5, 0, 0],
              "uv": [34, 18]
            },
            {
              "origin": [-2.5, 34.38874, -4.51197],
              "size": [2, 1, 1],
              "pivot": [0, 35.46134, -0.26792],
              "rotation": [34.5, 0, 0],
              "uv": [47, 34]
            },
            {
              "origin": [0.5, 34.38874, -4.51197],
              "size": [2, 1, 1],
              "pivot": [0, 35.46134, -0.26792],
              "rotation": [34.5, 0, 0],
              "uv": [15, 46]
            },
            {
              "origin": [-3, 33.48199, -4.24251],
              "size": [6, 5, 5],
              "pivot": [0, 35.46134, -0.26792],
              "rotation": [34.5, 0, 0],
              "uv": [0, 10]
            }
          ]
        },
        {
          "name": "Mouth",
          "parent": "Head",
          "pivot": [0, 32.14724, -3.15214],
          "cubes": [
            {
              "origin": [-1, 33.86374, -4.522],
              "size": [2, 1, 0],
              "pivot": [0, 35.46134, -0.26792],
              "rotation": [34.5, 0, 0],
              "uv": [5, 21]
            }
          ]
        },
        {
          "name": "EyeLeft",
          "parent": "Head",
          "pivot": [1.6092, 34.00562, -4.16781],
          "cubes": [
            {
              "origin": [0.47762, 35.34353, -4.29497],
              "size": [2, 2, 0],
              "pivot": [0, 35.46134, -0.26792],
              "rotation": [34.3981, -2.82959, 4.12399],
              "uv": [29, 37]
            },
            {
              "origin": [0.55262, 36.37042, -4.31793],
              "size": [2, 1, 0],
              "pivot": [0, 35.46134, -0.26792],
              "rotation": [34.3981, -2.82959, 4.12399],
              "uv": [0, 13]
            }
          ]
        },
        {
          "name": "EyeLidLeft",
          "parent": "EyeLeft",
          "pivot": [1.58019, 33.37014, -3.74737],
          "cubes": [
            {
              "origin": [0.55262, 35.34549, -4.31989],
              "size": [2, 1, 0],
              "pivot": [0, 35.46134, -0.26792],
              "rotation": [34.3981, -2.82959, 4.12399],
              "uv": [21, 4]
            }
          ]
        },
        {
          "name": "EyeRight",
          "parent": "Head",
          "pivot": [-1.6092, 34.00562, -4.16781],
          "cubes": [
            {
              "origin": [-2.47762, 35.34353, -4.29497],
              "size": [2, 2, 0],
              "pivot": [0, 35.46134, -0.26792],
              "rotation": [34.3981, 2.82959, -4.12399],
              "uv": [0, 10]
            },
            {
              "origin": [-2.55262, 36.37042, -4.31793],
              "size": [2, 1, 0],
              "pivot": [0, 35.46134, -0.26792],
              "rotation": [34.3981, 2.82959, -4.12399],
              "uv": [0, 4]
            }
          ]
        },
        {
          "name": "EyeLidRight",
          "parent": "EyeRight",
          "pivot": [-1.58019, 33.37014, -3.74737],
          "cubes": [
            {
              "origin": [-2.55262, 35.34549, -4.31989],
              "size": [2, 1, 0],
              "pivot": [0, 35.46134, -0.26792],
              "rotation": [34.3981, 2.82959, -4.12399],
              "uv": [0, 21]
            }
          ]
        },
        {
          "name": "ArmLeft",
          "parent": "Body",
          "pivot": [1.86961, 30.7572, 0.19417],
          "cubes": [
            {
              "origin": [1.775, 30.34735, -0.43608],
              "size": [4, 1, 2],
              "pivot": [3.575, 31.37235, 0.56392],
              "rotation": [-23, 0, 0],
              "uv": [31, 0],
              "mirror": true
            }
          ]
        },
        {
          "name": "HandLeft",
          "parent": "ArmLeft",
          "pivot": [5.76961, 30.7572, 0.19417],
          "cubes": [
            {
              "origin": [5.775, 30.34735, -0.43608],
              "size": [5, 1, 2],
              "pivot": [3.575, 31.37235, 0.56392],
              "rotation": [-23, 0, 0],
              "uv": [21, 0],
              "mirror": true
            },
            {
              "origin": [8.17032, 30.02908, -0.60267],
              "size": [2, 1, 1],
              "pivot": [9.67032, 30.32908, -0.17767],
              "rotation": [-21.83805, 7.40143, 17.82025],
              "uv": [34, 42]
            }
          ]
        },
        {
          "name": "ArmRight",
          "parent": "Body",
          "pivot": [-1.76961, 30.7572, 0.19417],
          "cubes": [
            {
              "origin": [-5.55, 30.34735, -0.43608],
              "size": [4, 1, 2],
              "pivot": [-3.35, 31.37235, 0.56392],
              "rotation": [-23, 0, 0],
              "uv": [28, 10]
            }
          ]
        },
        {
          "name": "HandRight",
          "parent": "ArmRight",
          "pivot": [-5.59461, 30.7572, 0.19417],
          "cubes": [
            {
              "origin": [-10.55, 30.34735, -0.43608],
              "size": [5, 1, 2],
              "pivot": [-3.35, 31.37235, 0.56392],
              "rotation": [-23, 0, 0],
              "uv": [18, 10]
            },
            {
              "origin": [-9.94532, 30.02908, -0.60267],
              "size": [2, 1, 1],
              "pivot": [-9.44532, 30.32908, -0.17767],
              "rotation": [-21.83805, -7.40143, -17.82025],
              "uv": [13, 32]
            }
          ]
        },
        {
          "name": "TailLeft",
          "parent": "Body",
          "pivot": [0.75, 25.32545, 4.53887],
          "rotation": [-2.49762, 0.10901, 2.49762],
          "cubes": [
            {
              "origin": [0.25, 18.18298, 9.01072],
              "size": [1, 8, 0],
              "inflate": 0.01,
              "pivot": [0, 14.18298, 9.01072],
              "rotation": [22, 0, 0],
              "uv": [24, 56]
            }
          ]
        },
        {
          "name": "TailLeft2",
          "parent": "TailLeft",
          "pivot": [0.7, 17.88298, 7.53572],
          "rotation": [-19.71975, -3.40487, -9.40804],
          "cubes": [
            {
              "origin": [0.36736, 11.17601, 8.99954],
              "size": [1, 7, 0],
              "inflate": 0.01,
              "pivot": [0, 14.18298, 9.01072],
              "rotation": [22, 0, 0],
              "uv": [27, 57]
            }
          ]
        },
        {
          "name": "TailLeft3",
          "parent": "TailLeft2",
          "pivot": [0.7, 11.39051, 10.13257],
          "rotation": [-12.35932, -2.24944, -7.15656],
          "cubes": [
            {
              "origin": [0.86959, 4.67347, 12.73793],
              "size": [1, 2, 0],
              "pivot": [0.64957, 5.02079, 13.02368],
              "rotation": [18.31242, 12.40764, -32.99248],
              "uv": [21, 27]
            },
            {
              "origin": [-0.17789, 4.93577, 12.76293],
              "size": [1, 2, 0],
              "pivot": [0.64957, 5.02079, 13.02368],
              "rotation": [18.81666, -11.61158, 30.56955],
              "uv": [0, 32]
            },
            {
              "origin": [0.36501, 3.24026, 8.96687],
              "size": [1, 8, 0],
              "inflate": 0.01,
              "pivot": [-0.10043, 14.29263, 9.20261],
              "rotation": [22, 0, 0],
              "uv": [21, 56]
            },
            {
              "origin": [-2.63499, -3.75974, 8.96687],
              "size": [7, 7, 0],
              "pivot": [-0.10043, 14.29263, 9.20261],
              "rotation": [22, 0, 0],
              "uv": [0, 50]
            }
          ]
        },
        {
          "name": "TailRight",
          "parent": "Body",
          "pivot": [-0.75, 25.47545, 4.61387],
          "rotation": [-2.49762, 0.10901, 2.49762],
          "cubes": [
            {
              "origin": [-1.25, 18.33298, 9.08572],
              "size": [1, 8, 0],
              "inflate": 0.01,
              "pivot": [0, 14.33298, 9.08572],
              "rotation": [22, 0, 0],
              "uv": [18, 56]
            }
          ]
        },
        {
          "name": "TailRight2",
          "parent": "TailRight",
          "pivot": [-0.7, 18.03298, 7.61072],
          "rotation": [-20, 0, 0],
          "cubes": [
            {
              "origin": [-1.29358, 11.33199, 9.07696],
              "size": [1, 7, 0],
              "inflate": 0.01,
              "pivot": [0, 14.33298, 9.08572],
              "rotation": [22, 0, 0],
              "uv": [56, 42]
            }
          ]
        },
        {
          "name": "TailRight3",
          "parent": "TailRight2",
          "pivot": [-0.7, 11.46551, 10.23257],
          "rotation": [-17.43745, 1.50179, 4.76968],
          "cubes": [
            {
              "origin": [-1.82013, 4.91847, 12.78491],
              "size": [1, 2, 0],
              "pivot": [-0.68852, 5.20841, 13.14619],
              "rotation": [18.31242, -12.40764, 32.99248],
              "uv": [27, 4]
            },
            {
              "origin": [-0.77422, 5.06367, 12.80991],
              "size": [1, 2, 0],
              "pivot": [-0.68852, 5.20841, 13.14619],
              "rotation": [18.81666, 11.61158, -30.56955],
              "uv": [0, 23]
            },
            {
              "origin": [-1.29863, 3.42417, 9.01385],
              "size": [1, 8, 0],
              "inflate": 0.01,
              "pivot": [0.06148, 14.48025, 9.32512],
              "rotation": [22, 0, 0],
              "uv": [15, 56]
            },
            {
              "origin": [-4.29863, -3.57583, 9.01385],
              "size": [7, 7, 0],
              "pivot": [0.06148, 14.48025, 9.32512],
              "rotation": [22, 0, 0],
              "uv": [48, 18]
            }
          ]
        }
      ]
    }
  ]
}
