{
  "format_version": "1.12.0",
  "minecraft:geometry": [
    {
      "description": {
        "identifier": "geometry.vullaby",
        "texture_width": 64,
        "texture_height": 64,
        "visible_bounds_width": 3,
        "visible_bounds_height": 2.5,
        "visible_bounds_offset": [0, 0.75, 0]
      },
      "bones": [
        {
          "name": "vullaby",
          "pivot": [-3.1786, 0.76819, -1.56888]
        },
        {
          "name": "body",
          "parent": "vullaby",
          "pivot": [-3.13682, 0.52635, -1.30954]
        },
        {
          "name": "torso",
          "parent": "body",
          "pivot": [-1.47648, 7.02635, 1.15731],
          "cubes": [
            {
              "origin": [-2.5, 6.63923, -2.31959],
              "size": [5, 3, 5],
              "pivot": [0, 9.13923, -0.19459],
              "rotation": [2.5, 0, 0],
              "uv": [0, 19]
            }
          ]
        },
        {
          "name": "fuzz",
          "parent": "torso",
          "pivot": [0, 10.11647, 0.34855],
          "cubes": [
            {
              "origin": [-3, 9.36647, -2.90145],
              "size": [6, 2, 6],
              "pivot": [0, 10.11647, 0.34855],
              "rotation": [7.5, 0, 0],
              "uv": [0, 11]
            }
          ]
        },
        {
          "name": "fuzz_outer",
          "parent": "fuzz",
          "pivot": [-3, 11.32314, -0.06247],
          "cubes": [
            {
              "origin": [-2.5, 8.86647, -3.15145],
              "size": [5, 3, 0],
              "pivot": [0, 10.11647, 0.34855],
              "rotation": [7.5, 0, 0],
              "uv": [0, 32]
            },
            {
              "origin": [-2.5, 8.86647, 3.34855],
              "size": [5, 3, 0],
              "pivot": [0, 10.11647, 0.34855],
              "rotation": [7.5, 0, 0],
              "uv": [31, 0]
            },
            {
              "origin": [3.25, 8.86647, -2.40145],
              "size": [0, 3, 5],
              "pivot": [0, 10.11647, 0.34855],
              "rotation": [7.5, 0, 0],
              "uv": [10, 22]
            },
            {
              "origin": [-3.25, 8.86647, -2.40145],
              "size": [0, 3, 5],
              "pivot": [0, 10.11647, 0.34855],
              "rotation": [7.5, 0, 0],
              "uv": [0, 22]
            },
            {
              "origin": [2.65, 10.32314, -2.56247],
              "size": [0, 2, 5],
              "pivot": [3, 11.32314, -0.06247],
              "rotation": [7.05239, -2.55868, 19.8423],
              "uv": [10, 25]
            },
            {
              "origin": [-2.5, 5.93157, 1.4632],
              "size": [5, 2, 0],
              "pivot": [0, 10.93157, -3.0368],
              "rotation": [27.5, 0, 0],
              "uv": [28, 13]
            },
            {
              "origin": [-2.5, 9.93157, -2.5368],
              "size": [5, 2, 0],
              "pivot": [0, 10.93157, -3.0368],
              "rotation": [27.5, 0, 0],
              "uv": [10, 32]
            },
            {
              "origin": [-2.5, 6.71472, -1.61313],
              "size": [5, 2, 0],
              "pivot": [0, 11.71472, 2.91187],
              "rotation": [-12.5, 0, 0],
              "uv": [32, 7]
            },
            {
              "origin": [-2.5, 10.71472, 2.41187],
              "size": [5, 2, 0],
              "pivot": [0, 11.71472, 2.91187],
              "rotation": [-12.5, 0, 0],
              "uv": [32, 9]
            },
            {
              "origin": [-1.6, 6.32314, -2.56247],
              "size": [0, 2, 5],
              "pivot": [3, 11.32314, -0.06247],
              "rotation": [7.05239, -2.55868, 19.8423],
              "uv": [20, 24]
            },
            {
              "origin": [1.6, 6.32314, -2.56247],
              "size": [0, 2, 5],
              "pivot": [-3, 11.32314, -0.06247],
              "rotation": [7.05239, 2.55868, -19.8423],
              "uv": [0, 25]
            },
            {
              "origin": [-2.65, 10.32314, -2.56247],
              "size": [0, 2, 5],
              "pivot": [-3, 11.32314, -0.06247],
              "rotation": [7.05239, 2.55868, -19.8423],
              "uv": [18, 8]
            }
          ]
        },
        {
          "name": "head",
          "parent": "torso",
          "pivot": [0, 11.88923, -2.61959],
          "cubes": [
            {
              "origin": [-2, 11.13923, -2.11959],
              "size": [4, 3, 4],
              "uv": [20, 15]
            },
            {
              "origin": [-0.5, 11.38923, -3.11959],
              "size": [1, 1, 1],
              "uv": [0, 35]
            },
            {
              "origin": [-0.5, 11.13923, -2.86959],
              "size": [1, 1, 1],
              "pivot": [0, 11.88923, -2.61959],
              "rotation": [-5, 0, 0],
              "uv": [14, 34]
            }
          ]
        },
        {
          "name": "tuff_main",
          "parent": "head",
          "pivot": [0, 14.38923, 2.88041],
          "cubes": [
            {
              "origin": [-0.5, 14.63923, 1.38041],
              "size": [1, 1, 5],
              "pivot": [0, 14.38923, 2.88041],
              "rotation": [34.79536, 2.22208, -0.22262],
              "uv": [25, 7]
            }
          ]
        },
        {
          "name": "tuff",
          "parent": "tuff_main",
          "pivot": [0, 14.38923, 2.88041],
          "cubes": [
            {
              "origin": [0, 13.13923, 0.88041],
              "size": [0, 4, 4],
              "pivot": [0, 14.38923, 2.88041],
              "rotation": [34.79536, 2.22208, -0.22262],
              "uv": [20, 27]
            }
          ]
        },
        {
          "name": "eyes",
          "parent": "head",
          "pivot": [-1.55, 12.63923, -2.29459]
        },
        {
          "name": "eye_right",
          "parent": "eyes",
          "pivot": [-1.55, 12.63923, -2.29459],
          "cubes": [
            {
              "origin": [-2.05, 11.63923, -2.26959],
              "size": [1, 2, 0],
              "pivot": [-1.55, 12.63923, -2.31959],
              "rotation": [-5, 0, 0],
              "uv": [4, 14]
            },
            {
              "origin": [-1.9, 11.88923, -2.26959],
              "size": [1, 1, 0],
              "pivot": [-1.55, 12.63923, -2.29459],
              "rotation": [-5, 12.5, 0],
              "uv": [5, 0]
            }
          ]
        },
        {
          "name": "eyelish_right",
          "parent": "eye_right",
          "pivot": [-1.65, 12.63923, -2.21959],
          "cubes": [
            {
              "origin": [-2.65, 11.73923, -2.21959],
              "size": [2, 2, 0],
              "pivot": [-1.65, 12.63923, -2.21959],
              "rotation": [0, 0, 7.5],
              "uv": [18, 15]
            }
          ]
        },
        {
          "name": "eyelid_right",
          "parent": "eye_right",
          "pivot": [-1.65, 12.63923, -2.21959],
          "cubes": [
            {
              "origin": [-2.65, 11.73923, -2.21959],
              "size": [2, 1, 0],
              "pivot": [-1.65, 12.63923, -2.21959],
              "rotation": [0, 0, 7.5],
              "uv": [19, 22]
            }
          ]
        },
        {
          "name": "eye_left",
          "parent": "eyes",
          "pivot": [1.55, 12.63923, -2.29459],
          "cubes": [
            {
              "origin": [1.05, 11.63923, -2.26959],
              "size": [1, 2, 0],
              "pivot": [1.55, 12.63923, -2.31959],
              "rotation": [-5, 0, 0],
              "uv": [22, 11]
            },
            {
              "origin": [0.9, 11.88923, -2.26959],
              "size": [1, 1, 0],
              "pivot": [1.55, 12.63923, -2.29459],
              "rotation": [-5, -12.5, 0],
              "uv": [5, 3]
            }
          ]
        },
        {
          "name": "eyelash_left",
          "parent": "eye_left",
          "pivot": [1.65, 12.63923, -2.21959],
          "cubes": [
            {
              "origin": [0.65, 11.73923, -2.21959],
              "size": [2, 2, 0],
              "pivot": [1.65, 12.63923, -2.21959],
              "rotation": [0, 0, -7.5],
              "uv": [10, 34]
            }
          ]
        },
        {
          "name": "eyelid_left",
          "parent": "eye_left",
          "pivot": [1.65, 12.63923, -2.21959],
          "cubes": [
            {
              "origin": [0.65, 11.73923, -2.21959],
              "size": [2, 1, 0],
              "pivot": [1.65, 12.63923, -2.21959],
              "rotation": [0, 0, -7.5],
              "uv": [0, 23]
            }
          ]
        },
        {
          "name": "wing_right",
          "parent": "torso",
          "pivot": [-2.8, 9.79064, -1.29671],
          "cubes": [
            {
              "origin": [-8.5, 6.99064, -0.29671],
              "size": [6, 4, 0],
              "pivot": [-5.5, 8.59064, -1.29671],
              "rotation": [-17.5, 0, -20],
              "uv": [28, 22]
            }
          ]
        },
        {
          "name": "wing_left",
          "parent": "torso",
          "pivot": [3, 9.09064, -1.29671],
          "cubes": [
            {
              "origin": [2.5, 6.99064, -0.29671],
              "size": [6, 4, 0],
              "pivot": [5.5, 8.59064, -1.29671],
              "rotation": [-17.5, 0, 20],
              "uv": [30, 29]
            }
          ]
        },
        {
          "name": "skull",
          "parent": "torso",
          "pivot": [0, 5.2, 0.5],
          "cubes": [
            {
              "origin": [-4, 3.2, -3],
              "size": [8, 4, 7],
              "pivot": [0, 5.2, 0.5],
              "rotation": [10, 0, 0],
              "uv": [0, 0]
            },
            {
              "origin": [0.75, 5.85844, -3.29006],
              "size": [2, 2, 1],
              "pivot": [2, 7.15844, -2.79006],
              "rotation": [10, 0, 32.5],
              "uv": [0, 0]
            },
            {
              "origin": [-0.5, 5.025, -3.225],
              "size": [1, 2, 1],
              "pivot": [0, 5.5, 0.425],
              "rotation": [7.10708, 7.05302, -44.56145],
              "uv": [28, 33]
            },
            {
              "origin": [-0.5, 5.025, -3.225],
              "size": [1, 2, 1],
              "pivot": [0, 5.5, 0.425],
              "rotation": [7.10708, -7.05302, 44.56145],
              "uv": [32, 33]
            },
            {
              "origin": [-2.75, 5.85844, -3.29006],
              "size": [2, 2, 1],
              "pivot": [-2, 7.15844, -2.79006],
              "rotation": [10, 0, -32.5],
              "uv": [0, 3]
            },
            {
              "origin": [-1, 7.05, -2.9],
              "size": [2, 2, 1],
              "pivot": [0, 5.2, 0.5],
              "rotation": [10, 0, 0],
              "uv": [0, 11]
            }
          ]
        },
        {
          "name": "leg_right",
          "parent": "body",
          "pivot": [-1.47648, 1.52635, 0.05731],
          "cubes": [
            {
              "origin": [-2.77065, 1.8789, -3.08985],
              "size": [2, 3, 4],
              "pivot": [-1.52065, 3.3789, -1.83985],
              "rotation": [12.5, 10, -5],
              "uv": [23, 0]
            }
          ]
        },
        {
          "name": "leg_lower_right",
          "parent": "leg_right",
          "pivot": [-3.13682, 0.52635, -1.30954],
          "cubes": [
            {
              "origin": [-1.97648, 0.22635, -0.44269],
              "size": [1, 3, 1],
              "pivot": [-1.47648, 1.52635, 0.05731],
              "rotation": [12.5, 10, 10],
              "uv": [0, 19]
            }
          ]
        },
        {
          "name": "foot_right",
          "parent": "leg_lower_right",
          "pivot": [-2.27329, 0.78322, -1.9505],
          "cubes": [
            {
              "origin": [-2.72648, 0.02635, -1.69269],
              "size": [2, 1, 2],
              "pivot": [-1.47648, 1.52635, 0.05731],
              "rotation": [0, 15, 0],
              "uv": [32, 15]
            }
          ]
        },
        {
          "name": "talons_right",
          "parent": "foot_right",
          "pivot": [-3.1786, 0.76819, -1.56888],
          "cubes": [
            {
              "origin": [-1.27329, 0.38322, -3.2005],
              "size": [0, 1, 2],
              "pivot": [-2.27329, 0.78322, -1.9505],
              "rotation": [25, -7.5, 0],
              "uv": [0, 14]
            },
            {
              "origin": [-2.13682, 0.42635, -2.55954],
              "size": [0, 1, 2],
              "pivot": [-3.13682, 0.52635, -1.30954],
              "rotation": [25, 15, 0],
              "uv": [0, 4]
            },
            {
              "origin": [-3.1786, 0.26819, -2.56888],
              "size": [0, 1, 2],
              "pivot": [-3.1786, 0.76819, -1.56888],
              "rotation": [25, 30, 0],
              "uv": [0, 13]
            }
          ]
        },
        {
          "name": "leg_left",
          "parent": "body",
          "pivot": [-1.52065, 3.3789, -1.83985],
          "cubes": [
            {
              "origin": [0.77065, 1.8789, -3.08985],
              "size": [2, 3, 4],
              "pivot": [1.52065, 3.3789, -1.83985],
              "rotation": [12.5, -10, 5],
              "uv": [20, 22]
            }
          ]
        },
        {
          "name": "leg_lower_left",
          "parent": "leg_left",
          "pivot": [1.47648, 1.52635, 0.05731],
          "cubes": [
            {
              "origin": [0.97648, 0.22635, -0.44269],
              "size": [1, 3, 1],
              "pivot": [1.47648, 1.52635, 0.05731],
              "rotation": [12.5, -10, -10],
              "uv": [15, 19]
            }
          ]
        },
        {
          "name": "foot_left",
          "parent": "leg_left",
          "pivot": [3.13682, 0.52635, -1.30954],
          "cubes": [
            {
              "origin": [0.72648, 0.02635, -1.69269],
              "size": [2, 1, 2],
              "pivot": [1.47648, 1.52635, 0.05731],
              "rotation": [0, -15, 0],
              "uv": [32, 26]
            }
          ]
        },
        {
          "name": "talons_left",
          "parent": "foot_left",
          "pivot": [2.27329, 0.78322, -1.9505],
          "cubes": [
            {
              "origin": [1.27329, 0.38322, -3.2005],
              "size": [0, 1, 2],
              "pivot": [2.27329, 0.78322, -1.9505],
              "rotation": [25, 7.5, 0],
              "uv": [18, 10]
            },
            {
              "origin": [2.13682, 0.42635, -2.55954],
              "size": [0, 1, 2],
              "pivot": [3.13682, 0.52635, -1.30954],
              "rotation": [25, -15, 0],
              "uv": [0, 12]
            },
            {
              "origin": [3.1786, 0.26819, -2.56888],
              "size": [0, 1, 2],
              "pivot": [3.1786, 0.76819, -1.56888],
              "rotation": [25, -30, 0],
              "uv": [18, 9]
            }
          ]
        }
      ]
    }
  ]
}
