{
  "format_version": "1.12.0",
  "minecraft:geometry": [
    {
      "description": {
        "identifier": "geometry.marill",
        "texture_width": 32,
        "texture_height": 32,
        "visible_bounds_width": 3,
        "visible_bounds_height": 2.5,
        "visible_bounds_offset": [0, 0.75, 0]
      },
      "bones": [
        {
          "name": "bb_main",
          "pivot": [0, 0, 0]
        },
        {
          "name": "lfoot",
          "parent": "bb_main",
          "pivot": [2, 0.5, -1],
          "cubes": [
            {
              "origin": [1, 0, -3],
              "size": [2, 1, 4],
              "pivot": [2, 0.5, -1],
              "rotation": [0, -25, 0],
              "uv": [20, 0]
            }
          ]
        },
        {
          "name": "rfoot",
          "parent": "bb_main",
          "pivot": [-2, 0.5, -1],
          "cubes": [
            {
              "origin": [-3, 0, -3],
              "size": [2, 1, 4],
              "pivot": [-2, 0.5, -1],
              "rotation": [0, 25, 0],
              "uv": [20, 0],
              "mirror": true
            }
          ]
        },
        {
          "name": "bb_upperbdody",
          "parent": "bb_main",
          "pivot": [0, 1.05833, -0.625],
          "cubes": [
            { "origin": [-3, 0.99981, -3], "size": [6, 6, 6], "uv": [0, 6] },
            {
              "origin": [-4.3, 5.99981, -1],
              "size": [3, 3, 2],
              "pivot": [-2.8, 7.49981, 0],
              "rotation": [0, -10, -25],
              "uv": [0, 0],
              "mirror": true
            },
            {
              "origin": [1.3, 5.99981, -1],
              "size": [3, 3, 2],
              "pivot": [2.8, 7.49981, 0],
              "rotation": [0, 10, 25],
              "uv": [0, 0]
            }
          ]
        },
        {
          "name": "face",
          "parent": "bb_upperbdody",
          "pivot": [0, 5.38314, -3.025],
          "cubes": [
            {
              "origin": [-1, 3.72481, -3.035],
              "size": [1, 1, 0],
              "uv": [15, 28]
            },
            {
              "origin": [-0.625, 4.34981, -3.26],
              "size": [1, 1, 1],
              "inflate": -0.25,
              "uv": [22, 19]
            },
            {
              "origin": [-0.5, 3.72481, -3.035],
              "size": [1, 1, 0],
              "uv": [3, 22]
            },
            {
              "origin": [-0.75, 3.54981, -3.01],
              "size": [1, 1, 0],
              "uv": [3, 23]
            }
          ]
        },
        {
          "name": "eye_right",
          "parent": "face",
          "pivot": [-1.55, 5.49981, -3.0125],
          "cubes": [
            {
              "origin": [-2.1, 4.94981, -3.015],
              "size": [1, 1, 0],
              "uv": [15, 26]
            },
            {
              "origin": [-2.5, 4.54981, -3.01],
              "size": [2, 2, 0],
              "uv": [15, 30]
            }
          ]
        },
        {
          "name": "eye_left",
          "parent": "face",
          "pivot": [1.55, 5.49981, -3.0125],
          "cubes": [
            {
              "origin": [0.5, 4.54981, -3.01],
              "size": [2, 2, 0],
              "uv": [15, 30],
              "mirror": true
            },
            {
              "origin": [1.1, 4.94981, -3.015],
              "size": [1, 1, 0],
              "uv": [15, 26],
              "mirror": true
            }
          ]
        },
        {
          "name": "bb_leaftarm",
          "parent": "bb_upperbdody",
          "pivot": [2.5, 3.49981, -0.5],
          "cubes": [
            {
              "origin": [2, 2.49981, -1.5],
              "size": [3, 2, 2],
              "pivot": [3.5, 3.49981, -0.5],
              "rotation": [0, 20, 25],
              "uv": [12, 22]
            }
          ]
        },
        {
          "name": "bb_rightarm",
          "parent": "bb_upperbdody",
          "pivot": [-2.5, 3.49981, -0.5],
          "cubes": [
            {
              "origin": [-5, 2.49981, -1.5],
              "size": [3, 2, 2],
              "pivot": [-3.5, 3.49981, -0.5],
              "rotation": [0, -20, -25],
              "uv": [12, 22],
              "mirror": true
            }
          ]
        },
        {
          "name": "bb_tail",
          "parent": "bb_upperbdody",
          "pivot": [0, 1.49981, 3],
          "cubes": [
            {
              "origin": [0, -0.00019, 3.5],
              "size": [0, 5, 5],
              "pivot": [0, 2.49981, 6],
              "rotation": [-30, 0, 0],
              "uv": [22, 22]
            },
            {
              "origin": [-1.5, 4.19981, 8.2],
              "size": [3, 3, 3],
              "pivot": [0, 5.69981, 9.7],
              "rotation": [24.03208, 42.406, 16.73634],
              "uv": [0, 26]
            }
          ]
        }
      ]
    }
  ]
}
