{
  "format_version": "1.12.0",
  "minecraft:geometry": [
    {
      "description": {
        "identifier": "geometry.unknown",
        "texture_width": 128,
        "texture_height": 128,
        "visible_bounds_width": 3,
        "visible_bounds_height": 3.5,
        "visible_bounds_offset": [0, 1.25, 0]
      },
      "bones": [
        {
          "name": "bone2",
          "pivot": [0, 0, 0]
        },
        {
          "name": "body",
          "parent": "bone2",
          "pivot": [0, 0, 0]
        },
        {
          "name": "bone",
          "parent": "body",
          "pivot": [0, 0, 0]
        },
        {
          "name": "top_sauce",
          "parent": "bone",
          "pivot": [5, 7.25, 0],
          "cubes": [
            { "origin": [5, 4.25, -5], "size": [0, 6, 10], "uv": [0, 20] },
            { "origin": [-5, 10.25, -5], "size": [10, 0, 10], "uv": [26, 13] },
            { "origin": [-5, 4.25, -5], "size": [10, 6, 0], "uv": [40, 39] },
            { "origin": [-5, 4.25, -5], "size": [0, 6, 10], "uv": [0, 26] },
            { "origin": [-5, 4.25, 5], "size": [10, 6, 0], "uv": [20, 39] }
          ]
        },
        {
          "name": "head_worm",
          "parent": "bone",
          "pivot": [3.5, 0, -3.5],
          "cubes": [
            { "origin": [-4.5, 2, -4.5], "size": [9, 8, 9], "uv": [0, 13] }
          ]
        },
        {
          "name": "head",
          "parent": "head_worm",
          "pivot": [4, 7.25, -1.025],
          "cubes": [
            { "origin": [-2, 8.25, -2.075], "size": [4, 3, 4], "uv": [41, 0] },
            {
              "origin": [-1.5, 8.975, -4.425],
              "size": [3, 1, 3],
              "inflate": 0.025,
              "uv": [0, 0]
            },
            { "origin": [-1.5, 8.25, -3.9], "size": [3, 1, 2], "uv": [41, 7] }
          ]
        },
        {
          "name": "anthena_1",
          "parent": "head",
          "pivot": [0, 10.725, 0],
          "cubes": [
            { "origin": [-0.5, 11.2, -0.5], "size": [1, 6, 1], "uv": [27, 13] }
          ]
        },
        {
          "name": "anthena_2",
          "parent": "anthena_1",
          "pivot": [0, 16.725, 0],
          "cubes": [
            {
              "origin": [-0.5, 16.2, -0.5],
              "size": [1, 8, 1],
              "inflate": -0.175,
              "uv": [8, 4]
            }
          ]
        },
        {
          "name": "eye",
          "parent": "head",
          "pivot": [1, 11.725, -0.95],
          "cubes": [
            {
              "origin": [-3.65, 11.225, -1],
              "size": [4, 6, 0],
              "pivot": [-0.95, 11.725, -1],
              "rotation": [0, 0, -12.5],
              "uv": [0, 10]
            },
            {
              "origin": [-0.35, 11.225, -1],
              "size": [4, 6, 0],
              "pivot": [0.95, 11.725, -1],
              "rotation": [0, 0, 12.5],
              "uv": [0, 4]
            },
            {
              "origin": [-3, 13.225, -1.025],
              "size": [1, 1, 0],
              "pivot": [-2.5, 14.225, -1.025],
              "rotation": [0, 0, -12.5],
              "uv": [54, 11]
            },
            {
              "origin": [2, 13.225, -1.025],
              "size": [1, 1, 0],
              "pivot": [2.5, 14.225, -1.025],
              "rotation": [0, 0, 12.5],
              "uv": [54, 11],
              "mirror": true
            }
          ]
        },
        {
          "name": "bot",
          "parent": "body",
          "pivot": [3, 0, -3]
        },
        {
          "name": "bot_body",
          "parent": "bot",
          "pivot": [-3, 0, -3],
          "cubes": [
            { "origin": [-4, 0, -4], "size": [8, 8, 8], "uv": [28, 23] }
          ]
        },
        {
          "name": "tail_1",
          "parent": "bot",
          "pivot": [0.01888, 1.84136, 3.3167],
          "cubes": [
            {
              "origin": [-1.4962, 0.78004, 3.32604],
              "size": [3, 3, 4],
              "pivot": [0.0038, 2.1036, 3.31855],
              "rotation": [-12.5, 0, 0],
              "uv": [24, 45]
            }
          ]
        },
        {
          "name": "tail_2",
          "parent": "tail_1",
          "pivot": [0.0038, 1.09447, 6.9198],
          "cubes": [
            {
              "origin": [-1.4962, -0.40553, 6.5448],
              "size": [3, 3, 4],
              "inflate": -0.35,
              "uv": [10, 45]
            }
          ]
        },
        {
          "name": "tail_3",
          "parent": "tail_2",
          "pivot": [0.0038, 0.84447, 9.6698],
          "cubes": [
            {
              "origin": [-1.4962, -0.65553, 8.8948],
              "size": [3, 3, 4],
              "inflate": -0.6,
              "uv": [0, 42]
            }
          ]
        },
        {
          "name": "tail_leaf",
          "parent": "tail_3",
          "pivot": [-0.62606, 1.84447, 11.24966],
          "cubes": [
            {
              "origin": [-0.34134, 0.34447, 10.89966],
              "size": [1, 4, 0],
              "pivot": [0.63366, 1.84447, 11.24966],
              "rotation": [0, 0, 26.75],
              "uv": [2, 16]
            },
            {
              "origin": [-0.65106, 0.34447, 10.97466],
              "size": [1, 4, 0],
              "pivot": [-0.62606, 1.84447, 11.24966],
              "rotation": [0, 0, -26.75],
              "uv": [0, 16]
            }
          ]
        },
        {
          "name": "floor",
          "parent": "bone2",
          "pivot": [6.5, 0, -6],
          "cubes": [
            { "origin": [-7, 0.025, -6.5], "size": [14, 0, 13], "uv": [0, 0] }
          ]
        }
      ]
    }
  ]
}
