{
  "format_version": "1.12.0",
  "minecraft:geometry": [
    {
      "description": {
        "identifier": "geometry.solosis",
        "texture_width": 128,
        "texture_height": 128,
        "visible_bounds_width": 2,
        "visible_bounds_height": 2.5,
        "visible_bounds_offset": [0, 0.75, 0]
      },
      "bones": [
        {
          "name": "solosis",
          "pivot": [0, 0, 0]
        },
        {
          "name": "body",
          "parent": "solosis",
          "pivot": [0, 15, 0]
        },
        {
          "name": "shell",
          "parent": "body",
          "pivot": [-2, 14, 0],
          "cubes": [
            {
              "origin": [-8.5, 5.5, -9],
              "size": [17, 19, 18],
              "inflate": -16,
              "uv": [23, 59]
            }
          ]
        },
        {
          "name": "head",
          "parent": "body",
          "pivot": [0.00011, 15, -0.00889],
          "cubes": [
            { "origin": [-4, 11.5, -3.5], "size": [8, 7, 7], "uv": [0, 32] },
            {
              "origin": [-3.775, 13.5, -4.01],
              "size": [2, 3, 0],
              "pivot": [-2.775, 15, -4.01],
              "rotation": [0, 0, -7.5],
              "uv": [4, 7]
            },
            {
              "origin": [1.775, 13.5, -4.01],
              "size": [2, 3, 0],
              "pivot": [2.775, 15, -4.01],
              "rotation": [0, 0, 7.5],
              "uv": [0, 7]
            },
            { "origin": [0.725, 11, -4], "size": [4, 8, 8], "uv": [44, 0] },
            { "origin": [-4.725, 11, -4], "size": [4, 8, 8], "uv": [30, 32] },
            {
              "origin": [0.725, 14.5, -3.775],
              "size": [0, 1, 1],
              "pivot": [0.725, 15, -3.275],
              "rotation": [45, 0, 0],
              "uv": [0, 3]
            },
            {
              "origin": [-0.724, 14.5, -3.775],
              "size": [0, 1, 1],
              "pivot": [-0.725, 15, -3.275],
              "rotation": [45, 0, 0],
              "uv": [0, 0]
            },
            {
              "origin": [-1, 14, -3.51],
              "size": [2, 2, 0],
              "pivot": [0, 15, -3.51],
              "rotation": [0, 0, 45],
              "uv": [6, 0]
            }
          ]
        },
        {
          "name": "eyelids",
          "parent": "head",
          "pivot": [2.775, 15, -3.01]
        },
        {
          "name": "eyelid_right",
          "parent": "eyelids",
          "pivot": [-2.775, 15, -3.01],
          "cubes": [
            {
              "origin": [-3.775, 13.5, -3.02],
              "size": [2, 3, 0],
              "pivot": [-2.775, 15, -3.01],
              "rotation": [0, 0, -7.5],
              "uv": [8, 5],
              "mirror": true
            }
          ]
        },
        {
          "name": "eyelid_left",
          "parent": "eyelids",
          "pivot": [2.775, 15, -3.01],
          "cubes": [
            {
              "origin": [1.775, 13.5, -3.02],
              "size": [2, 3, 0],
              "pivot": [2.775, 15, -3.01],
              "rotation": [0, 0, 7.5],
              "uv": [8, 5]
            }
          ]
        },
        {
          "name": "coil",
          "parent": "head",
          "pivot": [4.62818, 18.70516, -3.15534],
          "rotation": [24.5868, -1.82857, 49.58022],
          "cubes": [
            {
              "origin": [4.90555, 19.69318, -4.25],
              "size": [1, 1, 2],
              "pivot": [5.325, 19.75, -2.25],
              "rotation": [-22.5, 0, 20],
              "uv": [6, 2]
            },
            {
              "origin": [3.725, 19, -4.25],
              "size": [2, 1, 2],
              "pivot": [5.725, 19, -2.25],
              "rotation": [0, 0, 20],
              "uv": [0, 4]
            },
            {
              "origin": [3.725, 17.25, -4.25],
              "size": [2, 2, 2],
              "inflate": 0.01,
              "uv": [0, 0]
            }
          ]
        }
      ]
    }
  ]
}
