{
  "format_version": "1.8.0",
  "animations": {
    "animation.ultra_necrozma.ground_idle": {
      "loop": true,
      "animation_length": 4,
      "bones": {
        "body": {
          "rotation": [
            "math.sin(query.anim_time*90*1+90)*2",
            "math.sin(query.anim_time*90*1)*2",
            0
          ],
          "position": [
            0,
            "25+math.sin(query.anim_time*90*1)*2",
            "math.sin(query.anim_time*90*1+90)*2"
          ],
          "scale": "1+math.sin(query.anim_time*90*1)*0.025"
        },
        "tail": {
          "rotation": [
            "17.5+math.cos(query.anim_time*90*1+70)*2",
            "math.sin(query.anim_time*90*1-20)*12",
            0
          ]
        },
        "bone21": {
          "rotation": [
            "7.5+math.cos(query.anim_time*90*1+50)*2",
            0,
            "-math.sin(query.anim_time*90*1-40)*12"
          ]
        },
        "bone22": {
          "rotation": [
            "6.3377+math.cos(query.anim_time*90*1+30)*2",
            0,
            "-4.0785-math.sin(query.anim_time*90*1-60)*12"
          ]
        },
        "top_right_wing2": {
          "rotation": [
            0,
            "0+math.sin(query.anim_time*90*1-20)*4",
            "-10+math.sin(query.anim_time*90*1-20)*2"
          ],
          "scale": "1+math.sin(query.anim_time*90*1)*0.025"
        },
        "bone19": {
          "rotation": [
            0,
            "0+math.sin(query.anim_time*90*1-40)*2",
            "0+math.sin(query.anim_time*90*1-40)*4"
          ]
        },
        "bone20": {
          "rotation": [
            0,
            "0+math.sin(query.anim_time*90*1-60)*1",
            "0+math.sin(query.anim_time*90*1-60)*6"
          ]
        },
        "right_leg": {
          "rotation": [
            "-2.4992+math.sin(query.anim_time*90*1+20)*6",
            -1.28568,
            "9.9292+math.cos(query.anim_time*90*1+70)*3"
          ],
          "position": [0, "math.sin(query.anim_time*90*1+20)*0.5", 0]
        },
        "bottom_right_wing": {
          "rotation": [
            0,
            "math.sin(query.anim_time*90*1)*4",
            "-12.5+math.sin(query.anim_time*90*1)*6"
          ],
          "scale": "1+math.sin(query.anim_time*90*1)*0.025"
        },
        "bone4": {
          "rotation": [
            0,
            "0+math.sin(query.anim_time*90*1-20)*2",
            "0+math.sin(query.anim_time*90*1-20)*2"
          ]
        },
        "bone5": {
          "rotation": [
            0,
            "0+math.sin(query.anim_time*90*1-40)*1",
            "0+math.sin(query.anim_time*90*1-40)*6"
          ]
        },
        "bone6": {
          "rotation": [
            "0.5709+math.sin(query.anim_time*90*1-40)*2",
            4.54514,
            -6.48023
          ]
        },
        "right_foot": {
          "rotation": [0, 0, "0+math.sin(query.anim_time*90*1-60)*4"]
        },
        "top_left_wing2": {
          "rotation": [
            0,
            "0-math.sin(query.anim_time*90*1-40)*4",
            "10-math.sin(query.anim_time*90*1-40)*2"
          ],
          "scale": "1+math.sin(query.anim_time*90*1)*0.025"
        },
        "bone16": {
          "rotation": [
            0,
            "0-math.sin(query.anim_time*90*1-60)*2",
            "0-math.sin(query.anim_time*90*1-60)*4"
          ]
        },
        "bone18": {
          "rotation": [
            0,
            "0-math.sin(query.anim_time*90*1-80)*1",
            "0-math.sin(query.anim_time*90*1-80)*6"
          ]
        },
        "neck": {
          "rotation": [
            "-math.sin(query.anim_time*90*1-40)*4",
            "-math.sin(query.anim_time*90*1-40)*1",
            "math.sin(query.anim_time*90*1-40)*1"
          ],
          "position": [0, "-math.cos(query.anim_time*90*1-40)*0.5-0.5", 0]
        },
        "head": {
          "rotation": [
            "math.sin(query.anim_time*90*1-60)*5",
            "math.sin(query.anim_time*90*1-60)*2",
            0
          ]
        },
        "left_leg": {
          "rotation": [
            "2.52+math.sin(query.anim_time*90*1+40)*6",
            0.59875,
            "-9.8989-math.cos(query.anim_time*90*1+90)*3"
          ],
          "position": [0, "math.sin(query.anim_time*90*1+20)*0.5", 0]
        },
        "bottom_left_wing": {
          "rotation": [
            0,
            "-math.sin(query.anim_time*90*1-20)*4",
            "12.5-math.sin(query.anim_time*90*1-20)*6"
          ],
          "scale": "1+math.sin(query.anim_time*90*1)*0.025"
        },
        "bone2": {
          "rotation": [
            0,
            "0-math.sin(query.anim_time*90*1-40)*2",
            "0-math.sin(query.anim_time*90*1-40)*2"
          ]
        },
        "bone3": {
          "rotation": [
            0,
            "0-math.sin(query.anim_time*90*1-60)*1",
            "0-math.sin(query.anim_time*90*1-60)*6"
          ]
        },
        "bone": {
          "rotation": [
            "0.5709+math.sin(query.anim_time*90*1-20)*2",
            4.54514,
            6.4802
          ]
        },
        "left_foot": {
          "rotation": [0, 0, "0-math.sin(query.anim_time*90*1-40)*4"]
        },
        "finger": {
          "rotation": [0, 0, "-math.cos(query.anim_time*90*1+70)*15+15"]
        },
        "finger2": {
          "rotation": [0, 0, "-math.cos(query.anim_time*90*1+90)*15+15"]
        },
        "finger3": {
          "rotation": [0, 0, "-math.cos(query.anim_time*90*1+80)*15+15"]
        },
        "finger4": {
          "rotation": [0, 0, "math.cos(query.anim_time*90*1+70)*15-15"]
        },
        "finger5": {
          "rotation": [0, 0, "math.cos(query.anim_time*90*1+50)*15-15"]
        },
        "finger6": {
          "rotation": [0, 0, "math.cos(query.anim_time*90*1+60)*15-15"]
        },
        "body_upper": {
          "rotation": [
            "-math.sin(query.anim_time*90*1-20)*0.5",
            "-math.sin(query.anim_time*90*1-20)*0.5",
            0
          ],
          "position": [0, "math.sin(query.anim_time*90*1-20)*0.5", 0]
        }
      }
    },
    "animation.ultra_necrozma.ground_walk": {
      "loop": true,
      "animation_length": 4,
      "bones": {
        "body": {
          "rotation": [
            "math.sin(query.anim_time*90*1+90)*2",
            "math.sin(query.anim_time*90*1)*2",
            0
          ],
          "position": [
            0,
            "25+math.sin(query.anim_time*90*1)*2",
            "math.sin(query.anim_time*90*1+90)*2"
          ],
          "scale": "1+math.sin(query.anim_time*90*1)*0.025"
        },
        "tail": {
          "rotation": [
            "17.5+math.cos(query.anim_time*90*1+70)*2",
            "math.sin(query.anim_time*90*1-20)*12",
            0
          ]
        },
        "bone21": {
          "rotation": [
            "7.5+math.cos(query.anim_time*90*1+50)*2",
            0,
            "-math.sin(query.anim_time*90*1-40)*12"
          ]
        },
        "bone22": {
          "rotation": [
            "6.3377+math.cos(query.anim_time*90*1+30)*2",
            0,
            "-4.0785-math.sin(query.anim_time*90*1-60)*12"
          ]
        },
        "top_right_wing2": {
          "rotation": [
            0,
            "0+math.sin(query.anim_time*90*1-20)*4",
            "-10+math.sin(query.anim_time*90*1-20)*2"
          ],
          "scale": "1+math.sin(query.anim_time*90*1)*0.025"
        },
        "bone19": {
          "rotation": [
            0,
            "0+math.sin(query.anim_time*90*1-40)*2",
            "0+math.sin(query.anim_time*90*1-40)*4"
          ]
        },
        "bone20": {
          "rotation": [
            0,
            "0+math.sin(query.anim_time*90*1-60)*1",
            "0+math.sin(query.anim_time*90*1-60)*6"
          ]
        },
        "right_leg": {
          "rotation": [
            "-2.4992+math.sin(query.anim_time*90*1+20)*6",
            -1.28568,
            "9.9292+math.cos(query.anim_time*90*1+70)*3"
          ],
          "position": [0, "math.sin(query.anim_time*90*1+20)*0.5", 0]
        },
        "bottom_right_wing": {
          "rotation": [
            0,
            "math.sin(query.anim_time*90*1)*4",
            "-12.5+math.sin(query.anim_time*90*1)*6"
          ],
          "scale": "1+math.sin(query.anim_time*90*1)*0.025"
        },
        "bone4": {
          "rotation": [
            0,
            "0+math.sin(query.anim_time*90*1-20)*2",
            "0+math.sin(query.anim_time*90*1-20)*2"
          ]
        },
        "bone5": {
          "rotation": [
            0,
            "0+math.sin(query.anim_time*90*1-40)*1",
            "0+math.sin(query.anim_time*90*1-40)*6"
          ]
        },
        "bone6": {
          "rotation": [
            "0.5709+math.sin(query.anim_time*90*1-40)*2",
            4.54514,
            -6.48023
          ]
        },
        "right_foot": {
          "rotation": [0, 0, "0+math.sin(query.anim_time*90*1-60)*4"]
        },
        "top_left_wing2": {
          "rotation": [
            0,
            "0-math.sin(query.anim_time*90*1-40)*4",
            "10-math.sin(query.anim_time*90*1-40)*2"
          ],
          "scale": "1+math.sin(query.anim_time*90*1)*0.025"
        },
        "bone16": {
          "rotation": [
            0,
            "0-math.sin(query.anim_time*90*1-60)*2",
            "0-math.sin(query.anim_time*90*1-60)*4"
          ]
        },
        "bone18": {
          "rotation": [
            0,
            "0-math.sin(query.anim_time*90*1-80)*1",
            "0-math.sin(query.anim_time*90*1-80)*6"
          ]
        },
        "neck": {
          "rotation": [
            "-math.sin(query.anim_time*90*1-40)*4",
            "-math.sin(query.anim_time*90*1-40)*1",
            "math.sin(query.anim_time*90*1-40)*1"
          ],
          "position": [0, "-math.cos(query.anim_time*90*1-40)*0.5-0.5", 0]
        },
        "head": {
          "rotation": [
            "math.sin(query.anim_time*90*1-60)*5",
            "math.sin(query.anim_time*90*1-60)*2",
            0
          ]
        },
        "left_leg": {
          "rotation": [
            "2.52+math.sin(query.anim_time*90*1+40)*6",
            0.59875,
            "-9.8989-math.cos(query.anim_time*90*1+90)*3"
          ],
          "position": [0, "math.sin(query.anim_time*90*1+20)*0.5", 0]
        },
        "bottom_left_wing": {
          "rotation": [
            0,
            "-math.sin(query.anim_time*90*1-20)*4",
            "12.5-math.sin(query.anim_time*90*1-20)*6"
          ],
          "scale": "1+math.sin(query.anim_time*90*1)*0.025"
        },
        "bone2": {
          "rotation": [
            0,
            "0-math.sin(query.anim_time*90*1-40)*2",
            "0-math.sin(query.anim_time*90*1-40)*2"
          ]
        },
        "bone3": {
          "rotation": [
            0,
            "0-math.sin(query.anim_time*90*1-60)*1",
            "0-math.sin(query.anim_time*90*1-60)*6"
          ]
        },
        "bone": {
          "rotation": [
            "0.5709+math.sin(query.anim_time*90*1-20)*2",
            4.54514,
            6.4802
          ]
        },
        "left_foot": {
          "rotation": [0, 0, "0-math.sin(query.anim_time*90*1-40)*4"]
        },
        "finger": {
          "rotation": [0, 0, "-math.cos(query.anim_time*90*1+70)*15+15"]
        },
        "finger2": {
          "rotation": [0, 0, "-math.cos(query.anim_time*90*1+90)*15+15"]
        },
        "finger3": {
          "rotation": [0, 0, "-math.cos(query.anim_time*90*1+80)*15+15"]
        },
        "finger4": {
          "rotation": [0, 0, "math.cos(query.anim_time*90*1+70)*15-15"]
        },
        "finger5": {
          "rotation": [0, 0, "math.cos(query.anim_time*90*1+50)*15-15"]
        },
        "finger6": {
          "rotation": [0, 0, "math.cos(query.anim_time*90*1+60)*15-15"]
        },
        "body_upper": {
          "rotation": [
            "-math.sin(query.anim_time*90*1-20)*0.5",
            "-math.sin(query.anim_time*90*1-20)*0.5",
            0
          ],
          "position": [0, "math.sin(query.anim_time*90*1-20)*0.5", 0]
        }
      }
    }
  },
  "geckolib_format_version": 2
}
