{
  "format_version": "1.12.0",
  "minecraft:geometry": [
    {
      "description": {
        "identifier": "geometry.palkia",
        "texture_width": 256,
        "texture_height": 256,
        "visible_bounds_width": 8,
        "visible_bounds_height": 5.5,
        "visible_bounds_offset": [0, 2.25, 0]
      },
      "bones": [
        {
          "name": "palkia",
          "pivot": [0, 0, 0]
        },
        {
          "name": "body",
          "parent": "palkia",
          "pivot": [0, 12.3, 0]
        },
        {
          "name": "torso",
          "parent": "body",
          "pivot": [0, 20.7, 0],
          "cubes": [
            {
              "origin": [-8, 34.7, -1],
              "size": [13, 11, 13],
              "pivot": [-1.5, 40.2, 4.5],
              "rotation": [22.5, 0, 0],
              "uv": [91, 81]
            }
          ]
        },
        {
          "name": "neck",
          "parent": "torso",
          "pivot": [0, 43.7, 0],
          "cubes": [
            {
              "origin": [-6, 41.9, -4.7],
              "size": [9, 8, 8],
              "pivot": [-1.5, 48.2, -0.5],
              "rotation": [37.5, 0, 0],
              "uv": [112, 105]
            }
          ]
        },
        {
          "name": "neck2",
          "parent": "neck",
          "pivot": [0, 48, 0.4],
          "cubes": [
            {
              "origin": [-5.5, 45.29076, -6.42237],
              "size": [8, 10, 6],
              "pivot": [-1.5, 49.69076, -3.42237],
              "rotation": [77.5, 0, 0],
              "uv": [130, 75]
            }
          ]
        },
        {
          "name": "head",
          "parent": "neck",
          "pivot": [0, 50.2, -8.7],
          "cubes": [
            {
              "origin": [-5.2, 50.30125, -12.44078],
              "size": [7, 6, 2],
              "pivot": [-1.7, 53.20125, -10.94078],
              "rotation": [90, 0, 0],
              "uv": [93, 0]
            },
            {
              "origin": [-4.2, 50.30125, -14.34078],
              "size": [5, 6, 2],
              "pivot": [-1.7, 53.20125, -10.94078],
              "rotation": [90, 0, 0],
              "uv": [0, 0]
            },
            {
              "origin": [-4.2, 50.90125, -16.84078],
              "size": [5, 3, 2],
              "pivot": [-1.7, 52.70125, -15.54078],
              "rotation": [100, 0, 0],
              "uv": [94, 61]
            }
          ]
        },
        {
          "name": "bottomhead",
          "parent": "head",
          "pivot": [0, 49.2, -6.6],
          "cubes": [
            {
              "origin": [-5.2, 50.30125, -16.14078],
              "size": [7, 3, 2],
              "pivot": [-1.7, 53.20125, -10.94078],
              "rotation": [90, 0, 0],
              "uv": [94, 56]
            }
          ]
        },
        {
          "name": "sidemask",
          "parent": "bottomhead",
          "pivot": [-1.6307, 49.50125, -10.07963],
          "cubes": [
            {
              "origin": [-6.00695, 44.20125, -13.35276],
              "size": [0, 7, 3],
              "pivot": [-5.60695, 49.50125, -11.85276],
              "rotation": [90, 5, 0],
              "uv": [176, 29]
            },
            {
              "origin": [2.58714, 46.00125, -11.63451],
              "size": [0, 7, 3],
              "pivot": [2.58714, 49.50125, -10.13451],
              "rotation": [90, 0, 0],
              "uv": [176, 29]
            }
          ]
        },
        {
          "name": "jaw",
          "parent": "head",
          "pivot": [-1.7, 49.45822, -10.62825],
          "rotation": [2.5, 0, 0],
          "cubes": [
            {
              "origin": [-5.2, 49.00978, -12.03186],
              "size": [7, 3, 2],
              "pivot": [-1.7, 49.00978, -11.03186],
              "rotation": [89.5, 0, 0],
              "uv": [94, 51]
            },
            {
              "origin": [-4.2, 48.02373, -15.50681],
              "size": [5, 2, 2],
              "uv": [107, 8]
            }
          ]
        },
        {
          "name": "teefs",
          "parent": "head",
          "pivot": [-3.4, 50.85822, -13.92825],
          "rotation": [90, 0, 0]
        },
        {
          "name": "left_teefs",
          "parent": "teefs",
          "pivot": [-3.4, 50.85822, -13.92825],
          "cubes": [
            {
              "origin": [-3.9, 49.25822, -14.62825],
              "size": [1, 1, 1],
              "pivot": [-3.4, 50.85822, -13.92825],
              "rotation": [-32.79781, -45.05075, 24.51604],
              "uv": [45, 0]
            }
          ]
        },
        {
          "name": "right_teefs",
          "parent": "teefs",
          "pivot": [3.1, 50.55822, -15.42825],
          "cubes": [
            {
              "origin": [-0.6, 49.25822, -14.62825],
              "size": [1, 1, 1],
              "pivot": [-0.1, 50.85822, -13.92825],
              "rotation": [-32.79781, -45.05075, 24.51604],
              "uv": [45, 0]
            }
          ]
        },
        {
          "name": "notchthing",
          "parent": "head",
          "pivot": [0, 20.7, 0],
          "cubes": [
            {
              "origin": [-1.7, 49.45, -14.65664],
              "size": [0, 2, 2],
              "pivot": [-2.2, 50.80542, -13.95664],
              "rotation": [127.5, 0, 0],
              "uv": [41, 0]
            }
          ]
        },
        {
          "name": "eyes",
          "parent": "head",
          "pivot": [0, 20.7, 0]
        },
        {
          "name": "left_eye",
          "parent": "eyes",
          "pivot": [0, 20.7, 0],
          "cubes": [
            {
              "origin": [0.81, 49.70125, -12.15276],
              "size": [0, 3, 2],
              "pivot": [-4.30695, 51.20125, -11.05276],
              "rotation": [102.5, 0, 0],
              "uv": [11, 6]
            }
          ]
        },
        {
          "name": "right_eye",
          "parent": "eyes",
          "pivot": [0, 20.7, 0],
          "cubes": [
            {
              "origin": [-4.2069, 49.70125, -12.15276],
              "size": [0, 3, 2],
              "pivot": [-4.2069, 51.20125, -11.05276],
              "rotation": [100, 0, 0],
              "uv": [167, 18]
            }
          ]
        },
        {
          "name": "topspike",
          "parent": "neck",
          "pivot": [0, 20.7, 0],
          "cubes": [
            {
              "origin": [-1.3, 53.6, -17.3],
              "size": [0, 4, 9],
              "uv": [78, 81]
            },
            {
              "origin": [-1.3, 53.6, -9.1],
              "size": [0, 4, 11],
              "pivot": [-1.3, 55.6, -8.2],
              "rotation": [-12.5, 0, 0],
              "uv": [78, 75]
            },
            {
              "origin": [-1.3, 50.12468, 0.03732],
              "size": [0, 5, 11],
              "pivot": [-1.3, 52.4, 1.5],
              "rotation": [-40, 0, 0],
              "uv": [78, 70]
            }
          ]
        },
        {
          "name": "stomach",
          "parent": "torso",
          "pivot": [-1.7, 26.4, 10.5],
          "cubes": [
            {
              "origin": [-7, 24.7, 3.3],
              "size": [11, 12, 11],
              "pivot": [-1.5, 30.7, 9.1],
              "rotation": [17.5, 0, 0],
              "uv": [94, 28]
            }
          ]
        },
        {
          "name": "lower_torso",
          "parent": "torso",
          "pivot": [-2, 23.9, 9.9],
          "cubes": [
            {
              "origin": [-10, 12.86154, 1.39925],
              "size": [17, 15, 17],
              "pivot": [-1.5, 23.36154, 11.09925],
              "rotation": [5, 0, 0],
              "uv": [43, 49]
            }
          ]
        },
        {
          "name": "tail",
          "parent": "lower_torso",
          "pivot": [-1.9, 17.3, 14.2]
        },
        {
          "name": "tail1",
          "parent": "tail",
          "pivot": [-1.5, 17.22822, 16.21543],
          "cubes": [
            {
              "origin": [-8, 13.23712, 12.92583],
              "size": [13, 13, 15],
              "pivot": [-1.5, 19.77791, 10.79711],
              "rotation": [-30, 0, 0],
              "uv": [0, 0]
            }
          ]
        },
        {
          "name": "tail2",
          "parent": "tail1",
          "pivot": [-1.3, 12.23355, 24.46291],
          "cubes": [
            {
              "origin": [-7.3, 6.07978, 22.16446],
              "size": [12, 13, 13],
              "pivot": [-1.5, 10.17978, 31.96446],
              "rotation": [2.5, 0, 0],
              "uv": [41, 81]
            }
          ]
        },
        {
          "name": "tail3",
          "parent": "tail2",
          "pivot": [-1.3, 12.53675, 31.88159],
          "cubes": [
            {
              "origin": [-6.3, 12.96309, 28.80083],
              "size": [10, 10, 13],
              "pivot": [-1.8, 18.46309, 37.10083],
              "rotation": [45, 0, 0],
              "uv": [0, 94]
            }
          ]
        },
        {
          "name": "tail4",
          "parent": "tail3",
          "pivot": [-1.4, 20.7, 39.7],
          "cubes": [
            {
              "origin": [-4.3, 21.6099, 36.55057],
              "size": [6, 6, 9],
              "pivot": [-1.8, 25.1099, 42.05057],
              "rotation": [62.5, 0, 0],
              "uv": [41, 0]
            }
          ]
        },
        {
          "name": "tail5",
          "parent": "tail4",
          "pivot": [-1.1, 26.5099, 44.15057],
          "cubes": [
            {
              "origin": [-3.3, 22.6099, 45.45057],
              "size": [4, 4, 9],
              "pivot": [-1.8, 25.1099, 42.05057],
              "rotation": [62.5, 0, 0],
              "uv": [165, 52]
            }
          ]
        },
        {
          "name": "lines",
          "parent": "lower_torso",
          "pivot": [0, 20.7, 0],
          "cubes": [
            { "origin": [-1.5, 10.7, -1], "size": [0, 16, 2], "uv": [69, 105] },
            { "origin": [-6.7, 11.6, -1], "size": [0, 16, 2], "uv": [90, 26] },
            { "origin": [3.9, 11.6, -1], "size": [0, 16, 2], "uv": [90, 26] }
          ]
        },
        {
          "name": "bottomlines",
          "parent": "lines",
          "pivot": [0, 20.7, 0],
          "cubes": [
            {
              "origin": [-1.5, -3.97065, -0.31439],
              "size": [0, 16, 2],
              "pivot": [-1.5, 11.79106, 0.76168],
              "rotation": [97, 0, 0],
              "uv": [37, 64]
            },
            {
              "origin": [-6.7, 2.40247, -0.00992],
              "size": [0, 10, 2],
              "pivot": [-6.7, 12.39106, 0.76168],
              "rotation": [93.5, 0, 0],
              "uv": [0, 92]
            },
            {
              "origin": [3.9, 2.40247, -0.00992],
              "size": [0, 10, 2],
              "pivot": [-7.2, 12.39106, 0.76168],
              "rotation": [93.5, 0, 0],
              "uv": [69, 0]
            }
          ]
        },
        {
          "name": "arms",
          "parent": "torso",
          "pivot": [0, 20.7, 0]
        },
        {
          "name": "left_arm",
          "parent": "arms",
          "pivot": [5, 41, 4.7]
        },
        {
          "name": "shoulder",
          "parent": "left_arm",
          "pivot": [4.66624, 40.17675, 3.99534],
          "cubes": [
            {
              "origin": [4.43674, 36.49526, 0.20611],
              "size": [5, 8, 9],
              "pivot": [6.43674, 39.49526, 4.70611],
              "rotation": [50.23163, -6.13784, -4.31837],
              "uv": [129, 15],
              "mirror": true
            }
          ]
        },
        {
          "name": "left_arm_armor",
          "parent": "shoulder",
          "pivot": [7.68715, 41.28707, 5.01383],
          "cubes": [
            {
              "origin": [11.05, 38.92013, 6.87226],
              "size": [0, 4, 4],
              "pivot": [11.9, 40.12013, 6.37226],
              "rotation": [32.89875, -8.42145, -5.41207],
              "uv": [146, 60]
            },
            {
              "origin": [9, 34.92013, 2.87226],
              "size": [2, 12, 12],
              "pivot": [11.9, 40.12013, 6.37226],
              "rotation": [32.89875, -8.42145, -5.41207],
              "uv": [111, 51]
            }
          ]
        },
        {
          "name": "rings",
          "parent": "left_arm_armor",
          "pivot": [0, 20.7, 0],
          "cubes": [
            {
              "origin": [9.87832, 35.63004, 3.99682],
              "size": [2, 4, 2],
              "pivot": [11.37832, 35.93004, 4.29682],
              "rotation": [-39.53441, -7.53916, -6.52046],
              "uv": [193, 110]
            },
            {
              "origin": [8.01728, 40.2651, 12.00073],
              "size": [2, 4, 2],
              "pivot": [9.41728, 41.7651, 12.80073],
              "rotation": [-75.69896, -9.46405, -1.25101],
              "uv": [193, 110]
            },
            {
              "origin": [8.55805, 44.65647, 2.65072],
              "size": [2, 3, 2],
              "pivot": [9.45805, 48.75647, 4.95072],
              "rotation": [32.45463, -10.25181, -4.74878],
              "uv": [193, 110]
            },
            {
              "origin": [8.82648, 36.72221, 9.42774],
              "size": [2, 3, 2],
              "pivot": [9.82648, 37.92221, 10.52774],
              "rotation": [32.45463, -10.25181, -4.74878],
              "uv": [193, 110]
            },
            {
              "origin": [7.89045, 45.2032, 8.99057],
              "size": [2, 4, 2],
              "pivot": [9.39045, 47.4032, 9.79057],
              "rotation": [-37.84334, -11.00409, -3.25225],
              "uv": [193, 110]
            },
            {
              "origin": [9.80236, 40.49851, -0.91468],
              "size": [2, 4, 2],
              "pivot": [10.70236, 40.99851, 1.08532],
              "rotation": [-74.67933, -8.35549, -5.2461],
              "uv": [193, 110]
            }
          ]
        },
        {
          "name": "arm",
          "parent": "shoulder",
          "pivot": [8.18834, 38.16554, 1.89983],
          "cubes": [
            {
              "origin": [5.03674, 36.79526, -8.99389],
              "size": [4, 7, 9],
              "inflate": -0.01,
              "pivot": [7.03674, 39.79526, 4.50611],
              "rotation": [50.23163, -6.13784, -4.31837],
              "uv": [0, 136]
            }
          ]
        },
        {
          "name": "forearm",
          "parent": "arm",
          "pivot": [8.28179, 30.78382, -4.41281],
          "cubes": [
            {
              "origin": [6.70712, 27.75, -14.57286],
              "size": [4, 7, 13],
              "pivot": [9.32305, 29.2138, -3.52433],
              "rotation": [-2.26837, -6.13784, -4.31837],
              "uv": [33, 107]
            },
            {
              "origin": [12.09292, 27.12543, -13.71571],
              "size": [0, 9, 15],
              "pivot": [9.32305, 29.6138, -13.02433],
              "rotation": [-2.35039, 16.34435, -5.22279],
              "uv": [193, 72]
            }
          ]
        },
        {
          "name": "hand",
          "parent": "forearm",
          "pivot": [9.6011, 31.92012, -14.37526],
          "cubes": [
            {
              "origin": [6.10712, 27.31452, -20.57286],
              "size": [5, 8, 6],
              "pivot": [9.32305, 29.2138, -3.52433],
              "rotation": [-2.26837, -6.13784, -4.31837],
              "uv": [106, 138]
            }
          ]
        },
        {
          "name": "right_finigies2",
          "parent": "hand",
          "pivot": [9.3, 29.8, -18]
        },
        {
          "name": "bone6",
          "parent": "right_finigies2",
          "pivot": [2.4, 20.5, -0.2],
          "cubes": [
            {
              "origin": [9.7, 36.2343, -21.34979],
              "size": [0, 2, 4],
              "pivot": [9.7, 36.9343, -19.94979],
              "rotation": [-57.5, 0, 0],
              "uv": [32, 24]
            }
          ]
        },
        {
          "name": "bone7",
          "parent": "right_finigies2",
          "pivot": [9.89981, 34.36328, -19.77345],
          "cubes": [
            {
              "origin": [9.9, 34.05509, -23.57643],
              "size": [0, 2, 4],
              "pivot": [9.7, 35.05509, -21.57643],
              "rotation": [-19.98247, -0.85481, -2.34941],
              "uv": [24, 24]
            }
          ]
        },
        {
          "name": "bone8",
          "parent": "right_finigies2",
          "pivot": [9.98227, 32.41486, -19.66211],
          "cubes": [
            {
              "origin": [10, 31.40216, -24.36211],
              "size": [0, 2, 4],
              "pivot": [9.7, 32.00216, -22.36211],
              "rotation": [0, 0, -2.5],
              "uv": [16, 24]
            }
          ]
        },
        {
          "name": "bone9",
          "parent": "right_finigies2",
          "pivot": [10.17771, 29.9503, -19.65568],
          "cubes": [
            {
              "origin": [10.2, 28.90216, -24.16211],
              "size": [0, 2, 4],
              "pivot": [9.7, 29.40216, -22.36211],
              "rotation": [9.99067, 0.43399, -2.46207],
              "uv": [8, 24]
            }
          ]
        },
        {
          "name": "bone10",
          "parent": "right_finigies2",
          "pivot": [10.29071, 27.88552, -18.20789],
          "cubes": [
            {
              "origin": [10.3, 26.23862, -22.54536],
              "size": [0, 2, 4],
              "pivot": [9.7, 27.03862, -21.94536],
              "rotation": [27.47766, 1.15408, -2.21783],
              "uv": [0, 24]
            }
          ]
        },
        {
          "name": "right_arm",
          "parent": "arms",
          "pivot": [-8.3, 38.6, 4.2]
        },
        {
          "name": "shoulder2",
          "parent": "right_arm",
          "pivot": [-8.80132, 40.10188, 3.88842],
          "cubes": [
            {
              "origin": [-12.86326, 36.49526, 0.20611],
              "size": [5, 8, 9],
              "pivot": [-10.86326, 39.49526, 4.70611],
              "rotation": [50.23163, 6.1378, 4.3184],
              "uv": [129, 15]
            }
          ]
        },
        {
          "name": "arm2",
          "parent": "shoulder2",
          "pivot": [-11, 35.9, 0.7],
          "cubes": [
            {
              "origin": [-12.26326, 36.79526, -8.99389],
              "size": [4, 7, 9],
              "inflate": -0.01,
              "pivot": [-10.26326, 39.79526, 4.50611],
              "rotation": [50.23163, 6.1378, 4.3184],
              "uv": [0, 136],
              "mirror": true
            }
          ]
        },
        {
          "name": "forearm2",
          "parent": "shoulder2",
          "pivot": [-11.6, 31.5, -3.2],
          "cubes": [
            {
              "origin": [-13.89288, 27.61452, -14.77286],
              "size": [4, 7, 13],
              "inflate": 0.01,
              "pivot": [-11.27695, 29.0138, -3.72433],
              "rotation": [-2.26837, 6.1378, 4.3184],
              "uv": [33, 107],
              "mirror": true
            },
            {
              "origin": [-14.96208, 27.00805, -14.83797],
              "size": [0, 9, 15],
              "pivot": [-11.27695, 29.0138, -13.72433],
              "rotation": [-2.35039, -16.3444, 5.22283],
              "uv": [193, 72],
              "mirror": true
            }
          ]
        },
        {
          "name": "hand2",
          "parent": "forearm2",
          "pivot": [-13.27459, 31.82732, -12.62216],
          "cubes": [
            {
              "origin": [-14.49288, 27.11452, -20.77286],
              "size": [5, 8, 6],
              "pivot": [-11.27695, 29.0138, -3.72433],
              "rotation": [-2.26837, 6.1378, 4.3184],
              "uv": [106, 138],
              "mirror": true
            }
          ]
        },
        {
          "name": "right_finigies",
          "parent": "hand2",
          "pivot": [-20.6, 20.5, -0.2]
        },
        {
          "name": "bone",
          "parent": "right_finigies",
          "pivot": [-13.3, 33.98946, -17.77439],
          "cubes": [
            {
              "origin": [-13.3, 36.2343, -21.34979],
              "size": [0, 2, 4],
              "pivot": [-13.3, 36.9343, -19.94979],
              "rotation": [-57.5, 0, 0],
              "uv": [56, 11]
            }
          ]
        },
        {
          "name": "bone2",
          "parent": "right_finigies",
          "pivot": [-13.3, 35.05509, -19.77643],
          "cubes": [
            {
              "origin": [-13.3, 34.09135, -23.18212],
              "size": [0, 2, 4],
              "pivot": [-13.3, 36.19135, -21.48212],
              "rotation": [-20, 0, 0],
              "uv": [48, 24]
            }
          ]
        },
        {
          "name": "bone3",
          "parent": "right_finigies",
          "pivot": [-13.4001, 32.3978, -20.36211],
          "cubes": [
            {
              "origin": [-13.4, 31.40216, -24.36211],
              "size": [0, 2, 4],
              "pivot": [-13.5, 32.40216, -22.36211],
              "rotation": [0, 0, 2.5],
              "uv": [41, 2]
            }
          ]
        },
        {
          "name": "bone4",
          "parent": "right_finigies",
          "pivot": [-13.5779, 29.92434, -20.45264],
          "cubes": [
            {
              "origin": [-13.6, 28.90216, -24.26211],
              "size": [0, 2, 4],
              "pivot": [-13.3, 29.40216, -22.36211],
              "rotation": [9.99067, -0.43399, 2.46207],
              "uv": [41, 0]
            }
          ]
        },
        {
          "name": "bone5",
          "parent": "right_finigies",
          "pivot": [-13.6909, 27.87778, -19.60386],
          "cubes": [
            {
              "origin": [-13.7, 26.23862, -22.54536],
              "size": [0, 2, 4],
              "pivot": [-13.3, 27.03862, -21.94536],
              "rotation": [27.47766, -1.15408, 2.21783],
              "uv": [40, 24]
            }
          ]
        },
        {
          "name": "right_arm_armor2",
          "parent": "right_arm",
          "pivot": [-13.81285, 42.58707, 7.31383],
          "rotation": [-159.16751, -14.22946, 176.82896],
          "cubes": [
            {
              "origin": [-12.85, 39.52013, 6.37226],
              "size": [0, 4, 4],
              "pivot": [-12, 40.72013, 5.87226],
              "rotation": [32.89875, -8.42145, -5.41207],
              "uv": [146, 60]
            },
            {
              "origin": [-14.9, 35.52013, 2.37226],
              "size": [2, 12, 12],
              "pivot": [-12, 40.72013, 5.87226],
              "rotation": [32.89875, -8.42145, -5.41207],
              "uv": [111, 51]
            }
          ]
        },
        {
          "name": "rings2",
          "parent": "right_arm_armor2",
          "pivot": [-23.9, 21.3, -0.5],
          "cubes": [
            {
              "origin": [-14.02168, 36.23004, 3.49682],
              "size": [2, 4, 2],
              "pivot": [-12.52168, 36.53004, 3.79682],
              "rotation": [-39.53441, -7.53916, -6.52046],
              "uv": [193, 110]
            },
            {
              "origin": [-15.88272, 40.8651, 11.50073],
              "size": [2, 4, 2],
              "pivot": [-14.48272, 42.3651, 12.30073],
              "rotation": [-75.69896, -9.46405, -1.25101],
              "uv": [193, 110]
            },
            {
              "origin": [-15.34195, 45.25647, 2.15072],
              "size": [2, 3, 2],
              "pivot": [-14.44195, 49.35647, 4.45072],
              "rotation": [32.45463, -10.25181, -4.74878],
              "uv": [193, 110]
            },
            {
              "origin": [-15.07352, 37.32221, 8.92774],
              "size": [2, 3, 2],
              "pivot": [-14.07352, 38.52221, 10.02774],
              "rotation": [32.45463, -10.25181, -4.74878],
              "uv": [193, 110]
            },
            {
              "origin": [-16.00955, 45.8032, 8.49057],
              "size": [2, 4, 2],
              "pivot": [-14.50955, 48.0032, 9.29057],
              "rotation": [-37.84334, -11.00409, -3.25225],
              "uv": [193, 110]
            },
            {
              "origin": [-14.09764, 41.09851, -1.41468],
              "size": [2, 4, 2],
              "pivot": [-13.19764, 41.59851, 0.58532],
              "rotation": [-74.67933, -8.35549, -5.2461],
              "uv": [193, 110]
            }
          ]
        },
        {
          "name": "wings",
          "parent": "torso",
          "pivot": [-1.5, 40.2, 4.5]
        },
        {
          "name": "left_wing",
          "parent": "wings",
          "pivot": [2, 41.37395, 8.93548],
          "cubes": [
            {
              "origin": [3.5, 24.27395, 7.73548],
              "size": [0, 18, 30],
              "pivot": [2.8, 39.87395, 26.83548],
              "rotation": [-17.64168, 7.15102, -2.26708],
              "uv": [0, 126]
            }
          ]
        },
        {
          "name": "right_wing",
          "parent": "wings",
          "pivot": [-4.2, 40.2, 9.8],
          "cubes": [
            {
              "origin": [-6.5, 24.37395, 8.73548],
              "size": [0, 18, 30],
              "pivot": [2.8, 39.87395, 26.83548],
              "rotation": [-17.5, -7.151, 2.2671],
              "uv": [0, 126],
              "mirror": true
            }
          ]
        },
        {
          "name": "legs",
          "parent": "palkia",
          "pivot": [0, 12.3, 0]
        },
        {
          "name": "left_leg",
          "parent": "legs",
          "pivot": [-11.11743, 19.66009, 10.22831],
          "cubes": [
            {
              "origin": [-19.8, 9.28394, -3.49873],
              "size": [10, 11, 17],
              "pivot": [-13.5, 16.28394, 1.60127],
              "rotation": [26.05573, 15.81499, 7.59001],
              "uv": [0, 66],
              "mirror": true
            }
          ]
        },
        {
          "name": "left_leg2",
          "parent": "left_leg",
          "pivot": [-14.27483, 12.157, 3.51637],
          "cubes": [
            {
              "origin": [-18.8, 11.28394, 7.00127],
              "size": [8, 9, 8],
              "pivot": [-13.5, 16.28394, 1.60127],
              "rotation": [-51.44427, 15.81499, 7.59001],
              "uv": [104, 121]
            }
          ]
        },
        {
          "name": "left_foot",
          "parent": "left_leg2",
          "pivot": [-15.72486, 6.36972, 11.22316]
        },
        {
          "name": "left_heel",
          "parent": "left_foot",
          "pivot": [-13.73878, 2.64371, 11.00415],
          "cubes": [
            {
              "origin": [-17.37178, -2.57648, 9.13466],
              "size": [9, 7, 6],
              "inflate": -0.01,
              "pivot": [-13.3687, 2.65935, 15.24723],
              "rotation": [-61.09287, 16.14023, -0.20449],
              "uv": [138, 0]
            }
          ]
        },
        {
          "name": "toebean",
          "parent": "left_heel",
          "pivot": [0, 12.3, 0]
        },
        {
          "name": "back_toebean",
          "parent": "toebean",
          "pivot": [0, 12.3, 0],
          "cubes": [
            {
              "origin": [-14.36702, 1.25347, 12.14122],
              "size": [2, 3, 2],
              "inflate": -0.01,
              "pivot": [-13.3687, 1.15935, 13.44723],
              "rotation": [-38.59287, 16.14023, -0.20449],
              "uv": [4, 94]
            }
          ]
        },
        {
          "name": "front_toebean",
          "parent": "toebean",
          "pivot": [0, 12.3, 0],
          "cubes": [
            {
              "origin": [-15.44178, -18.63616, 6.67834],
              "size": [4, 4, 4],
              "pivot": [-14.04178, -1.73616, 12.87834],
              "rotation": [-88.59287, 16.14023, -0.20449],
              "uv": [0, 74]
            },
            {
              "origin": [-21.0194, 0.91105, -0.98214],
              "size": [4, 3, 3],
              "inflate": -0.01,
              "pivot": [-18.9194, 2.11105, 0.01786],
              "rotation": [-86.95758, 63.61268, 2.13021],
              "uv": [73, 107]
            },
            {
              "origin": [-18.19184, 0.733, -1.47447],
              "size": [4, 4, 3],
              "inflate": -0.01,
              "pivot": [-15.69184, 2.133, -0.47447],
              "rotation": [-87.84608, 51.12506, 1.08144],
              "uv": [93, 8]
            }
          ]
        },
        {
          "name": "bone11",
          "parent": "left_heel",
          "pivot": [-14.04178, -1.73616, 12.87834],
          "cubes": [
            {
              "origin": [-18.83214, -8.73676, 5.64322],
              "size": [9, 11, 6],
              "pivot": [-14.04178, 1.76384, 10.07834],
              "rotation": [-88.59287, 16.14023, -0.20449],
              "uv": [26, 130]
            }
          ]
        },
        {
          "name": "right_leg",
          "parent": "legs",
          "pivot": [7.18257, 21.86009, 5.52831],
          "cubes": [
            {
              "origin": [5.78257, 10.96009, -2.97169],
              "size": [10, 11, 17],
              "pivot": [13.18257, 16.46009, 5.52831],
              "rotation": [26.05573, -15.815, -7.59],
              "uv": [0, 66]
            }
          ]
        },
        {
          "name": "right_leg2",
          "parent": "right_leg",
          "pivot": [11.73681, 10.71221, 4.76251],
          "cubes": [
            {
              "origin": [8.1, 11.28394, 7.00127],
              "size": [8, 9, 8],
              "pivot": [14.3, 16.28394, 1.60127],
              "rotation": [-51.44427, -15.815, -7.59],
              "uv": [104, 121],
              "mirror": true
            }
          ]
        },
        {
          "name": "right_foot2",
          "parent": "right_leg",
          "pivot": [0, 0, 0]
        },
        {
          "name": "right_heel",
          "parent": "right_foot2",
          "pivot": [10.50979, 6.42397, 10.54141],
          "cubes": [
            {
              "origin": [5.12822, -2.27648, 9.33466],
              "size": [9, 7, 6],
              "inflate": -0.01,
              "pivot": [13.0313, 2.65935, 15.24723],
              "rotation": [-61.09287, -16.1402, 0.2045],
              "uv": [138, 0],
              "mirror": true
            }
          ]
        },
        {
          "name": "toebean2",
          "parent": "right_heel",
          "pivot": [9.86737, 2.52934, 13.25145],
          "cubes": [
            {
              "origin": [8.93298, 1.15347, 12.14122],
              "size": [2, 3, 2],
              "inflate": -0.01,
              "pivot": [13.0313, 1.15935, 13.44723],
              "rotation": [-38.59287, -16.1402, 0.2045],
              "uv": [60, 0]
            }
          ]
        },
        {
          "name": "front_toebean2",
          "parent": "toebean2",
          "pivot": [30.7, 12.3, 0],
          "cubes": [
            {
              "origin": [8.35822, -17.53616, 6.67834],
              "size": [4, 4, 4],
              "pivot": [16.65822, -1.73616, 12.87834],
              "rotation": [-88.59287, -16.1402, 0.2045],
              "uv": [0, 74]
            },
            {
              "origin": [9.5806, 0.11105, -1.08214],
              "size": [4, 3, 3],
              "inflate": -0.01,
              "pivot": [11.7806, 2.11105, 0.01786],
              "rotation": [-86.95758, -63.6127, -2.1302],
              "uv": [99, 105]
            },
            {
              "origin": [13.33935, 0.05052, -0.62],
              "size": [4, 4, 3],
              "inflate": -0.01,
              "pivot": [15.33935, 2.15052, 0.41435],
              "rotation": [-87.40367, -58.61873, -1.62118],
              "uv": [0, 8]
            }
          ]
        },
        {
          "name": "bone12",
          "parent": "right_heel",
          "pivot": [12.40832, 3.07555, 7.75058],
          "cubes": [
            {
              "origin": [5.65822, -14.83616, 4.87834],
              "size": [9, 11, 6],
              "pivot": [12.35822, -1.73616, 12.87834],
              "rotation": [-88.59287, -16.1402, 0.2045],
              "uv": [26, 130],
              "mirror": true
            }
          ]
        }
      ]
    }
  ]
}
