{
  "format_version": "1.12.0",
  "minecraft:geometry": [
    {
      "description": {
        "identifier": "geometry.unknown",
        "texture_width": 64,
        "texture_height": 64,
        "visible_bounds_width": 4,
        "visible_bounds_height": 3.5,
        "visible_bounds_offset": [0, 1.25, 0]
      },
      "bones": [
        {
          "name": "noibat",
          "pivot": [0, 0, 0]
        },
        {
          "name": "Chest",
          "parent": "noibat",
          "pivot": [0, 15.81849, -0.08893],
          "cubes": [
            { "origin": [-2, 14.75, -2], "size": [4, 2, 4], "uv": [12, 24] },
            {
              "origin": [0, 15.4, -1.75],
              "size": [2, 2, 0],
              "pivot": [0.75, 16.5, -1.75],
              "rotation": [-21.19748, -25.23098, -47.70372],
              "uv": [37, 30]
            },
            {
              "origin": [-2, 15.4, -1.75],
              "size": [2, 2, 0],
              "pivot": [-0.75, 16.5, -1.75],
              "rotation": [-21.19748, 25.23098, 47.70372],
              "uv": [37, 30],
              "mirror": true
            },
            {
              "origin": [0.25, 14.5, -1.75],
              "size": [2, 2, 0],
              "pivot": [1.25, 15.75, -2],
              "rotation": [-12.37961, 8.53726, 46.5724],
              "uv": [40, 9],
              "mirror": true
            },
            {
              "origin": [0.25, 14.5, 1.75],
              "size": [2, 2, 0],
              "pivot": [1.25, 15.75, 2],
              "rotation": [10.72858, -10.54529, 44.00703],
              "uv": [10, 40],
              "mirror": true
            },
            {
              "origin": [-1, 14.65, -1.75],
              "size": [2, 2, 0],
              "pivot": [0.25, 15.75, -1.75],
              "rotation": [-24.25045, 22.32924, 40.144],
              "uv": [26, 39]
            },
            {
              "origin": [0.25, 15.5, 1.5],
              "size": [2, 2, 0],
              "pivot": [1.25, 16.75, 1.5],
              "rotation": [22.20765, -20.70481, 40.89339],
              "uv": [18, 36],
              "mirror": true
            },
            {
              "origin": [-2.25, 14.5, 1.75],
              "size": [2, 2, 0],
              "pivot": [-1.25, 15.75, 2],
              "rotation": [10.72858, 10.54529, -44.00703],
              "uv": [10, 40]
            },
            {
              "origin": [-2.25, 15.5, 1.5],
              "size": [2, 2, 0],
              "pivot": [-1.25, 16.75, 1.5],
              "rotation": [22.20765, 20.70481, -40.89339],
              "uv": [18, 36]
            },
            {
              "origin": [-1.25, 15, 1.5],
              "size": [2, 2, 0],
              "pivot": [-0.25, 16.25, 1.5],
              "rotation": [22.20765, 20.70481, -40.89339],
              "uv": [18, 36]
            },
            {
              "origin": [-2.25, 14.5, -1.75],
              "size": [2, 2, 0],
              "pivot": [-1.25, 15.75, -2],
              "rotation": [-12.37961, -8.53726, -46.5724],
              "uv": [40, 9]
            }
          ]
        },
        {
          "name": "Left_wing1",
          "parent": "Chest",
          "pivot": [1.25, 15.5, 0],
          "cubes": [{ "origin": [1, 13, 0], "size": [3, 4, 0], "uv": [4, 38] }]
        },
        {
          "name": "Left_wing2",
          "parent": "Left_wing1",
          "pivot": [4, 15, 0],
          "cubes": [{ "origin": [4, 10, 0], "size": [6, 10, 0], "uv": [0, 24] }]
        },
        {
          "name": "Left_wing3",
          "parent": "Left_wing2",
          "pivot": [10, 15, 0],
          "cubes": [
            {
              "origin": [10, 19.3, -0.001],
              "size": [1, 2, 0],
              "pivot": [10.25, 19.25, 0],
              "rotation": [0, 0, 25],
              "uv": [4, 1]
            },
            {
              "origin": [10, 19.3, 0.001],
              "size": [1, 2, 0],
              "pivot": [10.25, 19.25, 0],
              "rotation": [0, 0, 25],
              "uv": [4, 1]
            },
            {
              "origin": [10, 19.3, -0.001],
              "size": [1, 2, 0],
              "pivot": [10.25, 19.25, 0],
              "rotation": [0, 0, 25],
              "uv": [4, 1]
            },
            {
              "origin": [10, 19.3, -0.001],
              "size": [1, 2, 0],
              "pivot": [10.75, 19.25, 0],
              "rotation": [0, 0, -25],
              "uv": [4, 1]
            },
            {
              "origin": [10, 19.3, 0.001],
              "size": [1, 2, 0],
              "pivot": [10.75, 19.25, 0],
              "rotation": [0, 0, -25],
              "uv": [4, 1]
            },
            { "origin": [10, 9, 0], "size": [9, 11, 0], "uv": [0, 13] }
          ]
        },
        {
          "name": "Right_wing1",
          "parent": "Chest",
          "pivot": [-1.25, 15.5, 0],
          "cubes": [
            {
              "origin": [-4, 13, 0],
              "size": [3, 4, 0],
              "uv": [4, 38],
              "mirror": true
            }
          ]
        },
        {
          "name": "Right_wing2",
          "parent": "Right_wing1",
          "pivot": [-4, 15, 0],
          "cubes": [
            {
              "origin": [-10, 10, 0],
              "size": [6, 10, 0],
              "uv": [0, 24],
              "mirror": true
            }
          ]
        },
        {
          "name": "Right_wing3",
          "parent": "Right_wing2",
          "pivot": [-10, 15, 0],
          "cubes": [
            {
              "origin": [-11, 19.3, -0.001],
              "size": [1, 2, 0],
              "pivot": [-10.75, 19.25, 0],
              "rotation": [0, 0, 25],
              "uv": [4, 1],
              "mirror": true
            },
            {
              "origin": [-11, 19.3, 0.001],
              "size": [1, 2, 0],
              "pivot": [-10.75, 19.25, 0],
              "rotation": [0, 0, 25],
              "uv": [4, 1],
              "mirror": true
            },
            {
              "origin": [-11, 19.3, 0.001],
              "size": [1, 2, 0],
              "pivot": [-10.75, 19.25, 0],
              "rotation": [0, 0, 25],
              "uv": [4, 1],
              "mirror": true
            },
            {
              "origin": [-11, 19.3, 0.001],
              "size": [1, 2, 0],
              "pivot": [-10.25, 19.25, 0],
              "rotation": [0, 0, -25],
              "uv": [4, 1],
              "mirror": true
            },
            {
              "origin": [-11, 19.3, -0.001],
              "size": [1, 2, 0],
              "pivot": [-10.25, 19.25, 0],
              "rotation": [0, 0, -25],
              "uv": [4, 1],
              "mirror": true
            },
            {
              "origin": [-19, 9, 0],
              "size": [9, 11, 0],
              "uv": [0, 13],
              "mirror": true
            }
          ]
        },
        {
          "name": "head",
          "parent": "Chest",
          "pivot": [0, 16.29434, -0.06076],
          "cubes": [
            {
              "origin": [-3.5, 16.70647, -4.27098],
              "size": [7, 6, 7],
              "pivot": [-0.5, 19.70647, -0.77098],
              "rotation": [5, 0, 0],
              "uv": [0, 0]
            },
            {
              "origin": [1.5, 17.5, -4],
              "size": [2, 3, 1],
              "inflate": 0.015,
              "pivot": [-1.5, 16.5, -3],
              "rotation": [5, 0, 0],
              "uv": [39, 0]
            },
            {
              "origin": [1.55, 18.45, -4.14872],
              "size": [2, 1, 0],
              "inflate": 0.001,
              "pivot": [2.75, 18.15618, -4.14872],
              "rotation": [3.04868, 3.9649, -52.39445],
              "uv": [39, 34]
            },
            {
              "origin": [2, 18, -4.07],
              "size": [1, 2, 1],
              "inflate": -0.05,
              "pivot": [-1.5, 16.5, -3],
              "rotation": [5, 0, 0],
              "uv": [21, 30]
            },
            {
              "origin": [1.55, 19.5, -4],
              "size": [1, 1, 1],
              "inflate": -0.05,
              "pivot": [-1.5, 15.5, -3],
              "rotation": [5, 0, 0],
              "uv": [30, 39]
            },
            {
              "origin": [0.25, 17.15143, -4.31],
              "size": [1, 3, 1],
              "pivot": [0.75, 19.90143, -4.50766],
              "rotation": [4.83045, -1.29256, 14.94548],
              "uv": [22, 39]
            },
            {
              "origin": [-6.75, 16.75, -0.25],
              "size": [5, 3, 0],
              "pivot": [-4, 19, -0.25],
              "rotation": [-10.73052, 46.55847, -14.62771],
              "uv": [34, 15],
              "mirror": true
            },
            {
              "origin": [-6.25, 16.25, -0.251],
              "size": [4, 3, 0],
              "pivot": [-4, 17.75, -0.25],
              "rotation": [-40.88579, 26.66839, -62.59784],
              "uv": [34, 27],
              "mirror": true
            },
            {
              "origin": [-6.25, 18.5, -0.251],
              "size": [4, 3, 0],
              "pivot": [-4, 20, -0.25],
              "rotation": [13.28982, 46.03805, 18.16723],
              "uv": [34, 18],
              "mirror": true
            },
            {
              "origin": [-0.25, 16, -4.04],
              "size": [2, 2, 0],
              "pivot": [0.75, 17, -4],
              "rotation": [3.54002, 3.53329, -44.89078],
              "uv": [39, 32]
            },
            {
              "origin": [2.25, 18.5, -0.251],
              "size": [4, 3, 0],
              "pivot": [4, 20, -0.25],
              "rotation": [13.28982, -46.03805, -18.16723],
              "uv": [34, 18]
            },
            {
              "origin": [1.75, 16.75, -0.25],
              "size": [5, 3, 0],
              "pivot": [4, 19, -0.25],
              "rotation": [-10.73052, -46.55847, 14.62771],
              "uv": [34, 15]
            },
            {
              "origin": [-1.75, 16, -4.04],
              "size": [2, 2, 0],
              "pivot": [-0.75, 17, -4],
              "rotation": [3.54002, -3.53329, 44.89078],
              "uv": [39, 32],
              "mirror": true
            },
            {
              "origin": [2.25, 16.25, -0.251],
              "size": [4, 3, 0],
              "pivot": [4, 17.75, -0.25],
              "rotation": [-40.88579, -26.66839, 62.59784],
              "uv": [34, 27]
            },
            {
              "origin": [-3.5, 16, -1.5],
              "size": [7, 1, 4],
              "inflate": -0.001,
              "uv": [21, 0]
            },
            {
              "origin": [-1.25, 17.15143, -4.31],
              "size": [1, 3, 1],
              "pivot": [-0.75, 19.90143, -4.50766],
              "rotation": [4.83045, 1.29256, -14.94548],
              "uv": [22, 39],
              "mirror": true
            },
            {
              "origin": [-3, 18, -4.07],
              "size": [1, 2, 1],
              "inflate": -0.05,
              "pivot": [1.5, 16.5, -3],
              "rotation": [5, 0, 0],
              "uv": [21, 30],
              "mirror": true
            },
            {
              "origin": [-3.55, 18.45, -4.14872],
              "size": [2, 1, 0],
              "inflate": 0.001,
              "pivot": [-2.75, 18.15618, -4.14872],
              "rotation": [3.04868, -3.9649, 52.39445],
              "uv": [39, 34],
              "mirror": true
            },
            {
              "origin": [-3.5, 17.5, -4],
              "size": [2, 3, 1],
              "inflate": 0.015,
              "pivot": [1.5, 16.5, -3],
              "rotation": [5, 0, 0],
              "uv": [39, 0],
              "mirror": true
            },
            {
              "origin": [-2.55, 19.5, -4],
              "size": [1, 1, 1],
              "inflate": -0.05,
              "pivot": [1.5, 15.5, -3],
              "rotation": [5, 0, 0],
              "uv": [30, 39],
              "mirror": true
            }
          ]
        },
        {
          "name": "ears",
          "parent": "head",
          "pivot": [0.92505, 23.53508, 0.47821],
          "rotation": [-5, 0, 0],
          "cubes": [
            {
              "origin": [-0.5, 21.75095, -0.71179],
              "size": [1, 5, 1],
              "inflate": 0.1,
              "pivot": [0, 24.25095, -0.27179],
              "rotation": [-10, 0, 0],
              "uv": [18, 38]
            }
          ]
        },
        {
          "name": "left_ear",
          "parent": "ears",
          "pivot": [3.74152, 27.86564, 0.6831],
          "rotation": [-9.6658, 2.57594, 17.28217],
          "cubes": [
            {
              "origin": [1.24152, 21.43707, 0.96881],
              "size": [6, 9, 2],
              "inflate": 0.05,
              "pivot": [4.24152, 27.56207, 1.21881],
              "rotation": [0, 0, 7.5],
              "uv": [18, 13],
              "mirror": true
            },
            {
              "origin": [3.24152, 30.93707, -0.03119],
              "size": [2, 3, 1],
              "pivot": [4.24152, 27.56207, 1.21881],
              "rotation": [0, 0, 7.5],
              "uv": [35, 36],
              "mirror": true
            },
            {
              "origin": [2.96088, 24.11847, 0.96881],
              "size": [2, 2, 1],
              "inflate": 0.06,
              "pivot": [3.96088, 25.11847, 1.46881],
              "rotation": [0, 0, 50],
              "uv": [24, 24]
            },
            {
              "origin": [2.5225, 23.82289, 0.96881],
              "size": [3, 3, 1],
              "inflate": 0.055,
              "pivot": [4.0225, 25.32289, 1.46881],
              "rotation": [0, 0, 50],
              "uv": [4, 34]
            },
            {
              "origin": [6.9, 20.93707, -0.03119],
              "size": [1, 10, 1],
              "inflate": 0.1,
              "pivot": [4.24152, 27.56207, 1.21881],
              "rotation": [0, 0, 7.5],
              "uv": [0, 34]
            },
            {
              "origin": [2.74152, 20.93707, -0.03119],
              "size": [4, 1, 1],
              "inflate": 0.1,
              "pivot": [4.24152, 27.56207, 1.21881],
              "rotation": [0, 0, 7.5],
              "uv": [21, 5]
            },
            {
              "origin": [0.54, 24.93707, -0.03119],
              "size": [1, 6, 1],
              "inflate": 0.1,
              "pivot": [4.24152, 27.56207, 1.21881],
              "rotation": [0, 0, 7.5],
              "uv": [0, 0]
            },
            {
              "origin": [1.74152, 29.93707, -0.03119],
              "size": [5, 1, 1],
              "inflate": 0.1,
              "pivot": [4.24152, 27.56207, 1.21881],
              "rotation": [0, 0, 7.5],
              "uv": [32, 13]
            }
          ]
        },
        {
          "name": "right_ear",
          "parent": "ears",
          "pivot": [-3.74152, 27.86564, 0.6831],
          "rotation": [-9.6658, -2.57594, -17.28217],
          "cubes": [
            {
              "origin": [-7.24152, 21.43707, 0.96881],
              "size": [6, 9, 2],
              "inflate": 0.05,
              "pivot": [-4.24152, 27.56207, 1.21881],
              "rotation": [0, 0, -7.5],
              "uv": [18, 13]
            },
            {
              "origin": [-5.24152, 30.93707, -0.03119],
              "size": [2, 3, 1],
              "pivot": [-4.24152, 27.56207, 1.21881],
              "rotation": [0, 0, -7.5],
              "uv": [35, 36]
            },
            {
              "origin": [-4.96088, 24.11847, 0.96881],
              "size": [2, 2, 1],
              "inflate": 0.06,
              "pivot": [-3.96088, 25.11847, 1.46881],
              "rotation": [0, 0, -50],
              "uv": [24, 24],
              "mirror": true
            },
            {
              "origin": [-6.74152, 29.93707, -0.03119],
              "size": [5, 1, 1],
              "inflate": 0.1,
              "pivot": [-4.24152, 27.56207, 1.21881],
              "rotation": [0, 0, -7.5],
              "uv": [32, 13],
              "mirror": true
            },
            {
              "origin": [-6.74152, 20.93707, -0.03119],
              "size": [4, 1, 1],
              "inflate": 0.1,
              "pivot": [-4.24152, 27.56207, 1.21881],
              "rotation": [0, 0, -7.5],
              "uv": [21, 5],
              "mirror": true
            },
            {
              "origin": [-1.54, 24.93707, -0.03119],
              "size": [1, 6, 1],
              "inflate": 0.1,
              "pivot": [-4.24152, 27.56207, 1.21881],
              "rotation": [0, 0, -7.5],
              "uv": [0, 0],
              "mirror": true
            },
            {
              "origin": [-7.9, 20.93707, -0.03119],
              "size": [1, 10, 1],
              "inflate": 0.1,
              "pivot": [-4.24152, 27.56207, 1.21881],
              "rotation": [0, 0, -7.5],
              "uv": [0, 34],
              "mirror": true
            },
            {
              "origin": [-5.5225, 23.82289, 0.96881],
              "size": [3, 3, 1],
              "inflate": 0.055,
              "pivot": [-4.0225, 25.32289, 1.46881],
              "rotation": [0, 0, -50],
              "uv": [4, 34],
              "mirror": true
            }
          ]
        },
        {
          "name": "jaw",
          "parent": "head",
          "pivot": [0, 16.33836, -1.49333],
          "cubes": [
            { "origin": [-2.5, 16, -3.5], "size": [5, 1, 3], "uv": [28, 5] },
            {
              "origin": [-1.46967, 16.98033, -2.74],
              "size": [1, 1, 0],
              "pivot": [-2, 17.5, -2.75],
              "rotation": [0, 0, 45],
              "uv": [4, 3]
            },
            {
              "origin": [0.46967, 16.98033, -2.74],
              "size": [1, 1, 0],
              "pivot": [2, 17.5, -2.75],
              "rotation": [0, 0, -45],
              "uv": [4, 3],
              "mirror": true
            }
          ]
        },
        {
          "name": "Angry_eyes",
          "parent": "head",
          "pivot": [0, 16.29434, -0.06076]
        },
        {
          "name": "left_angry",
          "parent": "Angry_eyes",
          "pivot": [-1.5, 16.29434, 0.43924],
          "cubes": [
            {
              "origin": [0.5, 17.48, -3],
              "size": [2, 3, 1],
              "inflate": 0.04,
              "pivot": [-3, 16.5, -2.5],
              "rotation": [5, 0, 0],
              "uv": [12, 36]
            }
          ]
        },
        {
          "name": "right_angry",
          "parent": "Angry_eyes",
          "pivot": [1.5, 16.29434, 0.43924],
          "cubes": [
            {
              "origin": [-2.5, 17.48, -3],
              "size": [2, 3, 1],
              "inflate": 0.04,
              "pivot": [3, 16.5, -2.5],
              "rotation": [5, 0, 0],
              "uv": [12, 36],
              "mirror": true
            }
          ]
        },
        {
          "name": "Closed_eyes",
          "parent": "head",
          "pivot": [0, 16.29434, -0.06076]
        },
        {
          "name": "left_closed",
          "parent": "Closed_eyes",
          "pivot": [-0.25, 16.29434, 0.18924],
          "cubes": [
            {
              "origin": [1.25, 17.5, -3.75],
              "size": [2, 3, 1],
              "inflate": 0.04,
              "pivot": [-1.75, 16.5, -2.75],
              "rotation": [5, 0, 0],
              "uv": [29, 35]
            }
          ]
        },
        {
          "name": "right_closed",
          "parent": "Closed_eyes",
          "pivot": [0.25, 16.29434, 0.18924],
          "cubes": [
            {
              "origin": [-3.25, 17.5, -3.75],
              "size": [2, 3, 1],
              "inflate": 0.04,
              "pivot": [1.75, 16.5, -2.75],
              "rotation": [5, 0, 0],
              "uv": [29, 35],
              "mirror": true
            }
          ]
        },
        {
          "name": "body",
          "parent": "Chest",
          "pivot": [0, 15, 0],
          "cubes": [
            {
              "origin": [-1.5, 11, -1.5],
              "size": [3, 5, 3],
              "inflate": -0.1,
              "uv": [25, 27]
            }
          ]
        },
        {
          "name": "Left_Leg",
          "parent": "body",
          "pivot": [1.25, 11.25, 0],
          "cubes": [
            {
              "origin": [-0.25, 9.75, -1.5],
              "size": [3, 3, 3],
              "inflate": 0.1,
              "pivot": [1.25, 11.25, 0],
              "rotation": [0, 0, 45],
              "uv": [31, 21]
            }
          ]
        },
        {
          "name": "Left_Calf",
          "parent": "Left_Leg",
          "pivot": [1.25, 9.75, 0],
          "cubes": [
            { "origin": [0.75, 7.25, -0.5], "size": [1, 3, 1], "uv": [12, 24] }
          ]
        },
        {
          "name": "Left_Foot",
          "parent": "Left_Calf",
          "pivot": [1.25, 8, 0],
          "cubes": [
            {
              "origin": [0.75, 7, -2.25],
              "size": [1, 1, 3],
              "inflate": 0.1,
              "uv": [34, 32]
            }
          ]
        },
        {
          "name": "Left_Legfluff",
          "parent": "Left_Leg",
          "pivot": [2.42878, 11.21853, 0],
          "rotation": [0, -27.5, -15],
          "cubes": [
            {
              "origin": [2.15185, 10.95461, -0.22301],
              "size": [2, 1, 0],
              "pivot": [2.40185, 11.45461, -0.22301],
              "rotation": [0, 0, -45],
              "uv": [3, 0],
              "mirror": true
            },
            {
              "origin": [2.10982, 10.51911, -0.24613],
              "size": [2, 1, 0],
              "pivot": [2, 11.25, 1.5],
              "rotation": [0, 0, 27.5],
              "uv": [26, 35],
              "mirror": true
            },
            {
              "origin": [2.24844, 10.79209, -0.22552],
              "size": [2, 1, 0],
              "pivot": [3.24844, 11.79209, -0.22552],
              "rotation": [0, 0, -5],
              "uv": [24, 27],
              "mirror": true
            }
          ]
        },
        {
          "name": "Right_Leg",
          "parent": "body",
          "pivot": [-1.25, 11.25, 0],
          "cubes": [
            {
              "origin": [-2.75, 9.75, -1.5],
              "size": [3, 3, 3],
              "inflate": 0.1,
              "pivot": [-1.25, 11.25, 0],
              "rotation": [0, 0, -45],
              "uv": [12, 30]
            }
          ]
        },
        {
          "name": "Right_Calf",
          "parent": "Right_Leg",
          "pivot": [-1.25, 9.75, 0],
          "cubes": [
            { "origin": [-1.75, 7.25, -0.5], "size": [1, 3, 1], "uv": [21, 0] }
          ]
        },
        {
          "name": "Right_Foot",
          "parent": "Right_Calf",
          "pivot": [-1.25, 8, 0],
          "cubes": [
            {
              "origin": [-1.75, 7, -2.25],
              "size": [1, 1, 3],
              "inflate": 0.1,
              "uv": [21, 35]
            }
          ]
        },
        {
          "name": "Right_Legfluff",
          "parent": "Right_Leg",
          "pivot": [-2.42878, 11.21853, 0],
          "rotation": [0, 27.5, 15],
          "cubes": [
            {
              "origin": [-4.15185, 10.95461, -0.22301],
              "size": [2, 1, 0],
              "pivot": [-2.40185, 11.45461, -0.22301],
              "rotation": [0, 0, 45],
              "uv": [3, 0]
            },
            {
              "origin": [-4.10982, 10.51911, -0.24613],
              "size": [2, 1, 0],
              "pivot": [-2, 11.25, 1.5],
              "rotation": [0, 0, -27.5],
              "uv": [26, 35]
            },
            {
              "origin": [-4.24844, 10.79209, -0.22552],
              "size": [2, 1, 0],
              "pivot": [-3.24844, 11.79209, -0.22552],
              "rotation": [0, 0, 5],
              "uv": [24, 27]
            }
          ]
        }
      ]
    }
  ]
}
