{
  "format_version": "1.12.0",
  "minecraft:geometry": [
    {
      "description": {
        "identifier": "geometry.unknown",
        "texture_width": 128,
        "texture_height": 128,
        "visible_bounds_width": 4,
        "visible_bounds_height": 3.5,
        "visible_bounds_offset": [0, 1.25, 0]
      },
      "bones": [
        {
          "name": "ground",
          "pivot": [0, 0, 0],
          "cubes": [
            {
              "origin": [-18.5, 0.025, -12],
              "size": [37, 0, 24],
              "uv": [0, 0]
            },
            { "origin": [-10, 0, -7], "size": [20, 2, 15], "uv": [0, 24] }
          ]
        },
        {
          "name": "bot_arm_left",
          "parent": "ground",
          "pivot": [0, 0, -4],
          "cubes": [
            { "origin": [16, 0.05, -5], "size": [6, 0, 10], "uv": [0, 0] },
            { "origin": [9, 0, -5], "size": [7, 1, 10], "uv": [0, 63] }
          ]
        },
        {
          "name": "arm_left2",
          "parent": "bot_arm_left",
          "pivot": [10.525, -1.325, 0],
          "rotation": [0, 0, 10]
        },
        {
          "name": "bone3",
          "parent": "arm_left2",
          "pivot": [10.49728, -1.64162, 0],
          "cubes": [
            {
              "origin": [7.81801, -0.15019, -3],
              "size": [6, 9, 6],
              "uv": [64, 66],
              "mirror": true
            }
          ]
        },
        {
          "name": "bone4",
          "parent": "bone3",
          "pivot": [10.81801, 8.94981, 0],
          "cubes": [
            {
              "origin": [7.81801, 8.84981, -3],
              "size": [6, 5, 6],
              "uv": [78, 38]
            },
            {
              "origin": [7.81801, 13.84981, -3],
              "size": [0, 4, 6],
              "uv": [0, 22],
              "mirror": true
            },
            {
              "origin": [13.81801, 13.84981, -3],
              "size": [0, 4, 6],
              "uv": [0, 18],
              "mirror": true
            },
            {
              "origin": [7.81801, 13.84981, 3],
              "size": [6, 4, 0],
              "uv": [57, 45],
              "mirror": true
            },
            {
              "origin": [7.81801, 13.84981, -3],
              "size": [6, 4, 0],
              "uv": [57, 41]
            }
          ]
        },
        {
          "name": "bot_arm_right",
          "parent": "ground",
          "pivot": [0, 0, -4],
          "cubes": [
            { "origin": [-22, 0.05, -5], "size": [6, 0, 10], "uv": [0, 10] },
            { "origin": [-16, 0, -5], "size": [7, 1, 10], "uv": [32, 63] }
          ]
        },
        {
          "name": "arm_right",
          "parent": "bot_arm_right",
          "pivot": [-10.725, 0.2, 0],
          "rotation": [0, 0, -10]
        },
        {
          "name": "bone",
          "parent": "arm_right",
          "pivot": [-10.725, 0.55, 0],
          "cubes": [
            { "origin": [-13.725, 0, -3], "size": [6, 9, 6], "uv": [0, 74] }
          ]
        },
        {
          "name": "bone2",
          "parent": "bone",
          "pivot": [15.275, 0, -2],
          "cubes": [
            {
              "origin": [-13.725, 9, -3],
              "size": [6, 5, 6],
              "uv": [46, 78],
              "mirror": true
            },
            { "origin": [-7.725, 14, -3], "size": [0, 4, 6], "uv": [23, 39] },
            { "origin": [-13.725, 14, -3], "size": [0, 4, 6], "uv": [0, 26] },
            { "origin": [-13.725, 14, 3], "size": [6, 4, 0], "uv": [54, 66] },
            {
              "origin": [-13.725, 14, -3],
              "size": [6, 4, 0],
              "uv": [22, 63],
              "mirror": true
            }
          ]
        },
        {
          "name": "body",
          "parent": "ground",
          "pivot": [-1, 0, -4],
          "cubes": [
            { "origin": [-8, 0, -5], "size": [6, 11, 11], "uv": [34, 41] },
            { "origin": [-2, 8, -5], "size": [4, 3, 11], "uv": [57, 52] },
            {
              "origin": [2, 0, -5],
              "size": [6, 11, 11],
              "uv": [0, 41],
              "mirror": true
            }
          ]
        },
        {
          "name": "pattern",
          "parent": "body",
          "pivot": [1, 0, -4],
          "cubes": [
            { "origin": [-8, 11, 6], "size": [16, 4, 0], "uv": [76, 56] },
            { "origin": [-8, 11, -5], "size": [16, 4, 0], "uv": [76, 52] },
            { "origin": [8, 11, -5], "size": [0, 4, 11], "uv": [23, 30] },
            { "origin": [-8, 11, -5], "size": [0, 4, 11], "uv": [0, 9] }
          ]
        },
        {
          "name": "mouth",
          "parent": "body",
          "pivot": [-1, 0, -4],
          "cubes": [
            { "origin": [-2, 0, -5], "size": [4, 3, 11], "uv": [59, 38] }
          ]
        },
        {
          "name": "shell",
          "parent": "body",
          "pivot": [-1, 0, -4],
          "cubes": [
            { "origin": [-0.525, 9, -5.2], "size": [1, 1, 1], "uv": [4, 18] },
            {
              "origin": [1.475, 8.525, -5.2],
              "size": [1, 1, 1],
              "pivot": [1.975, 9.025, -4.7],
              "rotation": [0, 0, 45],
              "uv": [0, 18]
            },
            {
              "origin": [2.975, 7.025, -5.2],
              "size": [1, 1, 1],
              "uv": [4, 18]
            },
            {
              "origin": [-3.975, 7.025, -5.2],
              "size": [1, 1, 1],
              "uv": [4, 18]
            },
            {
              "origin": [-2.475, 8.525, -5.2],
              "size": [1, 1, 1],
              "pivot": [-1.975, 9.025, -4.7],
              "rotation": [0, 0, -45],
              "uv": [0, 18]
            }
          ]
        },
        {
          "name": "top_section",
          "parent": "body",
          "pivot": [-0.005, 10.1517, -0.99379],
          "cubes": [
            {
              "origin": [1.5, 12.52633, -4.07302],
              "size": [1, 1, 1],
              "inflate": -0.15,
              "uv": [24, 84]
            },
            {
              "origin": [-2.5, 12.52633, -4.07302],
              "size": [1, 1, 1],
              "inflate": -0.15,
              "uv": [24, 84]
            },
            {
              "origin": [-3.025, 17.92633, -2.32302],
              "size": [6, 2, 6],
              "uv": [70, 81]
            },
            {
              "origin": [-4.5, 10.85133, -3.89802],
              "size": [9, 5, 9],
              "uv": [55, 24]
            },
            {
              "origin": [-3.5, 14.92633, -2.89802],
              "size": [7, 3, 7],
              "uv": [24, 74]
            }
          ]
        },
        {
          "name": "shell_top",
          "parent": "top_section",
          "pivot": [-1, -0.14867, -3.87302],
          "cubes": [
            {
              "origin": [-3.575, 16.42633, -2.42302],
              "size": [1, 1, 1],
              "uv": [0, 18]
            },
            {
              "origin": [-3.575, 16.42633, 0.10198],
              "size": [1, 1, 1],
              "uv": [4, 18]
            },
            {
              "origin": [-3.575, 16.42633, 2.60198],
              "size": [1, 1, 1],
              "uv": [0, 18]
            },
            {
              "origin": [2.55, 16.42633, 0.10198],
              "size": [1, 1, 1],
              "uv": [4, 18]
            },
            {
              "origin": [2.55, 16.42633, -2.42302],
              "size": [1, 1, 1],
              "uv": [0, 18]
            },
            {
              "origin": [2.55, 16.42633, 2.60198],
              "size": [1, 1, 1],
              "uv": [0, 18]
            },
            {
              "origin": [-0.525, 16.42633, -2.99802],
              "size": [1, 1, 1],
              "uv": [4, 18]
            },
            {
              "origin": [2, 16.42633, -2.99802],
              "size": [1, 1, 1],
              "uv": [0, 18]
            },
            {
              "origin": [-3, 16.42633, -2.99802],
              "size": [1, 1, 1],
              "uv": [0, 18]
            },
            {
              "origin": [-0.525, 16.42633, 3.17698],
              "size": [1, 1, 1],
              "uv": [4, 18]
            },
            {
              "origin": [2, 16.42633, 3.17698],
              "size": [1, 1, 1],
              "uv": [0, 18]
            },
            {
              "origin": [-3, 16.42633, 3.17698],
              "size": [1, 1, 1],
              "uv": [0, 18]
            }
          ]
        },
        {
          "name": "shovel",
          "parent": "top_section",
          "pivot": [-0.04472, 22.05101, 0.60206],
          "rotation": [-90, 0, 0],
          "cubes": [
            {
              "origin": [-0.54472, 21.55101, -2.60419],
              "size": [1, 1, 1],
              "uv": [11, 35]
            },
            {
              "origin": [-1.54472, 21.55101, -1.60419],
              "size": [3, 1, 3],
              "uv": [32, 46]
            },
            {
              "origin": [-0.54472, 21.55101, 0.79581],
              "size": [1, 1, 1],
              "inflate": 0.15,
              "uv": [0, 36]
            },
            {
              "origin": [-0.54472, 21.55101, 1.82081],
              "size": [1, 1, 3],
              "inflate": -0.125,
              "uv": [0, 0]
            }
          ]
        }
      ]
    }
  ]
}
