{
  "format_version": "1.12.0",
  "minecraft:geometry": [
    {
      "description": {
        "identifier": "geometry.sinistea",
        "texture_width": 64,
        "texture_height": 64,
        "visible_bounds_width": 2,
        "visible_bounds_height": 1.5,
        "visible_bounds_offset": [0, 0.25, 0]
      },
      "bones": [
        {
          "name": "sinistea",
          "pivot": [0, 0, 0]
        },
        {
          "name": "body",
          "parent": "sinistea",
          "pivot": [0, 0, 0]
        },
        {
          "name": "torso",
          "parent": "body",
          "pivot": [0, 4.4, 0],
          "cubes": [
            { "origin": [-2.5, 2.9, -2.5], "size": [5, 4, 5], "uv": [0, 0] }
          ]
        },
        {
          "name": "drip",
          "parent": "torso",
          "pivot": [2.5, 6.751, -2.5],
          "cubes": [
            { "origin": [2, 4.001, -4], "size": [2, 3, 2], "uv": [28, 15] }
          ]
        },
        {
          "name": "arm_left",
          "parent": "torso",
          "pivot": [-3, 5.25, 0]
        },
        {
          "name": "segment5",
          "parent": "arm_left",
          "pivot": [-3.26187, 5.2128, 0],
          "cubes": [
            {
              "origin": [-4.54946, 4.79597, -0.5],
              "size": [1, 3, 1],
              "pivot": [-4.04946, 5.93347, 0],
              "rotation": [0, 0, 127.5],
              "uv": [0, 0]
            }
          ]
        },
        {
          "name": "segment4",
          "parent": "segment5",
          "pivot": [-4.64752, 6.52262, -0.001],
          "cubes": [
            {
              "origin": [-6.48502, 5.86012, -0.501],
              "size": [1, 2, 1],
              "pivot": [-5.98502, 6.52262, 0.001],
              "rotation": [0, 0, 90],
              "uv": [0, 9]
            }
          ]
        },
        {
          "name": "segment3",
          "parent": "segment4",
          "pivot": [-6.33589, 6.5682, 0],
          "cubes": [
            {
              "origin": [-6.98144, 5.78018, -0.5],
              "size": [1, 1, 1],
              "pivot": [-6.48144, 6.44268, 0],
              "rotation": [0, 0, 40],
              "uv": [0, 12]
            }
          ]
        },
        {
          "name": "segment2",
          "parent": "segment3",
          "pivot": [-6.79031, 6.00657, -0.001],
          "cubes": [
            {
              "origin": [-7.29031, 4.25657, -0.501],
              "size": [1, 2, 1],
              "pivot": [-6.79031, 5.16907, 0.001],
              "rotation": [0, 0, 0],
              "uv": [0, 15]
            }
          ]
        },
        {
          "name": "segment1",
          "parent": "segment2",
          "pivot": [-6.80716, 4.47421, 0],
          "cubes": [
            {
              "origin": [-6.41999, 2.84628, -0.5],
              "size": [1, 2, 1],
              "pivot": [-5.91999, 3.17128, 0],
              "rotation": [0, 0, -35],
              "uv": [7, 15]
            }
          ]
        },
        {
          "name": "hand",
          "parent": "segment1",
          "pivot": [-5.75, 3, 0]
        },
        {
          "name": "finger",
          "parent": "hand",
          "pivot": [-5.55075, 2.9059, 0.05256],
          "cubes": [
            {
              "origin": [-6.05, 1.95, -0.5],
              "size": [2, 2, 1],
              "pivot": [-5.25, 2.9, 0],
              "rotation": [-1.67459, -14.81812, 12.82477],
              "uv": [18, 27]
            }
          ]
        },
        {
          "name": "thumb",
          "parent": "hand",
          "pivot": [-5.77789, 2.3494, -0.20396],
          "cubes": [
            {
              "origin": [-7.35, 1.9, -0.65],
              "size": [2, 1, 1],
              "pivot": [-6, 2.9, -0.25],
              "rotation": [4.24768, -14.30566, -10.4263],
              "uv": [22, 4]
            }
          ]
        },
        {
          "name": "eyes",
          "parent": "torso",
          "pivot": [0, 0, 0]
        },
        {
          "name": "eye_right",
          "parent": "eyes",
          "pivot": [2.29478, 4.61084, -3.51],
          "rotation": [0, 0, 2.5],
          "cubes": [
            {
              "origin": [1.29478, 3.11084, -3.51],
              "size": [2, 3, 0],
              "uv": [0, 30]
            }
          ]
        },
        {
          "name": "eyelid_right",
          "parent": "eye_right",
          "pivot": [2.29478, 4.61084, -3.41],
          "cubes": [
            {
              "origin": [1.29478, 3.11084, -3.41],
              "size": [2, 3, 0],
              "inflate": 0.01,
              "uv": [0, 37]
            }
          ]
        },
        {
          "name": "eye_left",
          "parent": "eyes",
          "pivot": [-2.29488, 4.6152, -3.51],
          "rotation": [0, 0, -2.5],
          "cubes": [
            {
              "origin": [-3.29488, 3.1152, -3.51],
              "size": [2, 3, 0],
              "uv": [5, 30]
            }
          ]
        },
        {
          "name": "eyelid_left",
          "parent": "eye_left",
          "pivot": [-2.29488, 4.6152, -3.41],
          "cubes": [
            {
              "origin": [-3.29488, 3.1152, -3.41],
              "size": [2, 3, 0],
              "inflate": 0.01,
              "uv": [5, 37]
            }
          ]
        },
        {
          "name": "mouth",
          "parent": "torso",
          "pivot": [0, 0, 0]
        },
        {
          "name": "mouth_open",
          "parent": "mouth",
          "pivot": [0, 2.6, -3.51],
          "cubes": [
            { "origin": [-1, 2.1, -3.51], "size": [2, 1, 0], "uv": [15, 4] }
          ]
        },
        {
          "name": "mouth_closed",
          "parent": "mouth",
          "pivot": [0, 3, -3.41],
          "cubes": [
            {
              "origin": [-1, 2.1, -3.41],
              "size": [2, 1, 0],
              "inflate": 0.01,
              "uv": [0, 4]
            }
          ]
        },
        {
          "name": "cup",
          "parent": "body",
          "pivot": [0, 4, 0]
        },
        {
          "name": "top_body",
          "parent": "cup",
          "pivot": [0, 0, 0],
          "cubes": [
            {
              "origin": [-3.75, 6.401, -3.75],
              "size": [6, 1, 1],
              "uv": [27, 20]
            },
            {
              "origin": [-3.75, 6.401, 2.75],
              "size": [7, 1, 1],
              "uv": [0, 27]
            },
            { "origin": [2.75, 6.4, -2.25], "size": [1, 1, 6], "uv": [22, 0] },
            { "origin": [-3.75, 6.4, -3], "size": [1, 1, 6], "uv": [21, 8] }
          ]
        },
        {
          "name": "cup_body_main",
          "parent": "cup",
          "pivot": [0, 0, 0],
          "cubes": [
            { "origin": [-3.5, 2, -3.5], "size": [7, 5, 1], "uv": [12, 21] },
            { "origin": [-3.5, 2, 2.5], "size": [7, 5, 1], "uv": [12, 15] },
            { "origin": [-3.5, 2, -2.5], "size": [1, 5, 5], "uv": [15, 4] },
            { "origin": [2.5, 2, -2.5], "size": [1, 5, 5], "uv": [0, 15] }
          ]
        },
        {
          "name": "base",
          "parent": "cup",
          "pivot": [0, 0, 0],
          "cubes": [
            { "origin": [-2.5, 1, -2.5], "size": [5, 1, 5], "uv": [0, 9] },
            { "origin": [-1, 0.9, -1.3], "size": [2, 0, 1], "uv": [25, 30] }
          ]
        },
        {
          "name": "cup_handle",
          "parent": "cup",
          "pivot": [0, 0, 0],
          "cubes": [
            {
              "origin": [-5.13172, 1.74535, -0.5],
              "size": [4, 1, 1],
              "pivot": [-2.38172, 2.24535, 0],
              "rotation": [0, 0, 12.5],
              "uv": [0, 25]
            }
          ]
        },
        {
          "name": "bot_base",
          "parent": "cup",
          "pivot": [0, 0, 0],
          "cubes": [
            { "origin": [-2, 0, -3], "size": [5, 1, 1], "uv": [15, 2] },
            { "origin": [-3, 0, 2], "size": [5, 1, 1], "uv": [15, 0] },
            { "origin": [-3, 0, -3], "size": [1, 1, 5], "uv": [11, 27] },
            { "origin": [2, 0, -2], "size": [1, 1, 5], "uv": [23, 22] }
          ]
        },
        {
          "name": "decor",
          "parent": "cup",
          "pivot": [0, 0, 0],
          "cubes": [
            { "origin": [-1, 2.1, 3.51], "size": [2, 1, 0], "uv": [0, 36] },
            {
              "origin": [-3.3, 3.05, 3.51],
              "size": [2, 3, 0],
              "pivot": [-2.3, 4.65, 3.51],
              "rotation": [0, 0, -2.5],
              "uv": [5, 33]
            },
            {
              "origin": [1.3, 3.05, 3.51],
              "size": [2, 3, 0],
              "pivot": [2.3, 4.65, 3.51],
              "rotation": [0, 0, 2.5],
              "uv": [0, 33]
            }
          ]
        }
      ]
    }
  ]
}
