{
  "format_version": "1.12.0",
  "minecraft:geometry": [
    {
      "description": {
        "identifier": "geometry.unknown",
        "texture_width": 256,
        "texture_height": 256,
        "visible_bounds_width": 12,
        "visible_bounds_height": 6.5,
        "visible_bounds_offset": [0, 2.75, 0]
      },
      "bones": [
        {
          "name": "haxorus",
          "pivot": [0, 0, 0]
        },
        {
          "name": "Body",
          "parent": "haxorus",
          "pivot": [0, 3, 0]
        },
        {
          "name": "Hips",
          "parent": "Body",
          "pivot": [0, 30.70959, 1.64953],
          "cubes": [
            {
              "origin": [-7.5, 18.71876, -8.05396],
              "size": [15, 14, 18],
              "pivot": [0, 25.71876, 0.44604],
              "rotation": [37.5, 0, 0],
              "uv": [52, 21]
            },
            {
              "origin": [-5.5, 34.89164, -14.42171],
              "size": [11, 12, 12],
              "inflate": 0.015,
              "pivot": [1.5, 39.89164, -2.17171],
              "rotation": [97.5, 0, 0],
              "uv": [106, 41]
            },
            {
              "origin": [-5.5, 34.39164, -16.42171],
              "size": [11, 10, 11],
              "pivot": [1.5, 39.89164, -2.17171],
              "rotation": [80, 0, 0],
              "uv": [47, 0]
            },
            {
              "origin": [-9, 12.15394, -0.07742],
              "size": [18, 21, 16],
              "pivot": [0, 23.15394, 7.92258],
              "rotation": [-17.5, 0, 0],
              "uv": [0, 39]
            },
            {
              "origin": [-4.5, 33.16, 1.17258],
              "size": [9, 0, 10],
              "pivot": [0, 23.15394, 7.92258],
              "rotation": [-17.5, 0, 0],
              "uv": [70, 0]
            }
          ]
        },
        {
          "name": "Chest",
          "parent": "Hips",
          "pivot": [0, 37.63498, -2.97704],
          "cubes": [
            {
              "origin": [-7, 29.14164, -1.17171],
              "size": [14, 13, 10],
              "pivot": [1.5, 35.39164, -2.67171],
              "rotation": [92.5, 0, 0],
              "uv": [92, 104]
            },
            {
              "origin": [-3.95201, 42.76598, -9.89962],
              "size": [8, 8, 2],
              "pivot": [0.04799, 46.76598, -10.58843],
              "rotation": [-7.52391, 7.49044, 44.7803],
              "uv": [0, 9]
            }
          ]
        },
        {
          "name": "Neck1",
          "parent": "Chest",
          "pivot": [0.02394, 47.67598, -1.11087],
          "cubes": [
            {
              "origin": [-6, 46.22371, -10.08923],
              "size": [12, 12, 10],
              "pivot": [1.5, 50.72371, -3.08923],
              "rotation": [107.5, 0, 0],
              "uv": [127, 65]
            },
            {
              "origin": [-2.5, 58.24, -3.08923],
              "size": [5, 0, 3],
              "pivot": [1.5, 50.72371, -3.08923],
              "rotation": [107.5, 0, 0],
              "uv": [65, 53]
            },
            {
              "origin": [-1.5, 50.83573, 2.00852],
              "size": [3, 8, 2],
              "pivot": [-0.25, 54.58573, 2.50852],
              "rotation": [120, 0, 0],
              "uv": [0, 107]
            },
            {
              "origin": [-1.5, 53.83573, 1.00852],
              "size": [3, 5, 2],
              "inflate": -0.01,
              "pivot": [-0.25, 54.58573, 2.50852],
              "rotation": [120, 0, 0],
              "uv": [0, 134]
            },
            {
              "origin": [-1.5, 49.49269, 2.94562],
              "size": [3, 8, 2],
              "inflate": -0.001,
              "pivot": [-0.25, 53.24269, 3.44562],
              "rotation": [145, 0, 0],
              "uv": [47, 0]
            }
          ]
        },
        {
          "name": "Neck2",
          "parent": "Neck1",
          "pivot": [0, 52.71617, -5.51462],
          "cubes": [
            {
              "origin": [-5, 49.84194, -9.06962],
              "size": [10, 11, 9],
              "inflate": -0.01,
              "pivot": [1.5, 54.34194, -4.81962],
              "rotation": [115, 0, 0],
              "uv": [68, 127]
            },
            {
              "origin": [-2.5, 60.86, -5.06962],
              "size": [5, 0, 5],
              "pivot": [1.5, 54.34194, -4.81962],
              "rotation": [115, 0, 0],
              "uv": [0, 39]
            },
            {
              "origin": [-1.5, 57.67065, -1.69317],
              "size": [3, 6, 2],
              "pivot": [0, 60.17065, -1.19317],
              "rotation": [132.5, 0, 0],
              "uv": [92, 106]
            },
            {
              "origin": [-1.5, 56.93653, -1.02188],
              "size": [3, 6, 2],
              "inflate": -0.01,
              "pivot": [0, 59.43653, -0.52188],
              "rotation": [155, 0, 0],
              "uv": [39, 76]
            }
          ]
        },
        {
          "name": "Neck3",
          "parent": "Neck2",
          "pivot": [0, 57.9544, -6.91939],
          "cubes": [
            {
              "origin": [-4.5, 51.81536, -16.72083],
              "size": [9, 9, 8],
              "inflate": -0.01,
              "pivot": [1.5, 58.81536, -11.47083],
              "rotation": [127.5, 0, 0],
              "uv": [131, 0]
            }
          ]
        },
        {
          "name": "Neck4",
          "parent": "Neck3",
          "pivot": [0, 63.61526, -9.74623],
          "cubes": [
            {
              "origin": [-4, 56.37782, -15.83722],
              "size": [8, 8, 7],
              "pivot": [1.5, 62.12782, -13.33722],
              "rotation": [137.5, 0, 0],
              "uv": [133, 120]
            }
          ]
        },
        {
          "name": "head",
          "parent": "Neck4",
          "pivot": [0.00085, 68.74925, -14.42475],
          "cubes": [
            {
              "origin": [-3.5, 65.8173, -22.61962],
              "size": [7, 6, 7],
              "pivot": [-0.5, 68.94855, -18.53537],
              "rotation": [25, 0, 0],
              "uv": [140, 38]
            },
            {
              "origin": [-3, 64.86823, -17.05586],
              "size": [6, 8, 5],
              "inflate": -0.01,
              "pivot": [0.5, 72.89715, -17.20935],
              "rotation": [-37.5, 0, 0],
              "uv": [124, 148]
            },
            {
              "origin": [-1.5, 73.2473, -22.21962],
              "size": [3, 3, 5],
              "pivot": [1, 73.0973, -16.71962],
              "rotation": [60, 0, 0],
              "uv": [0, 76]
            },
            {
              "origin": [-0.5, 65.6473, -27.51962],
              "size": [1, 4, 3],
              "pivot": [0, 68.28458, -24.64973],
              "rotation": [155, 0, 0],
              "uv": [100, 28]
            },
            {
              "origin": [-0.5, 70.89007, -22.17514],
              "size": [1, 2, 5],
              "pivot": [0, 70.89007, -20.17514],
              "rotation": [75, 0, 0],
              "uv": [114, 65]
            },
            {
              "origin": [-3, 65.55654, -23.91004],
              "size": [6, 4, 5],
              "pivot": [-0.5, 67.05654, -22.16004],
              "rotation": [-10, 0, 0],
              "uv": [145, 87]
            },
            {
              "origin": [-2, 65.8473, -25.6859],
              "size": [4, 3, 4],
              "pivot": [0, 66.26785, -24.1859],
              "rotation": [-12.5, 0, 0],
              "uv": [0, 84]
            },
            {
              "origin": [-1.25183, 64.28441, -26.94391],
              "size": [3, 4, 3],
              "inflate": -0.085,
              "pivot": [-0.00183, 67.28441, -25.69391],
              "rotation": [-14.86589, -44.18405, 10.50364],
              "uv": [74, 90]
            },
            {
              "origin": [-1.00204, 66.3973, -26.98244],
              "size": [3, 1, 3],
              "inflate": -0.1,
              "pivot": [-0.00204, 66.92227, -25.98244],
              "rotation": [-19.67386, -43.49388, 13.83526],
              "uv": [75, 53]
            },
            {
              "origin": [-0.75204, 67.2973, -26.73244],
              "size": [2, 1, 2],
              "pivot": [-0.00204, 66.92227, -25.98244],
              "rotation": [-19.67386, -43.49388, 13.83526],
              "uv": [111, 65]
            }
          ]
        },
        {
          "name": "Right_eye",
          "parent": "head",
          "pivot": [-5, 68.5973, -22.46962],
          "rotation": [22.5, 0, 0],
          "cubes": [
            {
              "origin": [-3.5, 66.796, -21.11994],
              "size": [1, 2, 2],
              "inflate": 0.015,
              "pivot": [-3, 68.95085, -20.3483],
              "rotation": [-45, 0, 0],
              "uv": [11, 76]
            },
            {
              "origin": [-3.5, 69.37968, -17.67252],
              "size": [1, 1, 1],
              "inflate": 0.02,
              "pivot": [-3, 69.65796, -21.0554],
              "rotation": [-87.5, 0, 0],
              "uv": [5, 3]
            },
            {
              "origin": [-3.5, 67.94245, -22.24126],
              "size": [1, 3, 3],
              "inflate": 0.01,
              "pivot": [-5, 68.5973, -22.46962],
              "rotation": [-45, 0, 0],
              "uv": [0, 3]
            },
            {
              "origin": [-3.38, 68.91902, -19.45673],
              "size": [1, 5, 1],
              "inflate": 0.15,
              "pivot": [-2.98, 70.63431, -21.05291],
              "rotation": [-87.5, 0, 0],
              "uv": [0, 39]
            },
            {
              "origin": [-3.5, 67.61922, -20.44316],
              "size": [1, 1, 1],
              "inflate": 0.02555,
              "pivot": [-3, 68.77407, -20.17152],
              "rotation": [-45, 0, 0],
              "uv": [0, 84]
            },
            {
              "origin": [-3.5, 66.86922, -20.69316],
              "size": [1, 1, 1],
              "inflate": 0.025,
              "pivot": [-3, 68.77407, -20.17152],
              "rotation": [-45, 0, 0],
              "uv": [57, 53]
            }
          ]
        },
        {
          "name": "Left_eye",
          "parent": "head",
          "pivot": [5, 68.5973, -22.46962],
          "rotation": [22.5, 0, 0],
          "cubes": [
            {
              "origin": [2.5, 69.37968, -17.67252],
              "size": [1, 1, 1],
              "inflate": 0.02,
              "pivot": [3, 69.65796, -21.0554],
              "rotation": [-87.5, 0, 0],
              "uv": [0, 78]
            },
            {
              "origin": [2.38, 68.91902, -19.45673],
              "size": [1, 5, 1],
              "inflate": 0.15,
              "pivot": [2.98, 70.63431, -21.05291],
              "rotation": [-87.5, 0, 0],
              "uv": [39, 84]
            },
            {
              "origin": [2.5, 67.94245, -22.24126],
              "size": [1, 3, 3],
              "inflate": 0.01,
              "pivot": [5, 68.5973, -22.46962],
              "rotation": [-45, 0, 0],
              "uv": [8, 44]
            },
            {
              "origin": [2.5, 66.86922, -20.69316],
              "size": [1, 1, 1],
              "inflate": 0.025,
              "pivot": [3, 68.77407, -20.17152],
              "rotation": [-45, 0, 0],
              "uv": [0, 76]
            },
            {
              "origin": [2.5, 67.61922, -20.44316],
              "size": [1, 1, 1],
              "inflate": 0.02555,
              "pivot": [3, 68.77407, -20.17152],
              "rotation": [-45, 0, 0],
              "uv": [61, 53]
            },
            {
              "origin": [2.5, 66.796, -21.11994],
              "size": [1, 2, 2],
              "inflate": 0.015,
              "pivot": [3, 68.95085, -20.3483],
              "rotation": [-45, 0, 0],
              "uv": [0, 45]
            }
          ]
        },
        {
          "name": "Left_eyelid",
          "parent": "head",
          "pivot": [4, 68.5973, -22.46962],
          "rotation": [22.5, 0, 0],
          "cubes": [
            {
              "origin": [1.52, 69.37968, -17.67252],
              "size": [1, 1, 1],
              "inflate": 0.02,
              "pivot": [2, 69.65796, -21.0554],
              "rotation": [-87.5, 0, 0],
              "uv": [0, 78]
            },
            {
              "origin": [1.4, 68.91902, -19.45673],
              "size": [1, 5, 1],
              "inflate": 0.15,
              "pivot": [1.98, 70.63431, -21.05291],
              "rotation": [-87.5, 0, 0],
              "uv": [39, 84]
            },
            {
              "origin": [1.52, 67.94245, -22.24126],
              "size": [1, 3, 3],
              "inflate": 0.01,
              "pivot": [4, 68.5973, -22.46962],
              "rotation": [-45, 0, 0],
              "uv": [175, 2]
            }
          ]
        },
        {
          "name": "Right_eyelid",
          "parent": "head",
          "pivot": [-4, 68.5973, -22.46962],
          "rotation": [22.5, 0, 0],
          "cubes": [
            {
              "origin": [-2.52, 69.37968, -17.67252],
              "size": [1, 1, 1],
              "inflate": 0.02,
              "pivot": [-2, 69.65796, -21.0554],
              "rotation": [-87.5, 0, 0],
              "uv": [5, 3]
            },
            {
              "origin": [-2.52, 67.94245, -22.24126],
              "size": [1, 3, 3],
              "inflate": 0.01,
              "pivot": [-4, 68.5973, -22.46962],
              "rotation": [-45, 0, 0],
              "uv": [167, 2]
            },
            {
              "origin": [-2.4, 68.91902, -19.45673],
              "size": [1, 5, 1],
              "inflate": 0.15,
              "pivot": [-1.98, 70.63431, -21.05291],
              "rotation": [-87.5, 0, 0],
              "uv": [0, 39]
            }
          ]
        },
        {
          "name": "Left_Blades",
          "parent": "head",
          "pivot": [6.25226, 67.19358, -19.63468],
          "rotation": [7.5, 0, 0],
          "cubes": [
            {
              "origin": [4.3817, 66.27724, -30.72447],
              "size": [7, 0, 11],
              "pivot": [4.14117, 67.50807, -22.2566],
              "rotation": [2.34892, 9.84655, -1.75378],
              "uv": [87, 0]
            },
            {
              "origin": [4.68065, 66.6933, -21.01679],
              "size": [7, 0, 13],
              "pivot": [7.71847, 67.92399, -15.30203],
              "rotation": [2.31431, -0.14521, -2.16156],
              "uv": [77, 53]
            },
            {
              "origin": [3.29742, 67.04647, -8.89583],
              "size": [6, 0, 9],
              "pivot": [6.36295, 68.2719, -5.43783],
              "rotation": [2.32365, -5.14112, -2.36402],
              "uv": [0, 0]
            },
            {
              "origin": [2.24138, 66.2943, -23.67783],
              "size": [3, 0, 3],
              "pivot": [4.25085, 67.5242, -21.95996],
              "rotation": [2.31625, 2.35275, -2.06055],
              "uv": [0, 0]
            }
          ]
        },
        {
          "name": "Right_Blades",
          "parent": "head",
          "pivot": [-6.25226, 67.19358, -19.63468],
          "rotation": [7.5, 0, 0],
          "cubes": [
            {
              "origin": [-11.3817, 66.27724, -30.72447],
              "size": [7, 0, 11],
              "pivot": [-4.14117, 67.50807, -22.2566],
              "rotation": [2.34892, -9.84655, 1.75378],
              "uv": [87, 0],
              "mirror": true
            },
            {
              "origin": [-9.29742, 67.04647, -8.89583],
              "size": [6, 0, 9],
              "pivot": [-6.36295, 68.2719, -5.43783],
              "rotation": [2.32365, 5.14112, 2.36402],
              "uv": [0, 0],
              "mirror": true
            },
            {
              "origin": [-5.24138, 66.2943, -23.67783],
              "size": [3, 0, 3],
              "pivot": [-4.25085, 67.5242, -21.95996],
              "rotation": [2.31625, -2.35275, 2.06055],
              "uv": [0, 0],
              "mirror": true
            },
            {
              "origin": [-11.68065, 66.6933, -21.01679],
              "size": [7, 0, 13],
              "pivot": [-7.71847, 67.92399, -15.30203],
              "rotation": [2.31431, 0.14521, 2.16156],
              "uv": [77, 53],
              "mirror": true
            }
          ]
        },
        {
          "name": "Lower_Jaw",
          "parent": "head",
          "pivot": [0.00258, 66.10158, -19.67475],
          "rotation": [-12.5, 0, 0],
          "cubes": [
            {
              "origin": [-1.49915, 64.30515, -25.02516],
              "size": [3, 1, 3],
              "uv": [78, 123]
            },
            {
              "origin": [-1.49915, 64.45515, -25.02516],
              "size": [3, 1, 3],
              "uv": [69, 122]
            },
            {
              "origin": [-5.72818, 64.39, -24.06418],
              "size": [2, 1, 2],
              "inflate": 0.057,
              "pivot": [0.00603, 71.08981, -18.32997],
              "rotation": [0, -45, 0],
              "uv": [91, 17]
            },
            {
              "origin": [-1.99915, 63.88871, -22.77516],
              "size": [4, 2, 7],
              "inflate": -0.2,
              "uv": [74, 97]
            },
            {
              "origin": [-1.49915, 64.69871, -22.62003],
              "size": [3, 1, 3],
              "uv": [0, 117]
            }
          ]
        },
        {
          "name": "Left_Bicep",
          "parent": "Chest",
          "pivot": [9.25, 44.25, -2.5],
          "cubes": [
            {
              "origin": [15.5, 41, -4.5],
              "size": [3, 3, 3],
              "inflate": -0.1,
              "uv": [140, 30]
            },
            {
              "origin": [7, 41, -4.5],
              "size": [9, 3, 3],
              "inflate": 0.1,
              "uv": [91, 11]
            }
          ]
        },
        {
          "name": "Left_Forearm",
          "parent": "Left_Bicep",
          "pivot": [17.5, 42.25, -3],
          "cubes": [
            { "origin": [17.5, 41, -4.5], "size": [9, 3, 3], "uv": [90, 66] }
          ]
        },
        {
          "name": "Left_Hand",
          "parent": "Left_Forearm",
          "pivot": [26.25, 43.75, -3],
          "cubes": [
            {
              "origin": [25.5, 41, -4.5],
              "size": [3, 3, 3],
              "inflate": -0.2,
              "uv": [14, 134]
            }
          ]
        },
        {
          "name": "Left_pinky",
          "parent": "Left_Hand",
          "pivot": [28.25, 43.25, -2],
          "cubes": [
            {
              "origin": [27.25, 41.89678, -2.01542],
              "size": [3, 1, 0],
              "uv": [6, 54]
            }
          ]
        },
        {
          "name": "Left_index",
          "parent": "Left_Hand",
          "pivot": [28.5, 43.5, -3.25],
          "cubes": [
            {
              "origin": [27.25, 42.71967, -3.17678],
              "size": [3, 1, 0],
              "uv": [47, 10]
            },
            {
              "origin": [27.25, 42.71967, -3.17678],
              "size": [3, 1, 0],
              "uv": [0, 54]
            }
          ]
        },
        {
          "name": "Left_thumb",
          "parent": "Left_Hand",
          "pivot": [28.25, 43.5, -4.25],
          "cubes": [
            {
              "origin": [27.25, 42, -4.14645],
              "size": [3, 1, 0],
              "uv": [0, 49]
            },
            {
              "origin": [27.25, 42, -4.14645],
              "size": [3, 1, 0],
              "uv": [52, 53]
            }
          ]
        },
        {
          "name": "Right_Bicep",
          "parent": "Chest",
          "pivot": [-9.25, 44.25, -2.5],
          "cubes": [
            {
              "origin": [-16, 41, -4.5],
              "size": [9, 3, 3],
              "inflate": 0.1,
              "uv": [91, 11],
              "mirror": true
            },
            {
              "origin": [-18.5, 41, -4.5],
              "size": [3, 3, 3],
              "inflate": -0.1,
              "uv": [140, 30],
              "mirror": true
            }
          ]
        },
        {
          "name": "Right_Forearm",
          "parent": "Right_Bicep",
          "pivot": [-17.5, 42.25, -3],
          "cubes": [
            {
              "origin": [-26.5, 41, -4.5],
              "size": [9, 3, 3],
              "uv": [90, 66],
              "mirror": true
            }
          ]
        },
        {
          "name": "Right_Hand",
          "parent": "Right_Forearm",
          "pivot": [-26.25, 43.75, -3],
          "cubes": [
            {
              "origin": [-28.5, 41, -4.5],
              "size": [3, 3, 3],
              "inflate": -0.2,
              "uv": [14, 134],
              "mirror": true
            }
          ]
        },
        {
          "name": "Right_pinky",
          "parent": "Right_Hand",
          "pivot": [-28.25, 43.25, -2],
          "cubes": [
            {
              "origin": [-30.25, 41.89678, -2.01542],
              "size": [3, 1, 0],
              "uv": [6, 54],
              "mirror": true
            }
          ]
        },
        {
          "name": "Right_index",
          "parent": "Right_Hand",
          "pivot": [-28.5, 43.5, -3.25],
          "cubes": [
            {
              "origin": [-30.25, 42.71967, -3.17678],
              "size": [3, 1, 0],
              "uv": [0, 54],
              "mirror": true
            },
            {
              "origin": [-30.25, 42.71967, -3.17678],
              "size": [3, 1, 0],
              "uv": [47, 10],
              "mirror": true
            }
          ]
        },
        {
          "name": "Right_thumb",
          "parent": "Right_Hand",
          "pivot": [-28.25, 43.5, -4.25],
          "cubes": [
            {
              "origin": [-30.25, 42, -4.14645],
              "size": [3, 1, 0],
              "uv": [52, 53],
              "mirror": true
            },
            {
              "origin": [-30.25, 42, -4.14645],
              "size": [3, 1, 0],
              "uv": [0, 49],
              "mirror": true
            }
          ]
        },
        {
          "name": "Back_Plate",
          "parent": "Chest",
          "pivot": [-0.03855, 47.18394, 6.57172],
          "cubes": [
            {
              "origin": [-13.44011, 44.89653, 2.15182],
              "size": [6, 2, 8],
              "inflate": -0.01,
              "pivot": [-7.94011, 45.64653, 6.15182],
              "rotation": [111.67413, -35.49178, -12.99301],
              "uv": [140, 20]
            },
            {
              "origin": [-6.25, 45.91699, 0.75959],
              "size": [8, 2, 8],
              "inflate": -0.01,
              "pivot": [0, 45.91699, 7.00959],
              "rotation": [102.56853, 12.27659, -43.64293],
              "uv": [130, 138]
            },
            {
              "origin": [7.44011, 44.89653, 2.15182],
              "size": [6, 2, 8],
              "inflate": -0.01,
              "pivot": [7.94011, 45.64653, 6.15182],
              "rotation": [111.67413, 35.49178, 12.99301],
              "uv": [140, 20],
              "mirror": true
            },
            {
              "origin": [-8, 40.62641, -16.36962],
              "size": [16, 2, 8],
              "pivot": [-1.5, 50.37641, -4.61962],
              "rotation": [107.5, 0, 0],
              "uv": [100, 28]
            },
            {
              "origin": [-8, 40.62641, -16.36962],
              "size": [16, 2, 8],
              "pivot": [-1.5, 50.37641, -4.61962],
              "rotation": [107.5, 0, 0],
              "uv": [100, 28]
            },
            {
              "origin": [-1.5, 45.37955, 7.51491],
              "size": [3, 7, 2],
              "pivot": [0, 49.37955, 8.01491],
              "rotation": [117.5, 0, 0],
              "uv": [97, 127]
            },
            {
              "origin": [-1.5, 48.37955, 6.01491],
              "size": [3, 4, 2],
              "inflate": -0.01,
              "pivot": [0, 49.37955, 8.01491],
              "rotation": [117.5, 0, 0],
              "uv": [80, 147]
            },
            {
              "origin": [-1.5, 51.37778, 10.86398],
              "size": [3, 8, 2],
              "inflate": -0.001,
              "pivot": [0, 51.21592, 11.41558],
              "rotation": [147.5, 0, 0],
              "uv": [127, 65]
            }
          ]
        },
        {
          "name": "Tail_1",
          "parent": "Hips",
          "pivot": [0, 17.90351, 13.95271],
          "cubes": [
            {
              "origin": [-6.5, 11.40351, 10.95271],
              "size": [13, 18, 21],
              "uv": [0, 0]
            }
          ]
        },
        {
          "name": "Tail_2",
          "parent": "Tail_1",
          "pivot": [-0.25, 19.40351, 30.95271],
          "cubes": [
            {
              "origin": [-5.5, 13.90351, 27.95271],
              "size": [11, 14, 19],
              "uv": [49, 57]
            }
          ]
        },
        {
          "name": "Tail_3",
          "parent": "Tail_2",
          "pivot": [-0.25, 20.15351, 46.95271],
          "cubes": [
            {
              "origin": [-3.5, 15.65351, 41.70271],
              "size": [7, 11, 17],
              "uv": [100, 0]
            }
          ]
        },
        {
          "name": "Tail_4",
          "parent": "Tail_3",
          "pivot": [-0.25, 21.15351, 60.45271],
          "cubes": [
            {
              "origin": [-2.5, 16.65351, 53.95271],
              "size": [5, 9, 16],
              "uv": [26, 122]
            }
          ]
        },
        {
          "name": "Tail_5",
          "parent": "Tail_4",
          "pivot": [-0.25, 22.15351, 70.70271],
          "cubes": [
            {
              "origin": [-1, 17.90351, 66.95271],
              "size": [2, 7, 10],
              "uv": [0, 134]
            },
            {
              "origin": [-0.5, 23.90351, 66.95271],
              "size": [1, 1, 6],
              "inflate": 0.01,
              "uv": [39, 84]
            }
          ]
        },
        {
          "name": "Tail_6",
          "parent": "Tail_5",
          "pivot": [0, 21.65351, 76.45271],
          "cubes": [
            {
              "origin": [-0.5, 19.65351, 76.70271],
              "size": [1, 4, 6],
              "uv": [0, 44]
            }
          ]
        },
        {
          "name": "Right_Leg",
          "parent": "haxorus",
          "pivot": [2, -5, 0]
        },
        {
          "name": "Right_Thigh",
          "parent": "Right_Leg",
          "pivot": [-14, 22.86965, 5.41842],
          "cubes": [
            { "origin": [-18, 15, -10], "size": [9, 14, 18], "uv": [38, 90] },
            {
              "origin": [-18, 17, 0.5],
              "size": [8, 12, 13],
              "uv": [0, 109],
              "mirror": true
            },
            {
              "origin": [-17, 17, -11.5],
              "size": [7, 10, 9],
              "pivot": [-14, 21.5, -4],
              "rotation": [7.5, 0, 0],
              "uv": [106, 127]
            },
            {
              "origin": [-19, 16, -6.5],
              "size": [11, 14, 17],
              "uv": [0, 76],
              "mirror": true
            },
            {
              "origin": [-16, 15.75, -12],
              "size": [5, 7, 7],
              "pivot": [-14, 19.25, -4.5],
              "rotation": [20, 0, 0],
              "uv": [52, 122],
              "mirror": true
            }
          ]
        },
        {
          "name": "Right_Calf",
          "parent": "Right_Thigh",
          "pivot": [-14, 14.25539, -7.92122],
          "cubes": [
            {
              "origin": [-16, 11.25, -10.25],
              "size": [5, 7, 6],
              "pivot": [-14, 21.5, -2],
              "rotation": [7.5, 0, 0],
              "uv": [64, 147]
            },
            {
              "origin": [-15.5, 3.25, -9.75],
              "size": [4, 9, 5],
              "inflate": -0.1,
              "pivot": [-14, 21.5, -2],
              "rotation": [7.5, 0, 0],
              "uv": [152, 51]
            }
          ]
        },
        {
          "name": "Right_Foot",
          "parent": "Right_Calf",
          "pivot": [-14, 1.25, -4],
          "cubes": [
            {
              "origin": [-16, 1, -9.5],
              "size": [5, 3, 8],
              "inflate": 0.01,
              "uv": [98, 146]
            }
          ]
        },
        {
          "name": "Right_innertoe",
          "parent": "Right_Foot",
          "pivot": [-10.91667, 2.5, -3.75],
          "cubes": [
            {
              "origin": [-5.5, 1.1, -3.75],
              "size": [3, 2, 0],
              "uv": [12, 19],
              "mirror": true
            },
            {
              "origin": [-11.5, 1, -4.75],
              "size": [5, 2, 2],
              "uv": [90, 72],
              "mirror": true
            },
            {
              "origin": [-7.25, 1, -4.25],
              "size": [3, 2, 1],
              "inflate": -0.1,
              "uv": [83, 90],
              "mirror": true
            }
          ]
        },
        {
          "name": "Right_middletoe",
          "parent": "Right_Foot",
          "pivot": [-12, 2.5, -9.16667],
          "cubes": [
            {
              "origin": [-12, 1.1, -17.75],
              "size": [0, 2, 3],
              "uv": [0, 16],
              "mirror": true
            },
            {
              "origin": [-12.5, 1, -15.75],
              "size": [1, 2, 3],
              "inflate": -0.1,
              "uv": [29, 107]
            },
            { "origin": [-13, 1, -13.5], "size": [2, 2, 4], "uv": [140, 114] }
          ]
        },
        {
          "name": "Right_outertoe",
          "parent": "Right_Foot",
          "pivot": [-15, 2.5, -9.16667],
          "cubes": [
            {
              "origin": [-15.5, 1, -15.75],
              "size": [1, 2, 3],
              "inflate": -0.1,
              "uv": [29, 117]
            },
            {
              "origin": [-15, 1.1, -17.75],
              "size": [0, 2, 3],
              "uv": [6, 16],
              "mirror": true
            },
            { "origin": [-16, 1, -13.5], "size": [2, 2, 4], "uv": [116, 146] }
          ]
        },
        {
          "name": "Left_Leg",
          "parent": "haxorus",
          "pivot": [-2, -5, 0]
        },
        {
          "name": "Left_Thigh",
          "parent": "Left_Leg",
          "pivot": [14, 22.86965, 5.41842],
          "cubes": [
            { "origin": [9, 15, -10], "size": [9, 14, 18], "uv": [91, 72] },
            { "origin": [8, 16, -6.5], "size": [11, 14, 17], "uv": [0, 76] },
            { "origin": [10, 17, 0.5], "size": [8, 12, 13], "uv": [0, 109] },
            {
              "origin": [10, 17, -11.5],
              "size": [7, 10, 7],
              "pivot": [14, 21.5, -4],
              "rotation": [7.5, 0, 0],
              "uv": [138, 97]
            },
            {
              "origin": [11, 15.75, -12],
              "size": [5, 7, 7],
              "pivot": [14, 19.25, -4.5],
              "rotation": [20, 0, 0],
              "uv": [52, 122]
            }
          ]
        },
        {
          "name": "Left_Calf",
          "parent": "Left_Thigh",
          "pivot": [14, 14.25539, -7.92122],
          "cubes": [
            {
              "origin": [11.5, 3.25, -9.75],
              "size": [4, 9, 5],
              "inflate": -0.1,
              "pivot": [14, 21.5, -2],
              "rotation": [7.5, 0, 0],
              "uv": [146, 148]
            },
            {
              "origin": [11, 11.25, -10.25],
              "size": [5, 7, 6],
              "pivot": [14, 21.5, -2],
              "rotation": [7.5, 0, 0],
              "uv": [42, 147]
            }
          ]
        },
        {
          "name": "Left_Foot",
          "parent": "Left_Calf",
          "pivot": [14, 1.25, -4],
          "cubes": [
            {
              "origin": [11, 1, -9.5],
              "size": [5, 3, 8],
              "inflate": 0.01,
              "uv": [16, 147]
            }
          ]
        },
        {
          "name": "Left_innertoe",
          "parent": "Left_Foot",
          "pivot": [10.91667, 2.5, -3.75],
          "cubes": [
            { "origin": [6.5, 1, -4.75], "size": [5, 2, 2], "uv": [90, 72] },
            { "origin": [2.5, 1.1, -3.75], "size": [3, 2, 0], "uv": [12, 19] },
            {
              "origin": [4.25, 1, -4.25],
              "size": [3, 2, 1],
              "inflate": -0.1,
              "uv": [83, 90]
            }
          ]
        },
        {
          "name": "Left_middletoe",
          "parent": "Left_Foot",
          "pivot": [12, 2.5, -9.16667],
          "cubes": [
            {
              "origin": [11.5, 1, -15.75],
              "size": [1, 2, 3],
              "inflate": -0.1,
              "uv": [107, 127]
            },
            { "origin": [12, 1.1, -17.75], "size": [0, 2, 3], "uv": [0, 16] },
            { "origin": [11, 1, -13.5], "size": [2, 2, 4], "uv": [34, 147] }
          ]
        },
        {
          "name": "Left_outertoe",
          "parent": "Left_Foot",
          "pivot": [15, 2.5, -9.16667],
          "cubes": [
            { "origin": [15, 1.1, -17.75], "size": [0, 2, 3], "uv": [6, 16] },
            { "origin": [14, 1, -13.5], "size": [2, 2, 4], "uv": [58, 147] },
            {
              "origin": [14.5, 1, -15.75],
              "size": [1, 2, 3],
              "inflate": -0.1,
              "uv": [29, 112]
            }
          ]
        }
      ]
    }
  ]
}
