{
  "format_version": "1.12.0",
  "minecraft:geometry": [
    {
      "description": {
        "identifier": "geometry.swablu",
        "texture_width": 64,
        "texture_height": 64,
        "visible_bounds_width": 3,
        "visible_bounds_height": 2.5,
        "visible_bounds_offset": [0, 0.75, 0]
      },
      "bones": [
        {
          "name": "swablu",
          "pivot": [0, 0, 0]
        },
        {
          "name": "body",
          "parent": "swablu",
          "pivot": [0, 0, 0]
        },
        {
          "name": "torso",
          "parent": "body",
          "pivot": [0, -2.75, -2]
        },
        {
          "name": "head",
          "parent": "torso",
          "pivot": [0, 4.25, -2],
          "cubes": [
            { "origin": [-2.5, 1.5, -3], "size": [5, 5, 5], "uv": [17, 19] }
          ]
        },
        {
          "name": "hair",
          "parent": "head",
          "pivot": [0, -2.75, 0]
        },
        {
          "name": "hair_right",
          "parent": "hair",
          "pivot": [-0.00882, 6.46593, -0.5],
          "rotation": [-1.3378, 14.94159, -10.17544],
          "cubes": [
            {
              "origin": [0.0976, 6.03521, -1.05318],
              "size": [0, 2, 1],
              "pivot": [0.0976, 6.03521, -0.55318],
              "rotation": [0, 0, -15],
              "uv": [2, 9]
            }
          ]
        },
        {
          "name": "hair_right2",
          "parent": "hair_right",
          "pivot": [-0.39362, 7.98621, -0.55318],
          "cubes": [
            {
              "origin": [-0.42004, 7.96706, -1.05318],
              "size": [0, 2, 1],
              "pivot": [-0.42004, 7.96706, -0.55318],
              "rotation": [0, 0, -35],
              "uv": [0, 9]
            }
          ]
        },
        {
          "name": "hair_right3",
          "parent": "hair_right2",
          "pivot": [-1.58635, 9.57894, -0.55318],
          "cubes": [
            {
              "origin": [-1.48186, 9.6344, -1.05318],
              "size": [0, 2, 1],
              "pivot": [-1.49663, 9.53791, -0.55318],
              "rotation": [0, 0, -55],
              "uv": [2, 7]
            }
          ]
        },
        {
          "name": "hair_left",
          "parent": "hair",
          "pivot": [0.00882, 6.46593, -0.5],
          "rotation": [-1.3378, -14.94159, 10.17544],
          "cubes": [
            {
              "origin": [-0.0976, 6.03521, -1.05318],
              "size": [0, 2, 1],
              "pivot": [-0.0976, 6.03521, -0.55318],
              "rotation": [0, 0, 15],
              "uv": [0, 7]
            }
          ]
        },
        {
          "name": "hair_left2",
          "parent": "hair_left",
          "pivot": [0.39362, 7.93621, -0.55318],
          "cubes": [
            {
              "origin": [0.42004, 7.96706, -1.05318],
              "size": [0, 2, 1],
              "pivot": [0.42004, 7.96706, -0.55318],
              "rotation": [0, 0, 35],
              "uv": [2, 0]
            }
          ]
        },
        {
          "name": "hair_left3",
          "parent": "hair_left2",
          "pivot": [1.58635, 9.57894, -0.55318],
          "cubes": [
            {
              "origin": [1.48186, 9.6344, -1.05318],
              "size": [0, 2, 1],
              "pivot": [1.49663, 9.53791, -0.55318],
              "rotation": [0, 0, 55],
              "uv": [0, 0]
            }
          ]
        },
        {
          "name": "beak",
          "parent": "head",
          "pivot": [0.0005, 4, -3.5],
          "cubes": [
            { "origin": [-1, 3.5, -4.5], "size": [2, 2, 2], "uv": [18, 0] },
            { "origin": [-0.999, 3, -4], "size": [2, 1, 1], "uv": [24, 0] }
          ]
        },
        {
          "name": "eye_right",
          "parent": "head",
          "pivot": [1.75, 4.75, -3.01],
          "cubes": [
            { "origin": [1.25, 4.25, -3.01], "size": [1, 1, 0], "uv": [2, 3] }
          ]
        },
        {
          "name": "eyelid_right",
          "parent": "eye_right",
          "pivot": [1.75, 4.75, -2.91],
          "cubes": [
            {
              "origin": [1.25, 4.25, -2.91],
              "size": [1, 1, 0],
              "inflate": 0.01,
              "uv": [2, 0]
            }
          ]
        },
        {
          "name": "eye_left",
          "parent": "head",
          "pivot": [-1.75, 4.75, -3.01],
          "cubes": [
            { "origin": [-2.25, 4.25, -3.01], "size": [1, 1, 0], "uv": [0, 3] }
          ]
        },
        {
          "name": "eyelid_left",
          "parent": "eye_left",
          "pivot": [-1.75, 4.75, -2.91],
          "cubes": [
            {
              "origin": [-2.25, 4.25, -2.91],
              "size": [1, 1, 0],
              "inflate": 0.01,
              "uv": [0, 0]
            }
          ]
        },
        {
          "name": "tail",
          "parent": "torso",
          "pivot": [0, 2.75, 1.5],
          "cubes": [
            {
              "origin": [-1.5, 1.75, 1],
              "size": [3, 0, 5],
              "pivot": [0, 1.75, 3.5],
              "rotation": [-25, 0, 0],
              "uv": [17, 12]
            }
          ]
        },
        {
          "name": "wing_right",
          "parent": "torso",
          "pivot": [2.41667, 3.25, -1],
          "cubes": [
            { "origin": [2.5, 1.75, -2.5], "size": [1, 3, 3], "uv": [8, 24] },
            { "origin": [3.5, 1.25, -3], "size": [7, 4, 4], "uv": [18, 4] },
            {
              "origin": [3.5, 1.25, -3],
              "size": [7, 4, 4],
              "inflate": 0.2,
              "uv": [0, 16]
            }
          ]
        },
        {
          "name": "wing_left",
          "parent": "torso",
          "pivot": [-2.41667, 3.25, -1],
          "cubes": [
            { "origin": [-3.5, 1.75, -2.5], "size": [1, 3, 3], "uv": [0, 24] },
            { "origin": [-10.5, 1.25, -3], "size": [7, 4, 4], "uv": [0, 8] },
            {
              "origin": [-10.5, 1.25, -3],
              "size": [7, 4, 4],
              "inflate": 0.2,
              "uv": [0, 0]
            }
          ]
        },
        {
          "name": "leg_right",
          "parent": "body",
          "pivot": [1.25, 1.75, -0.75],
          "cubes": [
            {
              "origin": [0.75, 0.5, -2.25],
              "size": [1, 1, 2],
              "pivot": [0.075, 1, -1.25],
              "rotation": [30, 0, 0],
              "uv": [5, 24]
            }
          ]
        },
        {
          "name": "leg_left",
          "parent": "body",
          "pivot": [-1.1, 1.75, -0.75],
          "cubes": [
            {
              "origin": [-1.6, 0.5, -2.25],
              "size": [1, 1, 2],
              "pivot": [0.075, 1, -1.25],
              "rotation": [30, 0, 0],
              "uv": [18, 16]
            }
          ]
        }
      ]
    }
  ]
}
