{
  "format_version": "1.12.0",
  "minecraft:geometry": [
    {
      "description": {
        "identifier": "geometry.espurr",
        "texture_width": 32,
        "texture_height": 32,
        "visible_bounds_width": 2,
        "visible_bounds_height": 2.5,
        "visible_bounds_offset": [0, 0.75, 0]
      },
      "bones": [
        {
          "name": "espurr",
          "pivot": [0, 0, 0]
        },
        {
          "name": "body",
          "parent": "espurr",
          "pivot": [0, 0, 0],
          "cubes": [
            { "origin": [-2, 2, -2], "size": [4, 5, 4], "uv": [0, 12] },
            {
              "origin": [-4, 5.25, 2],
              "size": [2, 2, 0],
              "pivot": [-2, 5.25, 2],
              "rotation": [15, 27.5, 30],
              "uv": [4, 24]
            },
            {
              "origin": [2, 5.25, 2],
              "size": [2, 2, 0],
              "pivot": [2, 5.25, 2],
              "rotation": [15, -27.5, -30],
              "uv": [10, 24]
            },
            {
              "origin": [-4, 2, 0],
              "size": [2, 2, 0],
              "pivot": [-2, 2, 0],
              "rotation": [0, 0, 10],
              "uv": [20, 3]
            },
            {
              "origin": [2, 2, 0],
              "size": [2, 2, 0],
              "pivot": [2, 2, 0],
              "rotation": [0, 0, -10],
              "uv": [0, 4]
            }
          ]
        },
        {
          "name": "head",
          "parent": "body",
          "pivot": [0, 7, 0],
          "cubes": [
            { "origin": [-3.5, 7, -3], "size": [7, 6, 6], "uv": [0, 0] },
            {
              "origin": [-0.125, 8.25, -3.01],
              "size": [0.25, 0.25, 0],
              "uv": [31, 1]
            },
            {
              "origin": [-5.5, 7, 0],
              "size": [2, 2, 0],
              "pivot": [-3.5, 7, 0],
              "rotation": [-10, 0, 15],
              "uv": [12, 22]
            },
            {
              "origin": [-5.5, 9, 0],
              "size": [2, 2, 0],
              "pivot": [-3.5, 9, 0],
              "rotation": [-10, 0, 15],
              "uv": [8, 22]
            },
            {
              "origin": [-1.25, 12.75, -1],
              "size": [2, 2, 0],
              "pivot": [0, 13, -1],
              "rotation": [0, -10, 40],
              "uv": [10, 26]
            },
            {
              "origin": [0.75, 12.75, 1],
              "size": [2, 2, 0],
              "pivot": [1.75, 13, 1],
              "rotation": [0, 0, -25],
              "uv": [6, 26]
            },
            {
              "origin": [-2.5, 12.75, 2],
              "size": [2, 2, 0],
              "pivot": [-2, 13, 1],
              "rotation": [10, 40, 25],
              "uv": [0, 24]
            },
            {
              "origin": [-1.5, 12, -2.75],
              "size": [2, 2, 0],
              "pivot": [0.5, 12, -3],
              "rotation": [15, -30, -32.5],
              "uv": [0, 24]
            },
            {
              "origin": [1.5, 7, 0],
              "size": [2, 2, 0],
              "pivot": [3.5, 7, 0],
              "rotation": [10, 180, -15],
              "uv": [0, 22]
            },
            {
              "origin": [1.5, 9, 0],
              "size": [2, 2, 0],
              "pivot": [3.5, 9, 0],
              "rotation": [10, 180, -15],
              "uv": [4, 22]
            },
            {
              "origin": [-3.51, 11.25, -2.5],
              "size": [0, 2, 2],
              "uv": [24, 20]
            },
            {
              "origin": [-3.52, 11.75, -1.75],
              "size": [0, 1, 1],
              "uv": [26, 21]
            },
            {
              "origin": [3.51, 11.25, -2.5],
              "size": [0, 2, 2],
              "uv": [24, 22]
            },
            {
              "origin": [3.52, 11.75, -1.75],
              "size": [0, 1, 1],
              "uv": [26, 22]
            }
          ]
        },
        {
          "name": "mouth",
          "parent": "head",
          "pivot": [0, 7, -2.75],
          "cubes": [
            { "origin": [-0.5, 7, -2.77], "size": [1, 1, 0], "uv": [1, 31] }
          ]
        },
        {
          "name": "eye_r",
          "parent": "head",
          "pivot": [-2, 6, -2],
          "cubes": [
            { "origin": [-3, 8.25, -3.01], "size": [2, 2, 0], "uv": [20, 22] },
            { "origin": [-2.5, 8.75, -3.02], "size": [1, 1, 0], "uv": [4, 1] }
          ]
        },
        {
          "name": "closed_r",
          "parent": "eye_r",
          "pivot": [-2, 9.5, -3],
          "cubes": [
            { "origin": [-3, 8.5, -2.99], "size": [2, 0.25, 0], "uv": [28, 1] }
          ]
        },
        {
          "name": "glow_r",
          "parent": "eye_r",
          "pivot": [-2, 6, -1.75],
          "cubes": [
            { "origin": [-3, 8.25, -2.79], "size": [2, 2, 0], "uv": [20, 24] },
            { "origin": [-2.5, 8.75, -2.8], "size": [1, 1, 0], "uv": [4, 3] }
          ]
        },
        {
          "name": "eye_l",
          "parent": "head",
          "pivot": [2, 6, -2],
          "cubes": [
            { "origin": [1, 8.25, -3.01], "size": [2, 2, 0], "uv": [16, 22] },
            { "origin": [1.5, 8.75, -3.02], "size": [1, 1, 0], "uv": [3, 0] }
          ]
        },
        {
          "name": "closed_l",
          "parent": "eye_l",
          "pivot": [2, 9.75, -2],
          "cubes": [
            { "origin": [1, 8.5, -2.99], "size": [2, 0.25, 0], "uv": [28, 1] }
          ]
        },
        {
          "name": "glow_l",
          "parent": "eye_l",
          "pivot": [2, 6, -1.75],
          "cubes": [
            { "origin": [1, 8.25, -2.79], "size": [2, 2, 0], "uv": [16, 24] },
            { "origin": [1.5, 8.75, -2.8], "size": [1, 1, 0], "uv": [4, 4] }
          ]
        },
        {
          "name": "ear_l",
          "parent": "head",
          "pivot": [3.5, 13, -1],
          "rotation": [0, 27.5, 45],
          "cubes": [
            { "origin": [2.5, 11.75, -2.5], "size": [4, 2, 3], "uv": [16, 17] }
          ]
        },
        {
          "name": "ear_r",
          "parent": "head",
          "pivot": [-3.5, 13, -1],
          "rotation": [0, -27.5, -45],
          "cubes": [
            { "origin": [-6.5, 11.75, -2.5], "size": [4, 2, 3], "uv": [16, 12] }
          ]
        },
        {
          "name": "arm_r",
          "parent": "body",
          "pivot": [-2, 6.5, 0],
          "rotation": [0, 0, 45],
          "cubes": [
            {
              "origin": [-2.29289, 3.29289, -0.5],
              "size": [1, 3, 1],
              "uv": [0, 12]
            }
          ]
        },
        {
          "name": "arm_l",
          "parent": "body",
          "pivot": [2, 6.5, 0],
          "rotation": [0, 0, -45],
          "cubes": [
            {
              "origin": [1.29289, 3.29289, -0.5],
              "size": [1, 3, 1],
              "uv": [0, 0]
            }
          ]
        },
        {
          "name": "leg_l",
          "parent": "body",
          "pivot": [1, 2, 0],
          "cubes": [
            { "origin": [0.5, 0, -0.5], "size": [1, 2, 1], "uv": [20, 0] }
          ]
        },
        {
          "name": "leg_r",
          "parent": "body",
          "pivot": [-1, 2, 0],
          "cubes": [
            { "origin": [-1.5, 0, -0.5], "size": [1, 2, 1], "uv": [12, 12] }
          ]
        },
        {
          "name": "tail",
          "parent": "body",
          "pivot": [0, 2.5, 2],
          "cubes": [{ "origin": [0, 2, 2], "size": [0, 4, 3], "uv": [0, 23] }]
        }
      ]
    }
  ]
}
