{
  "format_version": "1.12.0",
  "minecraft:geometry": [
    {
      "description": {
        "identifier": "geometry.fluttermane",
        "texture_width": 128,
        "texture_height": 128,
        "visible_bounds_width": 6,
        "visible_bounds_height": 5.5,
        "visible_bounds_offset": [0, 2.25, 0]
      },
      "bones": [
        {
          "name": "mainrt",
          "pivot": [0, 0, 0]
        },
        {
          "name": "fluttermane",
          "parent": "mainrt",
          "pivot": [0, 0, 0]
        },
        {
          "name": "head_main",
          "parent": "fluttermane",
          "pivot": [0, 20.8, -1.8]
        },
        {
          "name": "head",
          "parent": "head_main",
          "pivot": [0.65007, 21.37957, -2.24204]
        },
        {
          "name": "head_group",
          "parent": "head",
          "pivot": [-0.07288, 25.85396, -0.81259],
          "cubes": [
            {
              "origin": [-4.57288, 21.30396, -6.22926],
              "size": [9, 9, 9],
              "uv": [0, 0]
            },
            {
              "origin": [3.92712, 22.30396, -5.22926],
              "size": [2, 7, 7],
              "uv": [52, 48]
            },
            {
              "origin": [-6.07288, 22.30396, -5.22926],
              "size": [2, 7, 7],
              "uv": [18, 50]
            },
            {
              "origin": [-3.07288, 29.30396, -5.22926],
              "size": [6, 2, 7],
              "uv": [44, 16]
            },
            {
              "origin": [-3.07288, 23.10396, 1.77074],
              "size": [6, 6, 5],
              "uv": [49, 36]
            }
          ]
        },
        {
          "name": "horn",
          "parent": "head",
          "pivot": [-0.07288, 21.30396, -1.22926]
        },
        {
          "name": "horn1",
          "parent": "horn",
          "pivot": [0.02712, 29.30396, -4.72926],
          "rotation": [-20, 0, 0],
          "cubes": [
            {
              "origin": [-1.07288, 30.57171, -5.61076],
              "size": [2, 3, 2],
              "uv": [94, 40]
            }
          ]
        },
        {
          "name": "bone3",
          "parent": "horn1",
          "pivot": [-0.07288, 32.97171, -4.61076],
          "cubes": [
            {
              "origin": [-0.57288, 32.57171, -5.11076],
              "size": [1, 3, 1],
              "uv": [0, 47]
            }
          ]
        },
        {
          "name": "horn2",
          "parent": "horn",
          "pivot": [-0.07288, 29.80396, -0.92926],
          "rotation": [-27, 0, 0],
          "cubes": [
            {
              "origin": [-1.07288, 30.69427, -2.00352],
              "size": [2, 3, 2],
              "uv": [16, 86]
            }
          ]
        },
        {
          "name": "bone4",
          "parent": "horn2",
          "pivot": [-0.07288, 32.99427, -1.00352],
          "cubes": [
            {
              "origin": [-0.57288, 33.69427, -1.50352],
              "size": [1, 3, 1],
              "uv": [27, 32]
            }
          ]
        },
        {
          "name": "horn3",
          "parent": "horn",
          "pivot": [-0.07288, 27.70396, -0.22926],
          "rotation": [-52, 0, 0],
          "cubes": [
            {
              "origin": [-1.07288, 29.80879, -1.41875],
              "size": [2, 4, 2],
              "uv": [0, 0]
            }
          ]
        },
        {
          "name": "bone5",
          "parent": "horn3",
          "pivot": [-0.07288, 33.00879, -0.41875],
          "cubes": [
            {
              "origin": [-0.57288, 32.80879, -0.91875],
              "size": [1, 3, 1],
              "uv": [12, 31]
            }
          ]
        },
        {
          "name": "hair_R",
          "parent": "head",
          "pivot": [-0.07288, 27.30396, -1.22926]
        },
        {
          "name": "face_feather",
          "parent": "hair_R",
          "pivot": [2.16887, 30.21322, -6.31686],
          "cubes": [
            {
              "origin": [2.12712, 32.50396, -6.83189],
              "size": [3, 0, 4],
              "pivot": [4.76887, 32.11322, -5.21686],
              "rotation": [72.36724, 2.76144, 12.06366],
              "uv": [90, 93]
            }
          ]
        },
        {
          "name": "face_feather_2",
          "parent": "face_feather",
          "pivot": [2.96887, 29.61322, -6.31686],
          "cubes": [
            {
              "origin": [4.48838, 32.70396, -7.14209],
              "size": [2.5, 0, 3],
              "pivot": [4.76887, 32.11322, -5.21686],
              "rotation": [81.14181, 4.67616, 49.90208],
              "uv": [34, 16]
            }
          ]
        },
        {
          "name": "hair_top_R_whole",
          "parent": "hair_R",
          "pivot": [3.82712, 43.12896, -4.87926],
          "rotation": [54.43625, 3.39756, 15.56672]
        },
        {
          "name": "hair_top_R",
          "parent": "hair_top_R_whole",
          "pivot": [7.32272, 36.5404, -16.45873]
        },
        {
          "name": "bone7",
          "parent": "hair_top_R",
          "pivot": [7.37806, 35.822, -16.28371],
          "cubes": [
            {
              "origin": [5.37806, 34.822, -18.28371],
              "size": [4, 2, 4],
              "pivot": [7.37806, 35.822, -16.28371],
              "rotation": [25, -14, -2.55178],
              "uv": [83, 28]
            }
          ]
        },
        {
          "name": "hair_t_middle_R",
          "parent": "hair_top_R",
          "pivot": [6.72197, 36.0027, -15.53687],
          "rotation": [-22.5, 0, 0]
        },
        {
          "name": "hair_t_middle_R3",
          "parent": "hair_t_middle_R",
          "pivot": [7.79397, 37.1109, -13.82362],
          "cubes": [
            {
              "origin": [5.82712, 36.65647, -16.31919],
              "size": [4, 1, 5],
              "pivot": [7.37639, 37.44933, -13.81919],
              "rotation": [29.95367, 18.50914, 10.85342],
              "uv": [80, 7]
            }
          ]
        },
        {
          "name": "hair_t_middle_R2",
          "parent": "hair_t_middle_R",
          "pivot": [8.67119, 37.80308, -12.4175],
          "cubes": [
            {
              "origin": [6.76073, 36.97882, -12.33813],
              "size": [4, 1, 8],
              "pivot": [8.76073, 37.47882, -8.53813],
              "rotation": [-4.77714, 1.73487, 3.78419],
              "uv": [47, 26]
            }
          ]
        },
        {
          "name": "hair_t_t_R",
          "parent": "hair_t_middle_R2",
          "pivot": [8.63401, 37.77906, -4.9735],
          "rotation": [17.25002, 2.99318, -9.54589],
          "cubes": [
            {
              "origin": [6.30643, 37.49285, -5.18645],
              "size": [4, 1, 3],
              "pivot": [8.16958, 37.71394, -3.59052],
              "rotation": [9.92905, -11.79265, 21.09154],
              "uv": [94, 6]
            }
          ]
        },
        {
          "name": "feather_t_front_R",
          "parent": "hair_t_t_R",
          "pivot": [8.67698, 38.10797, -4.10954],
          "cubes": [
            {
              "origin": [6.7207, 38.2557, -4.54162],
              "size": [3, 0, 5],
              "pivot": [8.22034, 38.16067, -4.24777],
              "rotation": [37.3152, -1.3744, 19.269],
              "uv": [87, 59]
            },
            {
              "origin": [7.43643, 37.75267, -4.30486],
              "size": [3, 0, 4],
              "pivot": [8.83636, 37.73895, -4.41662],
              "rotation": [54.30005, 18.60176, 33.73811],
              "uv": [91, 74]
            }
          ]
        },
        {
          "name": "feather_t_back_R",
          "parent": "hair_t_t_R",
          "pivot": [8.16811, 37.89674, -0.93964],
          "rotation": [-41, -11, 0],
          "cubes": [
            {
              "origin": [5.81516, 38.51232, -2.61116],
              "size": [3, 0, 5],
              "pivot": [7.26239, 38.51145, -0.59274],
              "rotation": [44.15468, -15.04277, 13.45663],
              "uv": [87, 50]
            },
            {
              "origin": [7.89743, 36.82601, -2.52069],
              "size": [3, 0, 4],
              "pivot": [9.39743, 36.82601, -1.02069],
              "rotation": [44.87372, 11.10712, 49.97157],
              "uv": [90, 69]
            }
          ]
        },
        {
          "name": "feather_top_R",
          "parent": "hair_t_t_R",
          "pivot": [8.99619, 38.0923, -3.56412]
        },
        {
          "name": "hair_top_right2",
          "parent": "feather_top_R",
          "pivot": [12.35686, 40.34574, -1.51972],
          "rotation": [0, 30, 0]
        },
        {
          "name": "feather_t_r_1",
          "parent": "hair_top_right2",
          "pivot": [10.70312, 37.36468, -5.56118],
          "rotation": [0, 20, 0],
          "cubes": [
            {
              "origin": [8.62301, 39.41547, -5.28105],
              "size": [4, 0, 7],
              "pivot": [10.62301, 38.51547, -1.78105],
              "rotation": [-4.09461, -0.4466, -160.71074],
              "uv": [64, 23]
            }
          ]
        },
        {
          "name": "feather_t_r_2",
          "parent": "hair_top_right2",
          "pivot": [10.18934, 38.05628, -5.0408],
          "rotation": [0, 15, 0],
          "cubes": [
            {
              "origin": [6.02248, 40.0544, -5.97656],
              "size": [5, 0, 11],
              "pivot": [7.83278, 39.83012, -2.51285],
              "rotation": [13.38143, -39.48523, 21.96875],
              "uv": [22, 20]
            }
          ]
        },
        {
          "name": "hair_side_R_whole",
          "parent": "hair_R",
          "pivot": [15.45212, 41.25396, -4.27926],
          "rotation": [0, 47.5, 0]
        },
        {
          "name": "hair_side_R",
          "parent": "hair_side_R_whole",
          "pivot": [9.52226, 25.93545, -13.19672],
          "cubes": [
            {
              "origin": [8.58417, 23.41289, -13.14274],
              "size": [2, 4, 5],
              "pivot": [9.58417, 25.81289, -10.54274],
              "rotation": [-9.89866, 22.99857, -0.52339],
              "uv": [0, 82]
            }
          ]
        },
        {
          "name": "hair_s_middle_R",
          "parent": "hair_side_R",
          "pivot": [10.86129, 25.71384, -9.12945],
          "cubes": [
            {
              "origin": [9.11399, 23.20396, -9.58713],
              "size": [1, 4, 7],
              "pivot": [9.56399, 25.99013, -6.08713],
              "rotation": [5.79389, -16.66577, -5.41615],
              "uv": [73, 31]
            }
          ]
        },
        {
          "name": "hait_side_top_R",
          "parent": "hair_s_middle_R",
          "pivot": [8.95611, 24.89635, -2.13593],
          "rotation": [7.65298, 29.1617, 14.33672],
          "cubes": [
            {
              "origin": [3.63713, 23.90626, -6.82014],
              "size": [1, 5, 10],
              "pivot": [4.13713, 26.25626, -1.82014],
              "rotation": [73.6566, -69.92228, -59.61362],
              "uv": [36, 38]
            }
          ]
        },
        {
          "name": "feather_side_R",
          "parent": "hait_side_top_R",
          "pivot": [0.28825, 27.12222, -1.52082],
          "cubes": [
            {
              "origin": [-3.09284, 24.58293, -2.99822],
              "size": [2, 6, 6],
              "pivot": [-2.44284, 27.08293, 1.26355],
              "rotation": [6.30195, -37.11587, -6.26883],
              "uv": [33, 68]
            }
          ]
        },
        {
          "name": "feather_side_front_R",
          "parent": "feather_side_R",
          "pivot": [1.10234, 27.03364, -2.46255],
          "rotation": [1, 0, 0],
          "cubes": [
            {
              "origin": [-1.25143, 26.12386, -0.8255],
              "size": [0, 5, 7],
              "pivot": [-1.35143, 28.62386, 2.6745],
              "rotation": [16.83793, -27.13736, -1.8444],
              "uv": [79, 60]
            }
          ]
        },
        {
          "name": "feather_side_front_R2",
          "parent": "feather_side_front_R",
          "pivot": [0.41828, 26.23303, -1.59486],
          "cubes": [
            {
              "origin": [-1.18172, 23.93303, -0.79486],
              "size": [0, 4, 6],
              "pivot": [-1.58172, 26.23303, 2.20514],
              "rotation": [-15.80738, -31.86638, -6.03374],
              "uv": [34, 86]
            }
          ]
        },
        {
          "name": "feather_side_back_R",
          "parent": "feather_side_R",
          "pivot": [-3.54629, 27.04285, 1.25737],
          "cubes": [
            {
              "origin": [-3.67258, 25.98496, -1.86261],
              "size": [0, 5, 7],
              "pivot": [-3.54629, 27.04285, 1.25737],
              "rotation": [16.61395, -43.68519, -8.43374],
              "uv": [25, 79]
            },
            {
              "origin": [-3.77249, 23.95057, -1.56469],
              "size": [0, 4, 6],
              "pivot": [-3.54629, 27.04285, 1.25737],
              "rotation": [-11.53121, -46.76443, -7.48828],
              "uv": [9, 86]
            }
          ]
        },
        {
          "name": "feather_side_top_R",
          "parent": "feather_side_R",
          "pivot": [-3.3448, 29.08293, 3.42065]
        },
        {
          "name": "f_s_t_1",
          "parent": "feather_side_top_R",
          "pivot": [-4.64166, 31.03837, 6.46349],
          "cubes": [
            {
              "origin": [-4.64166, 29.03837, 0.96349],
              "size": [0, 4, 11],
              "pivot": [-4.64166, 31.03837, 6.46349],
              "rotation": [26.54835, -19.03771, -6.24605],
              "uv": [37, 0]
            }
          ]
        },
        {
          "name": "f_s_t_2",
          "parent": "feather_side_top_R",
          "pivot": [-4.24114, 26.73304, 4.75317],
          "cubes": [
            {
              "origin": [-4.24114, 25.66785, 1.95317],
              "size": [0, 3, 9],
              "pivot": [-4.24114, 26.73304, 4.75317],
              "rotation": [1.02585, -21.33517, -15.96615],
              "uv": [62, 54]
            }
          ]
        },
        {
          "name": "f_s_t_3",
          "parent": "feather_side_top_R",
          "pivot": [-3.8559, 24.41384, 4.29797],
          "cubes": [
            {
              "origin": [-3.74837, 22.96785, -0.20203],
              "size": [0, 3, 8],
              "pivot": [-3.8559, 24.41384, 4.29797],
              "rotation": [-11.97153, -28.61244, -29.88542],
              "uv": [0, 70]
            }
          ]
        },
        {
          "name": "hair_L",
          "parent": "head",
          "pivot": [-0.07288, 27.30396, -1.22926]
        },
        {
          "name": "face_featherL",
          "parent": "hair_L",
          "pivot": [-4.91463, 32.11322, -5.21686]
        },
        {
          "name": "hair_top_L_whole",
          "parent": "hair_L",
          "pivot": [-3.97288, 43.12896, -4.87926],
          "rotation": [54.43625, -3.39756, -15.56672]
        },
        {
          "name": "hair_top_L",
          "parent": "hair_top_L_whole",
          "pivot": [-7.56502, 36.50476, -16.41469]
        },
        {
          "name": "bone8",
          "parent": "hair_top_L",
          "pivot": [-7.52382, 35.822, -16.28371],
          "cubes": [
            {
              "origin": [-9.52382, 34.822, -18.28371],
              "size": [4, 2, 4],
              "pivot": [-7.52382, 35.822, -16.28371],
              "rotation": [25, 14, 2.55178],
              "uv": [81, 43]
            }
          ]
        },
        {
          "name": "hair_t_middle_L",
          "parent": "hair_top_L",
          "pivot": [-7.00807, 36.12135, -15.41389],
          "rotation": [-22.5, 0, 0]
        },
        {
          "name": "hair_t_middle_L2",
          "parent": "hair_t_middle_L",
          "pivot": [-7.93973, 37.07287, -13.76885],
          "cubes": [
            {
              "origin": [-9.97288, 36.61843, -16.26443],
              "size": [4, 1, 5],
              "pivot": [-7.52215, 37.41129, -13.76443],
              "rotation": [29.95367, -18.50914, -10.85342],
              "uv": [64, 79]
            }
          ]
        },
        {
          "name": "hair_t_middle_L3",
          "parent": "hair_t_middle_L",
          "pivot": [-8.7804, 37.8146, -12.20937],
          "cubes": [
            {
              "origin": [-10.80649, 36.94078, -12.28337],
              "size": [4, 1, 8],
              "pivot": [-8.80649, 37.44078, -8.48337],
              "rotation": [-4.77714, -1.73487, -3.78419],
              "uv": [0, 47]
            }
          ]
        },
        {
          "name": "hair_t_t_L",
          "parent": "hair_t_middle_L3",
          "pivot": [-8.76573, 36.88337, -4.72627],
          "rotation": [17.25002, -2.99318, 9.54589],
          "cubes": [
            {
              "origin": [-10.76019, 37.03934, -4.88207],
              "size": [4, 1, 3],
              "pivot": [-8.62334, 37.26043, -3.28614],
              "rotation": [9.92905, 11.79265, -21.09154],
              "uv": [90, 35]
            }
          ]
        },
        {
          "name": "feather_t_front_L",
          "parent": "hair_t_t_L",
          "pivot": [-9.17662, 37.45186, -4.02161],
          "cubes": [
            {
              "origin": [-10.09933, 37.52863, -4.16176],
              "size": [3, 0, 5],
              "pivot": [-8.83226, 37.43324, -4.20789],
              "rotation": [37.3152, 1.3744, -19.269],
              "uv": [65, 86]
            },
            {
              "origin": [-10.71849, 37.12575, -3.89032],
              "size": [3, 0, 4],
              "pivot": [-9.48701, 36.88188, -4.1153],
              "rotation": [54.30005, -18.60176, -33.73811],
              "uv": [9, 73]
            }
          ]
        },
        {
          "name": "feather_t_back_L",
          "parent": "hair_t_t_L",
          "pivot": [-8.62187, 37.44323, -0.63526],
          "rotation": [-41, 11, 0],
          "cubes": [
            {
              "origin": [-9.26892, 38.05881, -2.30678],
              "size": [3, 0, 5],
              "pivot": [-7.71615, 38.05794, -0.28836],
              "rotation": [44.15468, 15.04277, -13.45663],
              "uv": [86, 0]
            },
            {
              "origin": [-11.35119, 36.3725, -2.21631],
              "size": [3, 0, 4],
              "pivot": [-9.85119, 36.3725, -0.71631],
              "rotation": [44.87372, -11.10712, -49.97157],
              "uv": [36, 32]
            }
          ]
        },
        {
          "name": "feather_top_L",
          "parent": "hair_t_t_L",
          "pivot": [-9.3641, 38.06614, -3.26214]
        },
        {
          "name": "hair_top_left2",
          "parent": "feather_top_L",
          "pivot": [-12.81062, 39.89223, -1.21534],
          "rotation": [0, -30, 0]
        },
        {
          "name": "feather_t_L_3",
          "parent": "hair_top_left2",
          "pivot": [-10.91824, 37.21448, -6.41559],
          "rotation": [0, -20, 0],
          "cubes": [
            {
              "origin": [-12.66605, 38.96196, -4.96494],
              "size": [4, 0, 7],
              "pivot": [-10.66605, 38.06196, -1.46494],
              "rotation": [-4.09461, 0.4466, 160.71074],
              "uv": [64, 15]
            }
          ]
        },
        {
          "name": "feather_t_L_4",
          "parent": "hair_top_left2",
          "pivot": [-10.59498, 37.24674, -4.70594],
          "rotation": [0, -15, 0],
          "cubes": [
            {
              "origin": [-11.48249, 39.60089, -5.65868],
              "size": [5, 0, 11],
              "pivot": [-8.29279, 39.37661, -2.19497],
              "rotation": [13.38143, 39.48523, -21.96875],
              "uv": [0, 19]
            }
          ]
        },
        {
          "name": "hair_side_L_whole",
          "parent": "hair_L",
          "pivot": [-15.59788, 41.25396, -4.27926],
          "rotation": [0, -47.5, 0]
        },
        {
          "name": "hair_side_L",
          "parent": "hair_side_L_whole",
          "pivot": [-9.74472, 25.81289, -13.0762],
          "cubes": [
            {
              "origin": [-10.72993, 23.41289, -13.14274],
              "size": [2, 4, 5],
              "pivot": [-9.72993, 25.81289, -10.54274],
              "rotation": [-9.89866, -22.99857, 0.52339],
              "uv": [81, 74]
            }
          ]
        },
        {
          "name": "hair_s_middle_L",
          "parent": "hair_side_L",
          "pivot": [-11.18964, 25.61568, -8.88501],
          "cubes": [
            {
              "origin": [-10.35975, 23.40396, -9.38713],
              "size": [1, 4, 7],
              "pivot": [-9.80975, 26.19013, -5.88713],
              "rotation": [5.79389, 16.66577, 5.41615],
              "uv": [69, 67]
            }
          ]
        },
        {
          "name": "hait_side_top_L",
          "parent": "hair_s_middle_L",
          "pivot": [-9.39661, 25.53077, -2.79961],
          "rotation": [7.65298, -29.1617, -14.33672],
          "cubes": [
            {
              "origin": [-5.14311, 24.51888, -7.37632],
              "size": [1, 5, 10],
              "pivot": [-4.64311, 26.86888, -2.37632],
              "rotation": [73.6566, 69.92228, 59.61362],
              "uv": [23, 32]
            }
          ]
        },
        {
          "name": "feather_side_L",
          "parent": "hait_side_top_L",
          "pivot": [-0.85736, 27.74221, -1.75289],
          "cubes": [
            {
              "origin": [0.58686, 25.19555, -3.5544],
              "size": [2, 6, 6],
              "pivot": [1.93686, 27.69555, 0.70737],
              "rotation": [6.30195, 37.11587, 6.26883],
              "uv": [52, 67]
            }
          ]
        },
        {
          "name": "feather_side_front_L",
          "parent": "feather_side_L",
          "pivot": [-1.20832, 28.14626, -1.81873],
          "rotation": [1, 0, 0],
          "cubes": [
            {
              "origin": [0.74545, 26.7575, -1.39022],
              "size": [0, 5, 7],
              "pivot": [0.84545, 29.2575, 2.10978],
              "rotation": [16.83793, 27.13736, 1.8444],
              "uv": [43, 74]
            }
          ]
        },
        {
          "name": "feather_side_front_L2",
          "parent": "feather_side_front_L",
          "pivot": [1.07574, 26.86667, 1.64042],
          "cubes": [
            {
              "origin": [0.67574, 24.56667, -1.35958],
              "size": [0, 4, 6],
              "pivot": [1.07574, 26.86667, 1.64042],
              "rotation": [-15.80738, 31.86638, 6.03374],
              "uv": [52, 81]
            }
          ]
        },
        {
          "name": "feather_side_back_L",
          "parent": "feather_side_L",
          "pivot": [3.04031, 27.65547, 0.70119],
          "cubes": [
            {
              "origin": [3.1666, 26.59758, -2.41879],
              "size": [0, 5, 7],
              "pivot": [3.04031, 27.65547, 0.70119],
              "rotation": [16.61395, 43.68519, 8.43374],
              "uv": [17, 73]
            },
            {
              "origin": [3.26651, 24.56319, -2.12087],
              "size": [0, 4, 6],
              "pivot": [3.04031, 27.65547, 0.70119],
              "rotation": [-11.53121, 46.76443, 7.48828],
              "uv": [81, 17]
            }
          ]
        },
        {
          "name": "feather_side_top_L",
          "parent": "feather_side_L",
          "pivot": [2.83882, 29.69555, 2.86447]
        },
        {
          "name": "f_s_t_4",
          "parent": "feather_side_top_L",
          "pivot": [4.13568, 31.65099, 5.90731],
          "cubes": [
            {
              "origin": [4.13568, 29.65099, 0.40731],
              "size": [0, 4, 11],
              "pivot": [4.13568, 31.65099, 5.90731],
              "rotation": [26.54835, 19.03771, 6.24605],
              "uv": [0, 31]
            }
          ]
        },
        {
          "name": "f_s_t_5",
          "parent": "feather_side_top_L",
          "pivot": [3.73516, 27.34566, 4.19699],
          "cubes": [
            {
              "origin": [3.73516, 26.28047, 1.39699],
              "size": [0, 3, 9],
              "pivot": [3.73516, 27.34566, 4.19699],
              "rotation": [1.02585, 21.33517, 15.96615],
              "uv": [61, 2]
            }
          ]
        },
        {
          "name": "f_s_t_6",
          "parent": "feather_side_top_L",
          "pivot": [3.34992, 25.02646, 3.74179],
          "cubes": [
            {
              "origin": [3.24239, 23.58047, -0.75821],
              "size": [0, 3, 8],
              "pivot": [3.34992, 25.02646, 3.74179],
              "rotation": [-11.97153, 28.61244, 29.88542],
              "uv": [64, 40]
            }
          ]
        },
        {
          "name": "hair_back",
          "parent": "head",
          "pivot": [-0.07288, 23.37896, 5.77074]
        },
        {
          "name": "hair_back_R",
          "parent": "hair_back",
          "pivot": [2.92712, 27.27896, 3.87074],
          "rotation": [0, 17.5, 0],
          "cubes": [
            {
              "origin": [0.89009, 25.27896, 2.5113],
              "size": [4, 4, 6],
              "uv": [0, 59]
            }
          ]
        },
        {
          "name": "hair_back2_joint",
          "parent": "hair_back_R",
          "pivot": [2.89009, 27.27896, 5.5113],
          "cubes": [
            {
              "origin": [1.89009, 26.27896, 8.5113],
              "size": [2, 2, 3],
              "uv": [94, 21]
            },
            {
              "origin": [0.89009, 27.27896, 7.5113],
              "size": [4, 0, 4],
              "uv": [74, 54]
            }
          ]
        },
        {
          "name": "hair_backR3",
          "parent": "hair_back2_joint",
          "pivot": [2.89009, 27.27896, 10.5113],
          "cubes": [
            {
              "origin": [2.39009, 26.77896, 10.5113],
              "size": [1, 1, 3],
              "uv": [30, 51]
            },
            {
              "origin": [0.89009, 27.27896, 11.5113],
              "size": [4, 0, 2],
              "uv": [76, 52]
            }
          ]
        },
        {
          "name": "hair_back_L",
          "parent": "hair_back",
          "pivot": [-3.12288, 27.27896, 3.87074],
          "rotation": [0, -17.5, 0],
          "cubes": [
            {
              "origin": [-5.03817, 25.27896, 2.49627],
              "size": [4, 4, 6],
              "uv": [37, 57]
            }
          ]
        },
        {
          "name": "hair_back2_joint2",
          "parent": "hair_back_L",
          "pivot": [-3.03817, 27.27896, 5.49627],
          "cubes": [
            {
              "origin": [-4.03817, 26.27896, 8.49627],
              "size": [2, 2, 3],
              "uv": [0, 94]
            },
            {
              "origin": [-5.03817, 27.27896, 7.49627],
              "size": [4, 0, 4],
              "uv": [73, 2]
            }
          ]
        },
        {
          "name": "hair_backL3",
          "parent": "hair_back2_joint2",
          "pivot": [-3.03817, 27.27896, 10.49627],
          "cubes": [
            {
              "origin": [-3.53817, 26.77896, 10.49627],
              "size": [1, 1, 3],
              "uv": [27, 106]
            },
            {
              "origin": [-5.03817, 27.27896, 11.49627],
              "size": [4, 0, 2],
              "uv": [75, 0]
            }
          ]
        },
        {
          "name": "hair_back_M",
          "parent": "hair_back",
          "pivot": [-0.07288, 27.27896, 3.72074],
          "cubes": [
            {
              "origin": [-2.07288, 25.17896, 4.27074],
              "size": [4, 4, 6],
              "uv": [49, 0]
            }
          ]
        },
        {
          "name": "hair_back2_joint3",
          "parent": "hair_back_M",
          "pivot": [0.02712, 27.27896, 7.27074],
          "cubes": [
            {
              "origin": [-1.07288, 26.27896, 10.27074],
              "size": [2, 2, 3],
              "uv": [63, 67]
            },
            {
              "origin": [-2.07288, 27.27896, 9.27074],
              "size": [4, 0, 4],
              "uv": [14, 34]
            }
          ]
        },
        {
          "name": "hair_backM3",
          "parent": "hair_back2_joint3",
          "pivot": [-0.07288, 27.27896, 12.27074],
          "cubes": [
            {
              "origin": [-0.57288, 26.77896, 12.27074],
              "size": [1, 1, 3],
              "uv": [39, 106]
            },
            {
              "origin": [-2.07288, 27.27896, 13.27074],
              "size": [4, 0, 2],
              "uv": [16, 32]
            }
          ]
        },
        {
          "name": "mouth",
          "parent": "head",
          "pivot": [-0.07288, 13.15396, -1.22926]
        },
        {
          "name": "close",
          "parent": "mouth",
          "pivot": [0.02712, 21.05396, -6.23926],
          "cubes": [
            {
              "origin": [-1.49788, 22.90396, -6.23926],
              "size": [2, 1, 0],
              "uv": [0, 7]
            }
          ]
        },
        {
          "name": "bone6",
          "parent": "close",
          "pivot": [1.00212, 23.65396, -6.23926],
          "cubes": [
            {
              "origin": [0.50212, 23.15396, -6.23926],
              "size": [1, 1, 0],
              "uv": [5, 7]
            }
          ]
        },
        {
          "name": "open",
          "parent": "mouth",
          "pivot": [-0.07288, 22.15396, -5.03926],
          "cubes": [
            {
              "origin": [-1.57288, 22.57896, -6.03926],
              "size": [3, 2, 1],
              "uv": [51, 106]
            }
          ]
        },
        {
          "name": "neck",
          "parent": "head",
          "pivot": [-0.07288, 21.50396, -3.22926],
          "rotation": [35, 0, 0],
          "cubes": [
            {
              "origin": [-2.07288, 18.00396, -4.09529],
              "size": [4, 4, 4],
              "uv": [28, 0]
            }
          ]
        },
        {
          "name": "eyes",
          "parent": "head",
          "pivot": [-0.07288, 13.30396, -1.22926]
        },
        {
          "name": "eye_R",
          "parent": "eyes",
          "pivot": [3.62712, 23.80396, -5.85426],
          "rotation": [0, 0, 2.5],
          "cubes": [
            {
              "origin": [1.95736, 24.54306, -6.37426],
              "size": [3, 2, 1],
              "uv": [72, 59]
            }
          ]
        },
        {
          "name": "closer",
          "parent": "eye_R",
          "pivot": [3.43236, 26.39306, -5.02426],
          "cubes": [
            {
              "origin": [1.95736, 24.54306, -5.47426],
              "size": [3, 3, 1],
              "uv": [1, 102]
            },
            {
              "origin": [1.40736, 25.74306, -5.57426],
              "size": [4, 2, 1],
              "uv": [2, 108]
            }
          ]
        },
        {
          "name": "pupil",
          "parent": "eye_R",
          "pivot": [3.51322, 26.35669, -5.91043],
          "cubes": [
            {
              "origin": [2.42191, 25.06378, -6.38426],
              "size": [2, 2, 1],
              "uv": [44, 19]
            }
          ]
        },
        {
          "name": "pupil3",
          "parent": "eye_R",
          "pivot": [3.50463, 26.64524, -5.9366],
          "cubes": [
            {
              "origin": [2.90473, 25.64088, -6.4366],
              "size": [1, 2, 1],
              "uv": [49, 0]
            }
          ]
        },
        {
          "name": "eyeliner_R",
          "parent": "eye_R",
          "pivot": [2.63712, 25.80396, -4.86426],
          "cubes": [
            {
              "origin": [1.41722, 24.2996, -6.35426],
              "size": [4, 3, 1],
              "uv": [44, 68]
            }
          ]
        },
        {
          "name": "eye_L",
          "parent": "eyes",
          "pivot": [-3.77288, 23.80396, -5.85426],
          "rotation": [0, 0, -2.5],
          "cubes": [
            {
              "origin": [-5.10312, 24.54306, -6.37426],
              "size": [3, 2, 1],
              "uv": [71, 7]
            }
          ]
        },
        {
          "name": "closel",
          "parent": "eye_L",
          "pivot": [-3.57812, 26.39306, -4.02426],
          "cubes": [
            {
              "origin": [-5.55312, 25.74306, -4.57426],
              "size": [4, 2, 1],
              "uv": [14, 109],
              "mirror": true
            },
            {
              "origin": [-5.10312, 24.54306, -4.47426],
              "size": [3, 3, 1],
              "uv": [13, 103],
              "mirror": true
            }
          ]
        },
        {
          "name": "pupil2",
          "parent": "eye_L",
          "pivot": [-3.66757, 26.06814, -5.88426],
          "cubes": [
            {
              "origin": [-4.56766, 25.06378, -6.38426],
              "size": [2, 2, 1],
              "uv": [41, 0]
            }
          ]
        },
        {
          "name": "pupil4",
          "parent": "eye_L",
          "pivot": [-3.65039, 26.64524, -5.9366],
          "cubes": [
            {
              "origin": [-4.05048, 25.64088, -6.4366],
              "size": [1, 2, 1],
              "uv": [17, 47]
            }
          ]
        },
        {
          "name": "eyeliner_L",
          "parent": "eye_L",
          "pivot": [-2.78288, 25.80396, -4.86426],
          "cubes": [
            {
              "origin": [-5.56298, 24.2996, -6.35426],
              "size": [4, 3, 1],
              "uv": [44, 26]
            }
          ]
        },
        {
          "name": "necklace",
          "parent": "head_main",
          "pivot": [-0.07288, 21.42021, -2.01121],
          "rotation": [7.5, 0, 0],
          "cubes": [
            {
              "origin": [3.20717, 20.94881, -1.83349],
              "size": [1, 1, 1],
              "pivot": [4.10717, 20.94881, -1.63349],
              "rotation": [-84.44605, -85.47702, 79.6821],
              "uv": [17, 39]
            },
            {
              "origin": [-4.35293, 20.94881, -1.83349],
              "size": [1, 1, 1],
              "pivot": [-4.25293, 20.94881, -1.63349],
              "rotation": [-84.44605, 85.47702, -79.6821],
              "uv": [12, 39]
            }
          ]
        },
        {
          "name": "bone",
          "parent": "necklace",
          "pivot": [-4.63705, 20.804, -3.77579],
          "cubes": [
            {
              "origin": [3.4194, 19.80156, -4.39755],
              "size": [2, 2, 2],
              "pivot": [4.49129, 20.804, -3.77579],
              "rotation": [-19.54234, -75.12522, 14.96202],
              "uv": [98, 12]
            },
            {
              "origin": [-5.56516, 19.80156, -4.39755],
              "size": [2, 2, 2],
              "pivot": [-4.63705, 20.804, -3.77579],
              "rotation": [-19.54234, 75.12522, -14.96202],
              "uv": [80, 97]
            }
          ]
        },
        {
          "name": "necklace2",
          "parent": "bone",
          "pivot": [-0.07288, 20.48129, -5.74662],
          "cubes": [
            {
              "origin": [-4.27464, 19.5497, -6.38354],
              "size": [2, 2, 2],
              "pivot": [-3.47464, 21.1497, -6.38354],
              "rotation": [-6.0812, 35.88374, -2.70287],
              "uv": [98, 0]
            },
            {
              "origin": [2.12888, 19.5497, -6.38354],
              "size": [2, 2, 2],
              "pivot": [3.32888, 21.1497, -6.38354],
              "rotation": [-6.0812, -35.88374, 2.70287],
              "uv": [89, 98]
            }
          ]
        },
        {
          "name": "necklace3",
          "parent": "necklace2",
          "pivot": [-0.07288, 20.62477, -6.43292],
          "cubes": [
            {
              "origin": [-1.57288, 18.5765, -9.23595],
              "size": [3, 3, 3],
              "pivot": [-0.07288, 10.41047, -2.90198],
              "rotation": [-7.5, 0, 0],
              "uv": [88, 14]
            }
          ]
        },
        {
          "name": "Body",
          "parent": "fluttermane",
          "pivot": [-0.08515, 20.50051, -0.5],
          "rotation": [35, 0, 0],
          "cubes": [
            {
              "origin": [-2.57288, 11.9136, -6.27013],
              "size": [5, 12, 0],
              "pivot": [-0.08515, 14.43003, -6.29452],
              "rotation": [-30, 0, 0],
              "uv": [83, 84]
            },
            {
              "origin": [-2.57288, 11.9136, 4.82605],
              "size": [5, 10, 0],
              "pivot": [-0.08515, 14.43003, 4.85044],
              "rotation": [30, 0, 0],
              "uv": [69, 92]
            },
            {
              "origin": [-2.57288, 9.12736, -5.52356],
              "size": [5, 10, 0],
              "pivot": [-0.08515, 14.43003, -0.72204],
              "rotation": [0, -90, -30],
              "uv": [58, 92]
            },
            {
              "origin": [-2.57288, 9.12736, 4.07948],
              "size": [5, 10, 0],
              "pivot": [-0.08515, 14.43003, -0.72204],
              "rotation": [0, -90, 30],
              "uv": [47, 92]
            },
            {
              "origin": [-2.57288, 9.12736, -5.52356],
              "size": [5, 10, 0],
              "pivot": [-0.08515, 14.43003, -0.72204],
              "rotation": [-30, -45, 0],
              "uv": [22, 92]
            },
            {
              "origin": [-2.57288, 9.12736, 4.07948],
              "size": [5, 10, 0],
              "pivot": [-0.08515, 14.43003, -0.72204],
              "rotation": [30, -45, 0],
              "uv": [0, 31]
            },
            {
              "origin": [-2.57288, 9.12736, -5.52356],
              "size": [5, 10, 0],
              "pivot": [-0.08515, 14.43003, -0.72204],
              "rotation": [150, -45, -180],
              "uv": [22, 19]
            },
            {
              "origin": [-2.57288, 9.12736, 4.07948],
              "size": [5, 10, 0],
              "pivot": [-0.08515, 14.43003, -0.72204],
              "rotation": [-150, -45, 180],
              "uv": [0, 19]
            }
          ]
        },
        {
          "name": "bone2",
          "parent": "Body",
          "pivot": [-0.08515, 14.43003, -0.72204],
          "cubes": [
            {
              "origin": [-0.34076, 10.66828, -6.14561],
              "size": [4, 4, 0],
              "pivot": [-0.08515, 14.43003, -6.29452],
              "rotation": [-25.49879, 23.29149, 39.66001],
              "uv": [11, 97]
            },
            {
              "origin": [-0.34076, 10.66828, 4.70153],
              "size": [4, 4, 0],
              "pivot": [-0.08515, 14.43003, 4.85044],
              "rotation": [25.49879, -23.29149, 39.66001],
              "uv": [33, 97]
            },
            {
              "origin": [1.86265, 8.46487, -5.19292],
              "size": [4, 4, 0],
              "pivot": [-0.08515, 14.43003, -0.72204],
              "rotation": [-90, -45, 56],
              "uv": [96, 79]
            },
            {
              "origin": [1.86265, 8.46487, 3.74884],
              "size": [4, 4, 0],
              "pivot": [-0.08515, 14.43003, -0.72204],
              "rotation": [-90, -45, 124],
              "uv": [96, 27]
            },
            {
              "origin": [1.86265, 8.46487, 3.74884],
              "size": [4, 4, 0],
              "pivot": [-0.08515, 14.43003, -0.72204],
              "rotation": [-20.60502, -51.22364, 69.39498],
              "uv": [94, 84]
            },
            {
              "origin": [1.86265, 8.46487, -5.19292],
              "size": [4, 4, 0],
              "pivot": [-0.08515, 14.43003, -0.72204],
              "rotation": [-53.05864, -12.73274, 36.94136],
              "uv": [41, 87]
            },
            {
              "origin": [1.86265, 8.46487, -5.19292],
              "size": [4, 4, 0],
              "pivot": [-0.08515, 14.43003, -0.72204],
              "rotation": [-159.39498, -51.22364, 110.60502],
              "uv": [33, 81]
            },
            {
              "origin": [1.86265, 8.46487, 3.74884],
              "size": [4, 4, 0],
              "pivot": [-0.08515, 14.43003, -0.72204],
              "rotation": [-126.94136, -12.73274, 143.05864],
              "uv": [36, 37]
            }
          ]
        }
      ]
    }
  ]
}
