{
  "format_version": "1.12.0",
  "minecraft:geometry": [
    {
      "description": {
        "identifier": "geometry.stunky",
        "texture_width": 64,
        "texture_height": 64,
        "visible_bounds_width": 4,
        "visible_bounds_height": 2.5,
        "visible_bounds_offset": [0, 0.75, 0]
      },
      "bones": [
        {
          "name": "stunky",
          "pivot": [0, 0, 0]
        },
        {
          "name": "body",
          "parent": "stunky",
          "pivot": [0, 3, 0],
          "cubes": [
            { "origin": [-3, 3, -6], "size": [6, 6, 11], "uv": [0, 0] },
            {
              "origin": [0, 8, -3.5],
              "size": [0, 2, 3],
              "pivot": [0, 9, -4],
              "rotation": [15, 0, 0],
              "uv": [0, 18]
            }
          ]
        },
        {
          "name": "head",
          "parent": "body",
          "pivot": [0, 6.5, -7],
          "cubes": [
            { "origin": [-2.5, 5, -10], "size": [5, 5, 5], "uv": [24, 0] }
          ]
        },
        {
          "name": "snout",
          "parent": "head",
          "pivot": [0, 8, -10],
          "cubes": [
            {
              "origin": [-3, 4.5, -11],
              "size": [3, 3, 3],
              "pivot": [0, 7.5, -10],
              "rotation": [0, 0, 2.5],
              "uv": [35, 25]
            },
            {
              "origin": [0, 4.5, -11],
              "size": [3, 3, 3],
              "pivot": [0, 7.5, -10],
              "rotation": [0, 0, -2.5],
              "uv": [9, 18]
            },
            {
              "origin": [-0.5, 7, -11.25],
              "size": [1, 1, 2],
              "pivot": [0, 8, -10],
              "rotation": [5, 0, 0],
              "uv": [36, 11]
            },
            {
              "origin": [-7, 4.75, -10],
              "size": [4, 3, 0],
              "pivot": [-3, 6.25, -10],
              "rotation": [0, 30, -10],
              "uv": [44, 46]
            },
            {
              "origin": [3, 4.75, -10],
              "size": [4, 3, 0],
              "pivot": [3, 6.25, -10],
              "rotation": [0, -30, 10],
              "uv": [11, 33]
            }
          ]
        },
        {
          "name": "eye_r",
          "parent": "head",
          "pivot": [0, 8, -10],
          "rotation": [0, 0, 10],
          "cubes": [
            { "origin": [-2.5, 6.5, -10.01], "size": [1, 2, 0], "uv": [8, 8] },
            { "origin": [-2.25, 6.25, -10.02], "size": [2, 2, 0], "uv": [0, 8] }
          ]
        },
        {
          "name": "pupil_r",
          "parent": "eye_r",
          "pivot": [0, 8, -10],
          "cubes": [
            {
              "origin": [-1.5, 7.5, -10.03],
              "size": [0.5, 0.5, 0],
              "uv": [63, 1]
            }
          ]
        },
        {
          "name": "eye_l",
          "parent": "head",
          "pivot": [0, 8, -10],
          "rotation": [0, 0, -10],
          "cubes": [
            { "origin": [1.5, 6.5, -10.01], "size": [1, 2, 0], "uv": [8, 8] },
            { "origin": [0.25, 6.25, -10.02], "size": [2, 2, 0], "uv": [0, 8] }
          ]
        },
        {
          "name": "pupil_l",
          "parent": "eye_l",
          "pivot": [0, 8, -10],
          "cubes": [
            { "origin": [1, 7.5, -10.03], "size": [0.5, 0.5, 0], "uv": [63, 1] }
          ]
        },
        {
          "name": "ear_r",
          "parent": "head",
          "pivot": [-2.5, 10, -7],
          "rotation": [-45, -15, -20],
          "cubes": [
            { "origin": [-3, 8.5, -8.25], "size": [2, 2, 2], "uv": [35, 46] },
            { "origin": [-3.01, 8.75, -7.5], "size": [0, 1, 1], "uv": [5, 8] }
          ]
        },
        {
          "name": "ear_l",
          "parent": "head",
          "pivot": [2.5, 10, -7],
          "rotation": [-45, 15, 20],
          "cubes": [
            { "origin": [1, 8.5, -8.25], "size": [2, 2, 2], "uv": [45, 6] },
            { "origin": [3.01, 8.75, -7.5], "size": [0, 1, 1], "uv": [5, 8] }
          ]
        },
        {
          "name": "leg_fr",
          "parent": "body",
          "pivot": [-2, 3, -5],
          "cubes": [
            { "origin": [-3, 0, -6], "size": [2, 3, 2], "uv": [18, 46] }
          ]
        },
        {
          "name": "leg_br",
          "parent": "body",
          "pivot": [-2, 3, 4],
          "cubes": [{ "origin": [-3, 0, 3], "size": [2, 3, 2], "uv": [45, 0] }]
        },
        {
          "name": "leg_fl",
          "parent": "body",
          "pivot": [2, 3, -5],
          "cubes": [{ "origin": [1, 0, -6], "size": [2, 3, 2], "uv": [9, 46] }]
        },
        {
          "name": "leg_bl",
          "parent": "body",
          "pivot": [2, 3, 4],
          "cubes": [{ "origin": [1, 0, 3], "size": [2, 3, 2], "uv": [43, 19] }]
        },
        {
          "name": "tail",
          "parent": "body",
          "pivot": [0, 9, 0],
          "rotation": [-65, 0, 0],
          "cubes": [
            { "origin": [-1.5, 8, 0], "size": [3, 6, 4], "uv": [0, 33] },
            {
              "origin": [-1.5, 9, 0],
              "size": [0, 5, 6],
              "pivot": [-1.5, 11.5, 0],
              "rotation": [0, -40, 0],
              "uv": [36, 34]
            },
            {
              "origin": [1.5, 9, 0],
              "size": [0, 5, 6],
              "pivot": [1.5, 11.5, 0],
              "rotation": [0, 40, 0],
              "uv": [15, 34]
            }
          ]
        },
        {
          "name": "tail3",
          "parent": "tail",
          "pivot": [0, 14, 0],
          "rotation": [20, 0, 0],
          "cubes": [
            { "origin": [-1.5, 14, 0], "size": [3, 5, 1], "uv": [43, 32] },
            {
              "origin": [-1.5, 13, 0],
              "size": [0, 6, 8],
              "pivot": [-1.5, 16.5, 0],
              "rotation": [0, -40, 0],
              "uv": [17, 18]
            },
            {
              "origin": [1.5, 13, 0],
              "size": [0, 6, 8],
              "pivot": [1.5, 16.5, 0],
              "rotation": [0, 40, 0],
              "uv": [0, 18]
            }
          ]
        },
        {
          "name": "tail2",
          "parent": "tail3",
          "pivot": [0, 19, 0],
          "rotation": [-5, 0, 0],
          "cubes": [
            { "origin": [-1.5, 19, 0], "size": [3, 5, 1], "uv": [0, 44] },
            {
              "origin": [-1.5, 19, 0],
              "size": [0, 6, 7],
              "pivot": [-1.5, 21.5, 0],
              "rotation": [0, -40, 0],
              "uv": [28, 10]
            },
            {
              "origin": [1.5, 19, 0],
              "size": [0, 6, 7],
              "pivot": [1.5, 21.5, 0],
              "rotation": [0, 40, 0],
              "uv": [27, 26]
            }
          ]
        },
        {
          "name": "tail_end",
          "parent": "tail2",
          "pivot": [0, 24, 0],
          "rotation": [-25, 0, 0],
          "cubes": [
            { "origin": [-1.5, 24, 0], "size": [3, 9, 0], "uv": [28, 40] },
            {
              "origin": [-0.5, 24, 0],
              "size": [4, 7, 0],
              "pivot": [1.5, 24, 0],
              "rotation": [-25, -30, 45],
              "uv": [43, 11]
            },
            {
              "origin": [-3.5, 24, 0],
              "size": [4, 7, 0],
              "pivot": [-1.5, 24, 0],
              "rotation": [-25, 30, -45],
              "uv": [0, 0]
            }
          ]
        }
      ]
    }
  ]
}
