{
  "format_version": "1.12.0",
  "minecraft:geometry": [
    {
      "description": {
        "identifier": "geometry.unknown",
        "texture_width": 1024,
        "texture_height": 1024,
        "visible_bounds_width": 28,
        "visible_bounds_height": 27,
        "visible_bounds_offset": [0, 10.5, 0]
      },
      "bones": [
        {
          "name": "hoopa_unbound",
          "pivot": [0, 0, 0]
        },
        {
          "name": "bodynarm",
          "parent": "hoopa_unbound",
          "pivot": [0, 0, 0]
        },
        {
          "name": "body",
          "parent": "bodynarm",
          "pivot": [1.3463, 92.45016, -4.47912]
        },
        {
          "name": "bodyminuschest",
          "parent": "body",
          "pivot": [1.3463, 92.45016, -4.47912],
          "cubes": [
            {
              "origin": [-40, 91.29446, -17.25],
              "size": [80, 73, 26],
              "uv": [0, 0]
            },
            {
              "origin": [-37, 87.29446, -45.25],
              "size": [33, 0, 29],
              "pivot": [-20.5, 88.29446, -18.25],
              "rotation": [58.28317, 14.5434, -0.30859],
              "uv": [2, 268]
            },
            {
              "origin": [-48, 86.29446, -30.25],
              "size": [33, 0, 29],
              "pivot": [-31.5, 87.29446, -3.25],
              "rotation": [-96.2002, 79.12126, -151.27437],
              "uv": [244, 55]
            },
            {
              "origin": [15, 86.29446, -6.75],
              "size": [33, 0, 28],
              "pivot": [31.5, 87.29446, -4.75],
              "rotation": [86.34005, 86.61601, 153.9291],
              "uv": [207, 121]
            },
            {
              "origin": [13, 86.29446, -30.25],
              "size": [36, 0, 29],
              "pivot": [31.5, 87.29446, -3.25],
              "rotation": [-96.2002, -79.12126, 151.27437],
              "uv": [238, 150]
            },
            {
              "origin": [-48, 86.29446, -6.75],
              "size": [33, 0, 29],
              "pivot": [-31.5, 87.29446, -4.75],
              "rotation": [86.34005, -86.61601, -153.9291],
              "uv": [240, 180]
            },
            {
              "origin": [4, 87.29446, -45.25],
              "size": [33, 0, 29],
              "pivot": [20.5, 88.29446, -18.25],
              "rotation": [58.28317, -14.5434, 0.30859],
              "uv": [182, 266]
            },
            {
              "origin": [-37, 91.29446, 8.25],
              "size": [33, 0, 29],
              "pivot": [-20.5, 92.29446, 10.25],
              "rotation": [-58.59683, -12.41307, 1.03687],
              "uv": [252, 266]
            },
            {
              "origin": [4, 91.29446, 8.25],
              "size": [33, 0, 29],
              "pivot": [20.5, 92.29446, 10.25],
              "rotation": [-58.59683, 12.41307, -1.03687],
              "uv": [266, 210]
            },
            {
              "origin": [-31.41599, 117.51475, -18.03771],
              "size": [16, 13, 8],
              "pivot": [-23.41599, 124.01475, -14.03771],
              "rotation": [0, -10, 0],
              "uv": [420, 516]
            },
            {
              "origin": [-35.5, 87.29446, -20.25],
              "size": [71, 7, 31],
              "pivot": [0, 90.79446, -4.75],
              "rotation": [2.5, 0, 0],
              "uv": [0, 99]
            }
          ]
        },
        {
          "name": "tail",
          "parent": "bodyminuschest",
          "pivot": [0, 89, -2],
          "cubes": [
            {
              "origin": [-10.5, 58.79446, -4.25],
              "size": [21, 27, 49],
              "uv": [0, 137]
            },
            {
              "origin": [-10.5, 54.79446, 14.5],
              "size": [21, 19, 27],
              "pivot": [-4.75, 31.04446, 0],
              "rotation": [42.5, 0, 0],
              "uv": [73, 312]
            },
            {
              "origin": [-11.5, 72.29446, -18.25],
              "size": [23, 15, 27],
              "uv": [0, 297]
            }
          ]
        },
        {
          "name": "tailseg1",
          "parent": "tail",
          "pivot": [-5.75, 71.04446, 44],
          "cubes": [
            {
              "origin": [-8.5, 60.79446, 44.75],
              "size": [17, 23, 23],
              "uv": [352, 66]
            }
          ]
        },
        {
          "name": "tailseg2",
          "parent": "tailseg1",
          "pivot": [0, 72.19446, 67.85],
          "cubes": [
            {
              "origin": [-6.5, 62.79446, 67.75],
              "size": [13, 19, 19],
              "uv": [148, 420]
            }
          ]
        },
        {
          "name": "tailtip",
          "parent": "tailseg2",
          "pivot": [0, 72.16946, 87.5],
          "cubes": [
            {
              "origin": [-4.5, 64.79446, 86.75],
              "size": [9, 15, 22],
              "uv": [462, 302]
            }
          ]
        },
        {
          "name": "TAILTIP2",
          "parent": "tailtip",
          "pivot": [0, 72.04446, 110.75],
          "cubes": [
            {
              "origin": [-3.5, 67.79446, 108.75],
              "size": [7, 9, 24],
              "uv": [458, 347]
            },
            {
              "origin": [-2.5, 69.79446, 130.75],
              "size": [5, 5, 20],
              "uv": [298, 492]
            },
            {
              "origin": [-15.5, 71.79446, 148.75],
              "size": [31, 0, 31],
              "uv": [61, 138]
            }
          ]
        },
        {
          "name": "chestthing1",
          "parent": "bodyminuschest",
          "pivot": [36.37204, 149.71625, -3.5],
          "cubes": [
            {
              "origin": [22.43538, 127.50454, 4.92782],
              "size": [23, 18, 8],
              "pivot": [36.37204, 149.71625, -3.5],
              "rotation": [-2.4952, -4.3288, 64.9053],
              "uv": [0, 474]
            },
            {
              "origin": [18.43538, 143.25947, -21.49002],
              "size": [30, 20, 34],
              "pivot": [36.37204, 149.71625, -3.5],
              "rotation": [2.5048, -4.3288, 64.9053],
              "uv": [0, 213]
            },
            {
              "origin": [21.12204, 123.61016, -20.49763],
              "size": [30, 20, 34],
              "pivot": [36.37204, 124.71625, -9.60954],
              "rotation": [0, 0, 90],
              "uv": [212, 0]
            },
            {
              "origin": [24.67442, 104.03757, 5.60012],
              "size": [23, 18, 8],
              "pivot": [37.22028, 123.42039, 16.49763],
              "rotation": [-5, 0, 90],
              "uv": [473, 138]
            },
            {
              "origin": [17.53524, 97.83194, 4.40161],
              "size": [23, 18, 8],
              "pivot": [28.45222, 99.59122, -2.5],
              "rotation": [3.2861, -4.6978, -64.9297],
              "uv": [473, 112]
            },
            {
              "origin": [13.53524, 78.96671, -21.49002],
              "size": [30, 20, 34],
              "pivot": [28.45222, 98.59122, -2.5],
              "rotation": [-1.7139, -4.6978, -64.9297],
              "uv": [200, 211]
            },
            {
              "origin": [19.53524, 96.48464, -21.37123],
              "size": [18, 11, 8],
              "pivot": [28.45222, 98.59122, -2.5],
              "rotation": [-6.7139, -4.6978, -64.9297],
              "uv": [294, 382]
            },
            {
              "origin": [24.58633, 135.41705, -20.92784],
              "size": [18, 10, 8],
              "pivot": [36.37204, 149.71625, -4.5],
              "rotation": [7.5048, -4.3288, 64.9053],
              "uv": [428, 498]
            },
            {
              "origin": [12.41599, 99.48525, -18.03771],
              "size": [16, 13, 8],
              "pivot": [17.41599, 104.98525, -14.03771],
              "rotation": [2.06485, 1.25454, 35.86507],
              "uv": [0, 500]
            },
            {
              "origin": [27.12204, 114.38888, -20.47334],
              "size": [19, 11, 8],
              "pivot": [36.37204, 124.71625, -9.60954],
              "rotation": [5, 0, 90],
              "uv": [344, 341]
            },
            {
              "origin": [15.41599, 117.51475, -18.03771],
              "size": [16, 13, 8],
              "pivot": [23.41599, 124.01475, -14.03771],
              "rotation": [0, 10, 0],
              "uv": [0, 158]
            },
            {
              "origin": [13.41599, 136.51475, -18.03771],
              "size": [16, 13, 8],
              "pivot": [18.41599, 144.01475, -14.03771],
              "rotation": [-2.06485, 1.25454, -35.86507],
              "uv": [48, 509]
            },
            {
              "origin": [0.30577, 135.23638, 2.41253],
              "size": [16, 13, 8],
              "pivot": [8.30577, 140.73638, 7.41253],
              "rotation": [-9.9952, -4.3288, 64.9053],
              "uv": [519, 424]
            },
            {
              "origin": [9.41599, 117.51475, 3.03771],
              "size": [16, 13, 8],
              "pivot": [17.41599, 124.01475, 7.03771],
              "rotation": [0, -10, 0],
              "uv": [0, 137]
            },
            {
              "origin": [4.30577, 97.76362, 1.41253],
              "size": [16, 13, 8],
              "pivot": [12.30577, 105.26362, 6.41253],
              "rotation": [4.95221, 2.53733, -141.55238],
              "uv": [290, 517]
            },
            {
              "origin": [-16.30577, 135.23638, 2.41253],
              "size": [16, 13, 8],
              "pivot": [-8.30577, 140.73638, 7.41253],
              "rotation": [-9.9952, 4.3288, -64.9053],
              "uv": [192, 518]
            }
          ]
        },
        {
          "name": "chestthing2",
          "parent": "bodyminuschest",
          "pivot": [-36.37204, 149.71625, -3.5],
          "cubes": [
            {
              "origin": [-45.43538, 127.50454, 4.92782],
              "size": [23, 18, 8],
              "pivot": [-36.37204, 149.71625, -3.5],
              "rotation": [-2.4952, 4.3288, -64.9053],
              "uv": [472, 472]
            },
            {
              "origin": [-48.43538, 143.25947, -21.49002],
              "size": [30, 20, 34],
              "pivot": [-36.37204, 149.71625, -3.5],
              "rotation": [2.5048, 4.3288, -64.9053],
              "uv": [106, 191]
            },
            {
              "origin": [-51.12204, 123.61016, -20.49763],
              "size": [30, 20, 34],
              "pivot": [-36.37204, 124.71625, -9.60954],
              "rotation": [0, 0, -90],
              "uv": [178, 65]
            },
            {
              "origin": [-47.67442, 104.03757, 5.60012],
              "size": [23, 18, 8],
              "pivot": [-37.22028, 123.42039, 16.49763],
              "rotation": [-5, 0, -90],
              "uv": [410, 472]
            },
            {
              "origin": [-40.53524, 97.83194, 4.40161],
              "size": [23, 18, 8],
              "pivot": [-28.45222, 99.59122, -2.5],
              "rotation": [3.2861, 4.6978, 64.9297],
              "uv": [470, 380]
            },
            {
              "origin": [-43.53524, 78.96671, -21.49002],
              "size": [30, 20, 34],
              "pivot": [-28.45222, 98.59122, -2.5],
              "rotation": [-1.7139, 4.6978, 64.9297],
              "uv": [140, 137]
            },
            {
              "origin": [-46.12204, 114.38888, -20.47334],
              "size": [19, 11, 8],
              "pivot": [-36.37204, 124.71625, -9.60954],
              "rotation": [5, 0, -90],
              "uv": [476, 0]
            },
            {
              "origin": [-37.53524, 96.48464, -21.37123],
              "size": [18, 11, 8],
              "pivot": [-28.45222, 98.59122, -2.5],
              "rotation": [-6.7139, 4.6978, 64.9297],
              "uv": [378, 0]
            },
            {
              "origin": [-42.58633, 135.41705, -20.92784],
              "size": [18, 10, 8],
              "pivot": [-36.37204, 149.71625, -4.5],
              "rotation": [7.5048, 4.3288, -64.9053],
              "uv": [486, 406]
            },
            {
              "origin": [-29.41599, 136.51475, -18.03771],
              "size": [16, 13, 8],
              "pivot": [-18.41599, 144.01475, -14.03771],
              "rotation": [-2.06485, -1.25454, 35.86507],
              "uv": [472, 514]
            },
            {
              "origin": [-28.41599, 99.48525, -18.03771],
              "size": [16, 13, 8],
              "pivot": [-17.41599, 104.98525, -14.03771],
              "rotation": [2.06485, -1.25454, -35.86507],
              "uv": [502, 291]
            },
            {
              "origin": [-20.30577, 97.76362, 1.41253],
              "size": [16, 13, 8],
              "pivot": [-12.30577, 105.26362, 6.41253],
              "rotation": [4.95221, -2.53733, 141.55238],
              "uv": [144, 518]
            },
            {
              "origin": [-25.41599, 117.51475, 3.03771],
              "size": [16, 13, 8],
              "pivot": [-17.41599, 124.01475, 7.03771],
              "rotation": [0, 10, 0],
              "uv": [96, 517]
            }
          ]
        },
        {
          "name": "head",
          "parent": "bodyminuschest",
          "pivot": [0, 166, 0],
          "cubes": [
            {
              "origin": [-15, 155.68367, -17.31415],
              "size": [30, 26, 22],
              "inflate": -0.01,
              "pivot": [0, 171.68367, -5.81415],
              "rotation": [37.5, 0, 0],
              "uv": [188, 295]
            }
          ]
        },
        {
          "name": "main",
          "parent": "head",
          "pivot": [0, 173.75838, -8.93668],
          "cubes": [
            {
              "origin": [-13, 169, -26.25],
              "size": [26, 23, 23],
              "uv": [292, 295]
            },
            {
              "origin": [-6, 176, -36],
              "size": [18, 14, 18],
              "pivot": [3, 180, -23],
              "rotation": [0, 45, 0],
              "uv": [887, 818]
            },
            {
              "origin": [-6.5, 164, -106],
              "size": [13, 12, 13],
              "pivot": [-2.5, 25, -9],
              "rotation": [-32.5, 0, 0],
              "uv": [217, 343]
            },
            {
              "origin": [-4, 178, -32],
              "size": [0, 3, 3],
              "pivot": [-4, 177.5, -33.5],
              "rotation": [176.85277, -43.25787, 3.87955],
              "uv": [522, 760]
            },
            {
              "origin": [-6, 178, -30],
              "size": [0, 3, 3],
              "pivot": [-6, 177.5, -31.5],
              "rotation": [176.85277, -43.25787, 3.87955],
              "uv": [522, 760]
            },
            {
              "origin": [-8, 178, -28],
              "size": [0, 3, 3],
              "pivot": [-8, 177.5, -29.5],
              "rotation": [-176.08184, -43.20724, -6.42074],
              "uv": [522, 760]
            },
            {
              "origin": [-10, 178, -26],
              "size": [0, 3, 3],
              "pivot": [-10, 177.5, -27.5],
              "rotation": [-178.43285, -43.32691, -2.99115],
              "uv": [522, 760]
            },
            {
              "origin": [-12, 178, -24],
              "size": [0, 3, 3],
              "pivot": [-12, 177.5, -25.5],
              "rotation": [-178.43285, -43.32691, -2.99115],
              "uv": [522, 760]
            },
            {
              "origin": [10, 178, -26],
              "size": [0, 3, 3],
              "pivot": [10, 177.5, -27.5],
              "rotation": [-176.19991, 36.8472, 4.15911],
              "uv": [522, 760]
            },
            {
              "origin": [12, 178, -24],
              "size": [0, 3, 3],
              "pivot": [12, 177.5, -25.5],
              "rotation": [-176.19991, 36.8472, 4.15911],
              "uv": [522, 760]
            },
            {
              "origin": [8, 178, -28],
              "size": [0, 3, 3],
              "pivot": [8, 177.5, -29.5],
              "rotation": [-174.33945, 36.64098, 7.26849],
              "uv": [522, 760]
            },
            {
              "origin": [6, 178, -30],
              "size": [0, 3, 3],
              "pivot": [6, 177.5, -31.5],
              "rotation": [-176.19991, 36.8472, 4.15911],
              "uv": [522, 760]
            },
            {
              "origin": [4, 178, -32],
              "size": [0, 3, 3],
              "pivot": [4, 177.5, -33.5],
              "rotation": [-176.19991, 36.8472, 4.15911],
              "uv": [522, 760]
            },
            { "origin": [14, 181, -16.25], "size": [3, 12, 12], "uv": [0, 213] }
          ]
        },
        {
          "name": "eyebrowleft",
          "parent": "main",
          "pivot": [9, 183.75838, -28.93668],
          "rotation": [18.8817, -41.6411, -27.2363],
          "cubes": [
            {
              "origin": [3, 183.75838, -29.93668],
              "size": [6, 2, 1],
              "uv": [330, 637]
            }
          ]
        },
        {
          "name": "eyebrowright",
          "parent": "main",
          "pivot": [-9, 182.75838, -29.93668],
          "rotation": [156.5968, -40.6885, -149.6931],
          "cubes": [
            {
              "origin": [-14, 183.75838, -30.93668],
              "size": [6, 2, 1],
              "uv": [363, 655]
            }
          ]
        },
        {
          "name": "hair_top",
          "parent": "main",
          "pivot": [0, 199, -5],
          "cubes": [
            {
              "origin": [-17, 251.84973, -55.66489],
              "size": [34, 0, 23],
              "pivot": [0, 219.84973, -16.66489],
              "rotation": [-162.5, 0, 0],
              "uv": [284, 3]
            },
            {
              "origin": [-17, 59.69, -210.89],
              "size": [34, 0, 23],
              "pivot": [-3, 25, -9],
              "rotation": [-77.5, 0, 0],
              "uv": [282, 121]
            },
            {
              "origin": [-135, 128.25, -113],
              "size": [23, 0, 30],
              "pivot": [-1, 25, -9],
              "rotation": [-25.15933, 21.2842, 37.69778],
              "uv": [113, 307]
            },
            {
              "origin": [113, 128.25, -113],
              "size": [22, 0, 30],
              "pivot": [2, 25, -9],
              "rotation": [-25.15933, -21.2842, -37.69778],
              "uv": [276, 86]
            },
            {
              "origin": [-14, 176, -111],
              "size": [28, 34, 26],
              "pivot": [-4, 25, -9],
              "rotation": [-32.5, 0, 0],
              "uv": [102, 245]
            },
            {
              "origin": [-13, 208, -109],
              "size": [26, 19, 22],
              "pivot": [-3, 25, -9],
              "rotation": [-32.5, 0, 0],
              "uv": [270, 341]
            },
            {
              "origin": [-9, 226, -104],
              "size": [18, 11, 12],
              "pivot": [-3, 25, -9],
              "rotation": [-32.5, 0, 0],
              "uv": [186, 0]
            }
          ]
        },
        {
          "name": "bone",
          "parent": "main",
          "pivot": [0, 0, -6]
        },
        {
          "name": "hoopa",
          "parent": "bone",
          "pivot": [0, 0, -6],
          "rotation": [0, -90, 0]
        },
        {
          "name": "head2",
          "parent": "hoopa",
          "pivot": [0.88183, 11.3029, -7.29621]
        },
        {
          "name": "headwoosh",
          "parent": "head2",
          "pivot": [1.13183, 11.3029, -7.29621]
        },
        {
          "name": "lefthorn",
          "parent": "headwoosh",
          "pivot": [0.88183, -1.6971, -7.04621]
        },
        {
          "name": "righthorn",
          "parent": "lefthorn",
          "pivot": [0.88183, -1.4471, -7.54621]
        },
        {
          "name": "facering",
          "parent": "righthorn",
          "pivot": [0.88183, 0.0529, -7.54621]
        },
        {
          "name": "face",
          "parent": "facering",
          "pivot": [0.88183, 0.8029, -7.54621]
        },
        {
          "name": "eyes",
          "parent": "face",
          "pivot": [-5.36817, 0.0529, -6.29621],
          "rotation": [0, -90, 0]
        },
        {
          "name": "eyebrows",
          "parent": "face",
          "pivot": [-4.61817, 15.0529, -10.29621],
          "rotation": [0, -90, 0]
        },
        {
          "name": "headshape",
          "parent": "facering",
          "pivot": [0.88183, 1.0529, -7.79621]
        },
        {
          "name": "headring",
          "parent": "headwoosh",
          "pivot": [0.38183, 17.5529, -0.79621]
        },
        {
          "name": "headring2",
          "parent": "headwoosh",
          "pivot": [-0.36817, 17.5529, -13.29621]
        },
        {
          "name": "body2",
          "parent": "hoopa",
          "pivot": [0.88183, 9.3029, -7.29621]
        },
        {
          "name": "tail2",
          "parent": "body2",
          "pivot": [0.88183, 0.0529, -7.54621]
        },
        {
          "name": "bodyring",
          "parent": "tail2",
          "pivot": [0.88183, 0.0529, -7.54621]
        },
        {
          "name": "arm_left2",
          "parent": "bodyring",
          "pivot": [0.88183, 6.8029, -1.54621]
        },
        {
          "name": "arm_right",
          "parent": "bodyring",
          "pivot": [1.38183, 6.8029, -13.04621]
        },
        {
          "name": "horns",
          "parent": "main",
          "pivot": [-3, 25, -3],
          "cubes": [
            {
              "origin": [-61, 183, -14.25],
              "size": [19, 8, 8],
              "pivot": [-38.5, 187, -10.25],
              "rotation": [0, 0, 12.5],
              "uv": [480, 498]
            },
            {
              "origin": [-75.41559, 188.66375, -13.25],
              "size": [19, 6, 6],
              "pivot": [-59.5, 192, -10.25],
              "rotation": [0, 0, 35],
              "uv": [507, 267]
            },
            {
              "origin": [-48, 182, -15.25],
              "size": [3, 10, 10],
              "pivot": [-38.5, 187, -10.25],
              "rotation": [0, 0, 12.5],
              "uv": [376, 125]
            },
            {
              "origin": [-43, 182, -15.25],
              "size": [29, 10, 10],
              "uv": [468, 58]
            },
            {
              "origin": [-21, 181, -16.25],
              "size": [3, 12, 12],
              "uv": [340, 26]
            },
            {
              "origin": [-17, 181, -16.25],
              "size": [3, 12, 12],
              "uv": [0, 267]
            },
            {
              "origin": [42, 183, -14.25],
              "size": [19, 8, 8],
              "pivot": [38.5, 187, -10.25],
              "rotation": [0, 0, -12.5],
              "uv": [350, 277]
            },
            {
              "origin": [56.41559, 188.66375, -13.25],
              "size": [19, 6, 6],
              "pivot": [59.5, 192, -10.25],
              "rotation": [0, 0, -35],
              "uv": [502, 312]
            },
            {
              "origin": [45, 182, -15.25],
              "size": [3, 10, 10],
              "pivot": [38.5, 187, -10.25],
              "rotation": [0, 0, -12.5],
              "uv": [234, 149]
            },
            {
              "origin": [14, 182, -15.25],
              "size": [29, 10, 10],
              "uv": [466, 190]
            },
            { "origin": [18, 181, -16.25], "size": [3, 12, 12], "uv": [0, 99] }
          ]
        },
        {
          "name": "jawmouth",
          "parent": "main",
          "pivot": [-0.25, 172.95, -23.25],
          "rotation": [15, 0, 0],
          "cubes": [
            {
              "origin": [-6, 159.9, -47],
              "size": [12, 10, 7],
              "pivot": [-6, 160, -39],
              "rotation": [-42.5, 0, 0],
              "uv": [361, 412]
            },
            {
              "origin": [-4, 154.9, -47],
              "size": [7, 8, 7],
              "pivot": [-6, 156, -39],
              "rotation": [-20, 0, 0],
              "uv": [363, 412]
            },
            {
              "origin": [-14, 168, -27],
              "size": [28, 7, 15],
              "uv": [646, 863]
            },
            {
              "origin": [-9, 167, -39],
              "size": [18, 8, 12],
              "pivot": [0, 173, -28],
              "rotation": [7.5, 0, 0],
              "uv": [654, 866]
            },
            {
              "origin": [11, 174, -30],
              "size": [0, 11, 7],
              "pivot": [11, 173.5, -27.5],
              "rotation": [3.44743, 49.94126, 22.41514],
              "uv": [157, 141]
            },
            {
              "origin": [-11, 174, -30],
              "size": [0, 11, 7],
              "pivot": [-11, 173.5, -27.5],
              "rotation": [12.15081, -43.93385, -32.29951],
              "uv": [157, 130]
            },
            {
              "origin": [-6, 175, -30],
              "size": [0, 3, 3],
              "pivot": [-6, 174.5, -31.5],
              "rotation": [-2.41881, -41.5974, -2.09043],
              "uv": [522, 760]
            },
            {
              "origin": [-4, 175, -32],
              "size": [0, 3, 3],
              "pivot": [-4, 174.5, -33.5],
              "rotation": [-2.41881, -41.5974, -2.09043],
              "uv": [522, 760]
            },
            {
              "origin": [-2, 175, -34],
              "size": [0, 3, 3],
              "pivot": [-2, 174.5, -35.5],
              "rotation": [-4.62853, -41.44369, 1.2425],
              "uv": [522, 760]
            },
            {
              "origin": [0, 175, -36],
              "size": [0, 3, 3],
              "pivot": [0, 174.5, -37.5],
              "rotation": [2.02524, -41.6146, -8.77898],
              "uv": [522, 760]
            },
            {
              "origin": [2, 175, -38],
              "size": [0, 3, 3],
              "pivot": [2, 174.5, -39.5],
              "rotation": [2.02524, -41.6146, -8.77898],
              "uv": [522, 760]
            },
            {
              "origin": [-1, 175, -38],
              "size": [0, 3, 3],
              "pivot": [-1, 174.5, -39.5],
              "rotation": [7.89965, 38.05715, 10.89544],
              "uv": [522, 760]
            },
            {
              "origin": [1, 175, -36],
              "size": [0, 3, 3],
              "pivot": [1, 174.5, -37.5],
              "rotation": [7.89965, 38.05715, 10.89544],
              "uv": [522, 760]
            },
            {
              "origin": [3, 175, -34],
              "size": [0, 3, 3],
              "pivot": [3, 174.5, -35.5],
              "rotation": [5.94573, 38.35856, 7.7369],
              "uv": [522, 760]
            },
            {
              "origin": [7, 175, -30],
              "size": [0, 3, 3],
              "pivot": [7, 174.5, -31.5],
              "rotation": [7.89965, 38.05715, 10.89544],
              "uv": [522, 760]
            },
            {
              "origin": [5, 175, -32],
              "size": [0, 3, 3],
              "pivot": [5, 174.5, -33.5],
              "rotation": [7.89965, 38.05715, 10.89544],
              "uv": [522, 760]
            },
            {
              "origin": [-6, 171, -37],
              "size": [18, 4, 18],
              "pivot": [3, 165, -24],
              "rotation": [0, 45, 0],
              "uv": [910, 718]
            }
          ]
        },
        {
          "name": "legs",
          "parent": "bodyminuschest",
          "pivot": [-1, 79.04446, 0]
        },
        {
          "name": "right_leg",
          "parent": "legs",
          "pivot": [-18.75, 86.00093, -2.70492],
          "rotation": [0, 22.5, 12.5],
          "cubes": [
            {
              "origin": [-30.34971, 58.10483, -25.66262],
              "size": [21, 28, 23],
              "pivot": [-42.34971, 35.85483, 5.33738],
              "rotation": [-12.5, 0, 0],
              "uv": [0, 339]
            }
          ]
        },
        {
          "name": "knee_right",
          "parent": "right_leg",
          "pivot": [-20.59971, 61.58124, -7.85551],
          "cubes": [
            {
              "origin": [-28.34971, 33.35483, -9.91262],
              "size": [16, 36, 19],
              "pivot": [-42.34971, 38.85483, 5.33738],
              "rotation": [15, 0, 0],
              "uv": [403, 112]
            },
            {
              "origin": [-32.34971, 39.35483, -12.91262],
              "size": [24, 4, 26],
              "pivot": [-42.34971, 38.85483, 5.33738],
              "rotation": [15, 0, 0],
              "uv": [350, 247]
            }
          ]
        },
        {
          "name": "bone28",
          "parent": "knee_right",
          "pivot": [-18.60225, 32.79361, 0.42416],
          "cubes": [
            {
              "origin": [-28.59971, 26.69335, -22.73478],
              "size": [16, 8, 32],
              "pivot": [-42.59971, 34.19335, 7.51522],
              "rotation": [15, 0, 0],
              "uv": [342, 26]
            },
            {
              "origin": [-25.59971, 22.68924, -31.6278],
              "size": [10, 7, 11],
              "pivot": [-20.59971, 21.68924, -25.6278],
              "rotation": [-22.5, 0, 0],
              "uv": [328, 247]
            }
          ]
        },
        {
          "name": "left_leg",
          "parent": "legs",
          "pivot": [18.75, 86.00093, -2.70492],
          "rotation": [0, -22.5, -12.5],
          "cubes": [
            {
              "origin": [9.34971, 58.10483, -25.66262],
              "size": [21, 28, 23],
              "pivot": [42.34971, 35.85483, 5.33738],
              "rotation": [-12.5, 0, 0],
              "uv": [338, 145]
            }
          ]
        },
        {
          "name": "knee_left",
          "parent": "left_leg",
          "pivot": [20.59971, 62.58124, -7.85551],
          "cubes": [
            {
              "origin": [12.34971, 33.35483, -9.91262],
              "size": [16, 36, 19],
              "pivot": [42.34971, 38.85483, 5.33738],
              "rotation": [15, 0, 0],
              "uv": [88, 358]
            },
            {
              "origin": [8.34971, 39.35483, -12.91262],
              "size": [24, 4, 26],
              "pivot": [42.34971, 38.85483, 5.33738],
              "rotation": [15, 0, 0],
              "uv": [143, 343]
            }
          ]
        },
        {
          "name": "bone29",
          "parent": "knee_left",
          "pivot": [27.60225, 31.79361, 0.42416],
          "cubes": [
            {
              "origin": [12.59971, 26.69335, -22.73478],
              "size": [16, 8, 32],
              "pivot": [42.59971, 34.19335, 7.51522],
              "rotation": [15, 0, 0],
              "uv": [332, 207]
            },
            {
              "origin": [15.59971, 22.68924, -31.6278],
              "size": [10, 7, 11],
              "pivot": [20.59971, 21.68924, -25.6278],
              "rotation": [-22.5, 0, 0],
              "uv": [270, 295]
            }
          ]
        },
        {
          "name": "chest_hole",
          "parent": "body",
          "pivot": [-4.75, 117.0835, 1],
          "cubes": [
            {
              "origin": [-12.5, 112.294, -19.0775],
              "size": [25, 25, 5],
              "uv": [192, 466]
            }
          ]
        },
        {
          "name": "arms",
          "parent": "bodynarm",
          "pivot": [-53.44827, 89.05625, -5.83115]
        },
        {
          "name": "top_left3",
          "parent": "arms",
          "pivot": [-53.44827, 89.05625, -5.83115],
          "rotation": [-176.75678, 2.11766, 154.85254],
          "cubes": [
            {
              "origin": [-86.5, 93.4101, -247.2074],
              "size": [16, 21, 16],
              "pivot": [-69.74, 78.2201, -122.5124],
              "rotation": [180, 0, 90],
              "uv": [64, 442]
            },
            {
              "origin": [-88.08, 66.3401, -249.0674],
              "size": [19, 27, 20],
              "pivot": [-69.74, 78.2201, -122.5124],
              "rotation": [180, 0, 90],
              "uv": [0, 390]
            },
            {
              "origin": [-85.47, 57.6201, -246.5674],
              "size": [16, 7, 15],
              "pivot": [-69.74, 78.2201, -122.5124],
              "rotation": [180, 0, 90],
              "uv": [103, 495]
            },
            {
              "origin": [-82.47, 51.6201, -243.5674],
              "size": [10, 6, 9],
              "pivot": [-69.74, 78.2201, -122.5124],
              "rotation": [180, 0, 90],
              "uv": [339, 513]
            },
            {
              "origin": [-90.19, 64.3401, -251.1774],
              "size": [23, 5, 24],
              "pivot": [-69.74, 78.2201, -122.5124],
              "rotation": [180, 0, 90],
              "uv": [406, 29]
            },
            {
              "origin": [-88.33, 111.7101, -248.5674],
              "size": [20, 4, 19],
              "pivot": [-69.74, 78.2201, -122.5124],
              "rotation": [180, 0, 90],
              "uv": [276, 438]
            }
          ]
        },
        {
          "name": "bone12",
          "parent": "top_left3",
          "pivot": [-106.93, 83.9801, -3.3174],
          "cubes": [
            {
              "origin": [-125.95, 75.4501, -7.8174],
              "size": [18, 20, 10],
              "pivot": [-116.45, 85.4501, -2.8174],
              "rotation": [-170, 0, 90],
              "uv": [490, 19]
            }
          ]
        },
        {
          "name": "bone13",
          "parent": "bone12",
          "pivot": [-122.85011, 79.9801, -1.21459],
          "cubes": [
            {
              "origin": [-125.88011, 79.12246, -11.1328],
              "size": [6, 16, 7],
              "pivot": [-122.85011, 79.9801, -4.21459],
              "rotation": [152.5, 0, 77.5],
              "uv": [513, 529]
            },
            {
              "origin": [-124.82011, 93.12246, -9.1328],
              "size": [4, 4, 7],
              "pivot": [-122.85011, 79.9801, -4.21459],
              "rotation": [152.5, 0, 77.5],
              "uv": [272, 84]
            }
          ]
        },
        {
          "name": "bone14",
          "parent": "bone12",
          "pivot": [-122.85011, 92.4701, -1.21459],
          "cubes": [
            {
              "origin": [-125.88011, 77.32773, -11.1328],
              "size": [6, 16, 7],
              "pivot": [-122.85011, 92.4701, -4.21459],
              "rotation": [-152.5, 0, -77.5],
              "uv": [338, 528]
            },
            {
              "origin": [-124.82011, 75.32773, -9.1328],
              "size": [4, 4, 7],
              "pivot": [-122.85011, 92.4701, -4.21459],
              "rotation": [-152.5, 0, -77.5],
              "uv": [184, 258]
            }
          ]
        },
        {
          "name": "bone15",
          "parent": "bone12",
          "pivot": [-112.93, 94.9801, -3.3174],
          "cubes": [
            {
              "origin": [-121.93, 97.9801, -4.8174],
              "size": [4, 4, 7],
              "pivot": [-112.93, 99.9801, -3.3174],
              "rotation": [180, 0, 90],
              "uv": [243, 191]
            },
            {
              "origin": [-119.93, 96.9801, -6.8174],
              "size": [14, 6, 7],
              "pivot": [-112.93, 99.9801, -3.3174],
              "rotation": [180, 0, 90],
              "uv": [124, 420]
            }
          ]
        },
        {
          "name": "top_left2",
          "parent": "arms",
          "pivot": [-62.44827, 127.05625, -3.83115],
          "rotation": [180, 2.5, -180],
          "cubes": [
            {
              "origin": [-95.5, 131.4101, -245.2074],
              "size": [16, 21, 16],
              "pivot": [-78.74, 116.2201, -120.5124],
              "rotation": [180, 0, 90],
              "uv": [354, 443]
            },
            {
              "origin": [-97.08, 104.3401, -247.0674],
              "size": [19, 27, 20],
              "pivot": [-78.74, 116.2201, -120.5124],
              "rotation": [180, 0, 90],
              "uv": [390, 277]
            },
            {
              "origin": [-94.47, 95.6201, -244.5674],
              "size": [16, 7, 15],
              "pivot": [-78.74, 116.2201, -120.5124],
              "rotation": [180, 0, 90],
              "uv": [165, 496]
            },
            {
              "origin": [-91.47, 89.6201, -241.5674],
              "size": [10, 6, 9],
              "pivot": [-78.74, 116.2201, -120.5124],
              "rotation": [180, 0, 90],
              "uv": [520, 361]
            },
            {
              "origin": [-99.19, 102.3401, -249.1774],
              "size": [23, 5, 24],
              "pivot": [-78.74, 116.2201, -120.5124],
              "rotation": [180, 0, 90],
              "uv": [290, 409]
            },
            {
              "origin": [-97.33, 149.7101, -246.5674],
              "size": [20, 4, 19],
              "pivot": [-78.74, 116.2201, -120.5124],
              "rotation": [180, 0, 90],
              "uv": [441, 424]
            }
          ]
        },
        {
          "name": "bone8",
          "parent": "top_left2",
          "pivot": [-115.93, 121.9801, -1.3174],
          "cubes": [
            {
              "origin": [-134.95, 113.4501, -5.8174],
              "size": [18, 20, 10],
              "pivot": [-125.45, 123.4501, -0.8174],
              "rotation": [-170, 0, 90],
              "uv": [491, 78]
            }
          ]
        },
        {
          "name": "bone9",
          "parent": "bone8",
          "pivot": [-131.85011, 117.9801, 0.78541],
          "cubes": [
            {
              "origin": [-134.88011, 117.12246, -9.1328],
              "size": [6, 16, 7],
              "pivot": [-131.85011, 117.9801, -2.21459],
              "rotation": [152.5, 0, 77.5],
              "uv": [396, 530]
            },
            {
              "origin": [-133.82011, 131.12246, -7.1328],
              "size": [4, 4, 7],
              "pivot": [-131.85011, 117.9801, -2.21459],
              "rotation": [152.5, 0, 77.5],
              "uv": [338, 145]
            }
          ]
        },
        {
          "name": "bone10",
          "parent": "bone8",
          "pivot": [-131.85011, 130.4701, 0.78541],
          "cubes": [
            {
              "origin": [-134.88011, 115.32773, -9.1328],
              "size": [6, 16, 7],
              "pivot": [-131.85011, 130.4701, -2.21459],
              "rotation": [-152.5, 0, -77.5],
              "uv": [52, 530]
            },
            {
              "origin": [-133.82011, 113.32773, -7.1328],
              "size": [4, 4, 7],
              "pivot": [-131.85011, 130.4701, -2.21459],
              "rotation": [-152.5, 0, -77.5],
              "uv": [73, 312]
            }
          ]
        },
        {
          "name": "bone11",
          "parent": "bone8",
          "pivot": [-121.93, 132.9801, -1.3174],
          "cubes": [
            {
              "origin": [-130.93, 135.9801, -2.8174],
              "size": [4, 4, 7],
              "pivot": [-121.93, 137.9801, -1.3174],
              "rotation": [180, 0, 90],
              "uv": [188, 305]
            },
            {
              "origin": [-128.93, 134.9801, -4.8174],
              "size": [14, 6, 7],
              "pivot": [-121.93, 137.9801, -1.3174],
              "rotation": [180, 0, 90],
              "uv": [312, 461]
            }
          ]
        },
        {
          "name": "top_left",
          "parent": "arms",
          "pivot": [-55.44827, 159.05625, -4.83115],
          "rotation": [-3.90091, 2.91787, -154.9953],
          "cubes": [
            {
              "origin": [-88.5, 163.4101, -246.2074],
              "size": [16, 21, 16],
              "pivot": [-71.74, 148.2201, -121.5124],
              "rotation": [180, 0, 90],
              "uv": [128, 458]
            },
            {
              "origin": [-90.08, 136.3401, -248.0674],
              "size": [19, 27, 20],
              "pivot": [-71.74, 148.2201, -121.5124],
              "rotation": [180, 0, 90],
              "uv": [404, 324]
            },
            {
              "origin": [-87.47, 127.6201, -245.5674],
              "size": [16, 7, 15],
              "pivot": [-71.74, 148.2201, -121.5124],
              "rotation": [180, 0, 90],
              "uv": [496, 339]
            },
            {
              "origin": [-84.47, 121.6201, -242.5674],
              "size": [10, 6, 9],
              "pivot": [-71.74, 148.2201, -121.5124],
              "rotation": [180, 0, 90],
              "uv": [520, 514]
            },
            {
              "origin": [-92.19, 134.3401, -250.1774],
              "size": [23, 5, 24],
              "pivot": [-71.74, 148.2201, -121.5124],
              "rotation": [180, 0, 90],
              "uv": [54, 413]
            },
            {
              "origin": [-90.33, 181.7101, -247.5674],
              "size": [20, 4, 19],
              "pivot": [-71.74, 148.2201, -121.5124],
              "rotation": [180, 0, 90],
              "uv": [448, 268]
            }
          ]
        },
        {
          "name": "bone4",
          "parent": "top_left",
          "pivot": [-108.93, 153.9801, -2.3174],
          "cubes": [
            {
              "origin": [-127.95, 145.4501, -6.8174],
              "size": [18, 20, 10],
              "pivot": [-118.45, 155.4501, -1.8174],
              "rotation": [-170, 0, 90],
              "uv": [242, 492]
            }
          ]
        },
        {
          "name": "bone6",
          "parent": "bone4",
          "pivot": [-124.85011, 149.9801, -0.21459],
          "cubes": [
            {
              "origin": [-127.88011, 149.12246, -10.1328],
              "size": [6, 16, 7],
              "pivot": [-124.85011, 149.9801, -3.21459],
              "rotation": [152.5, 0, 77.5],
              "uv": [532, 376]
            },
            {
              "origin": [-126.82011, 163.12246, -8.1328],
              "size": [4, 4, 7],
              "pivot": [-124.85011, 149.9801, -3.21459],
              "rotation": [152.5, 0, 77.5],
              "uv": [0, 339]
            }
          ]
        },
        {
          "name": "bone5",
          "parent": "bone4",
          "pivot": [-124.85011, 162.4701, -0.21459],
          "cubes": [
            {
              "origin": [-127.88011, 147.32773, -10.1328],
              "size": [6, 16, 7],
              "pivot": [-124.85011, 162.4701, -3.21459],
              "rotation": [-152.5, 0, -77.5],
              "uv": [266, 531]
            },
            {
              "origin": [-126.82011, 145.32773, -8.1328],
              "size": [4, 4, 7],
              "pivot": [-124.85011, 162.4701, -3.21459],
              "rotation": [-152.5, 0, -77.5],
              "uv": [338, 196]
            }
          ]
        },
        {
          "name": "bone7",
          "parent": "bone4",
          "pivot": [-114.93, 164.9801, -2.3174],
          "cubes": [
            {
              "origin": [-123.93, 167.9801, -3.8174],
              "size": [4, 4, 7],
              "pivot": [-114.93, 169.9801, -2.3174],
              "rotation": [180, 0, 90],
              "uv": [338, 156]
            },
            {
              "origin": [-121.93, 166.9801, -5.8174],
              "size": [14, 6, 7],
              "pivot": [-114.93, 169.9801, -2.3174],
              "rotation": [180, 0, 90],
              "uv": [519, 445]
            }
          ]
        },
        {
          "name": "top_right2",
          "parent": "arms",
          "pivot": [62.44827, 126.05625, -3.83115],
          "rotation": [179.9905, 0.00477, -179.78218],
          "cubes": [
            {
              "origin": [79.5, 130.4101, -245.2074],
              "size": [16, 21, 16],
              "pivot": [78.74, 115.2201, -120.5124],
              "rotation": [180, 0, -90],
              "uv": [212, 429]
            },
            {
              "origin": [78.08, 103.3401, -247.0674],
              "size": [19, 27, 20],
              "pivot": [78.74, 115.2201, -120.5124],
              "rotation": [180, 0, -90],
              "uv": [158, 373]
            },
            {
              "origin": [78.47, 94.6201, -244.5674],
              "size": [16, 7, 15],
              "pivot": [78.74, 115.2201, -120.5124],
              "rotation": [180, 0, -90],
              "uv": [485, 164]
            },
            {
              "origin": [81.47, 88.6201, -241.5674],
              "size": [10, 6, 9],
              "pivot": [78.74, 115.2201, -120.5124],
              "rotation": [180, 0, -90],
              "uv": [216, 373]
            },
            {
              "origin": [76.19, 101.3401, -249.1774],
              "size": [23, 5, 24],
              "pivot": [78.74, 115.2201, -120.5124],
              "rotation": [180, 0, -90],
              "uv": [400, 385]
            },
            {
              "origin": [77.33, 148.7101, -246.5674],
              "size": [20, 4, 19],
              "pivot": [78.74, 115.2201, -120.5124],
              "rotation": [180, 0, -90],
              "uv": [426, 167]
            }
          ]
        },
        {
          "name": "bone20",
          "parent": "top_right2",
          "pivot": [115.93, 120.9801, -1.3174],
          "cubes": [
            {
              "origin": [116.95, 112.4501, -5.8174],
              "size": [18, 20, 10],
              "pivot": [125.45, 122.4501, -0.8174],
              "rotation": [-170, 0, -90],
              "uv": [480, 215]
            }
          ]
        },
        {
          "name": "bone21",
          "parent": "bone20",
          "pivot": [131.85011, 116.9801, 0.78541],
          "cubes": [
            {
              "origin": [128.88011, 116.12246, -9.1328],
              "size": [6, 16, 7],
              "pivot": [131.85011, 116.9801, -2.21459],
              "rotation": [152.5, 0, -77.5],
              "uv": [240, 522]
            },
            {
              "origin": [129.82011, 130.12246, -7.1328],
              "size": [4, 4, 7],
              "pivot": [131.85011, 116.9801, -2.21459],
              "rotation": [152.5, 0, -77.5],
              "uv": [212, 54]
            }
          ]
        },
        {
          "name": "bone22",
          "parent": "bone20",
          "pivot": [131.85011, 129.4701, 0.78541],
          "cubes": [
            {
              "origin": [128.88011, 114.32773, -9.1328],
              "size": [6, 16, 7],
              "pivot": [131.85011, 129.4701, -2.21459],
              "rotation": [-152.5, 0, 77.5],
              "uv": [0, 521]
            },
            {
              "origin": [129.82011, 112.32773, -7.1328],
              "size": [4, 4, 7],
              "pivot": [131.85011, 129.4701, -2.21459],
              "rotation": [-152.5, 0, 77.5],
              "uv": [212, 23]
            }
          ]
        },
        {
          "name": "bone23",
          "parent": "bone20",
          "pivot": [121.93, 131.9801, -1.3174],
          "cubes": [
            {
              "origin": [126.93, 134.9801, -2.8174],
              "size": [4, 4, 7],
              "pivot": [121.93, 136.9801, -1.3174],
              "rotation": [180, 0, -90],
              "uv": [210, 123]
            },
            {
              "origin": [114.93, 133.9801, -4.8174],
              "size": [14, 6, 7],
              "pivot": [121.93, 136.9801, -1.3174],
              "rotation": [180, 0, -90],
              "uv": [376, 112]
            }
          ]
        },
        {
          "name": "top_right",
          "parent": "arms",
          "pivot": [52.44827, 162.05625, -4.83115],
          "rotation": [175, 0, 155],
          "cubes": [
            {
              "origin": [69.5, 166.4101, -246.2074],
              "size": [16, 21, 16],
              "pivot": [68.74, 151.2201, -121.5124],
              "rotation": [180, 0, -90],
              "uv": [0, 437]
            },
            {
              "origin": [68.08, 139.3401, -248.0674],
              "size": [19, 27, 20],
              "pivot": [68.74, 151.2201, -121.5124],
              "rotation": [180, 0, -90],
              "uv": [236, 382]
            },
            {
              "origin": [68.47, 130.6201, -245.5674],
              "size": [16, 7, 15],
              "pivot": [68.74, 151.2201, -121.5124],
              "rotation": [180, 0, -90],
              "uv": [488, 245]
            },
            {
              "origin": [71.47, 124.6201, -242.5674],
              "size": [10, 6, 9],
              "pivot": [68.74, 151.2201, -121.5124],
              "rotation": [180, 0, -90],
              "uv": [402, 443]
            },
            {
              "origin": [66.19, 137.3401, -250.1774],
              "size": [23, 5, 24],
              "pivot": [68.74, 151.2201, -121.5124],
              "rotation": [180, 0, -90],
              "uv": [406, 0]
            }
          ]
        },
        {
          "name": "hoop",
          "parent": "top_right",
          "pivot": [68.74, 151.2201, -21.5124],
          "cubes": [
            {
              "origin": [67.33, 184.7101, -247.5674],
              "size": [20, 4, 19],
              "pivot": [68.74, 151.2201, -121.5124],
              "rotation": [180, 0, -90],
              "uv": [432, 89]
            }
          ]
        },
        {
          "name": "bone16",
          "parent": "top_right",
          "pivot": [105.93, 156.9801, -2.3174],
          "cubes": [
            {
              "origin": [106.95, 148.4501, -6.8174],
              "size": [18, 20, 10],
              "pivot": [115.45, 158.4501, -1.8174],
              "rotation": [-170, 0, -90],
              "uv": [329, 480]
            }
          ]
        },
        {
          "name": "bone17",
          "parent": "bone16",
          "pivot": [121.85011, 152.9801, -0.21459],
          "cubes": [
            {
              "origin": [118.88011, 152.12246, -10.1328],
              "size": [6, 16, 7],
              "pivot": [121.85011, 152.9801, -3.21459],
              "rotation": [152.5, 0, -77.5],
              "uv": [26, 523]
            },
            {
              "origin": [119.82011, 166.12246, -8.1328],
              "size": [4, 4, 7],
              "pivot": [121.85011, 152.9801, -3.21459],
              "rotation": [152.5, 0, -77.5],
              "uv": [234, 54]
            }
          ]
        },
        {
          "name": "bone18",
          "parent": "bone16",
          "pivot": [121.85011, 165.4701, -0.21459],
          "cubes": [
            {
              "origin": [118.88011, 150.32773, -10.1328],
              "size": [6, 16, 7],
              "pivot": [121.85011, 165.4701, -3.21459],
              "rotation": [-152.5, 0, 77.5],
              "uv": [370, 522]
            },
            {
              "origin": [119.82011, 148.32773, -8.1328],
              "size": [4, 4, 7],
              "pivot": [121.85011, 165.4701, -3.21459],
              "rotation": [-152.5, 0, 77.5],
              "uv": [116, 213]
            }
          ]
        },
        {
          "name": "bone19",
          "parent": "bone16",
          "pivot": [111.93, 167.9801, -2.3174],
          "cubes": [
            {
              "origin": [116.93, 170.9801, -3.8174],
              "size": [4, 4, 7],
              "pivot": [111.93, 172.9801, -2.3174],
              "rotation": [180, 0, -90],
              "uv": [94, 213]
            },
            {
              "origin": [104.93, 169.9801, -5.8174],
              "size": [14, 6, 7],
              "pivot": [111.93, 172.9801, -2.3174],
              "rotation": [180, 0, -90],
              "uv": [396, 225]
            }
          ]
        },
        {
          "name": "top_right3",
          "parent": "arms",
          "pivot": [52.44827, 86.05625, -5.83115],
          "rotation": [5.10912, -2.49762, -155.00238],
          "cubes": [
            {
              "origin": [69.5, 90.4101, -247.2074],
              "size": [16, 21, 16],
              "pivot": [68.74, 75.2201, -122.5124],
              "rotation": [180, 0, -90],
              "uv": [424, 231]
            },
            {
              "origin": [68.08, 63.3401, -249.0674],
              "size": [19, 27, 20],
              "pivot": [68.74, 75.2201, -122.5124],
              "rotation": [180, 0, -90],
              "uv": [346, 362]
            },
            {
              "origin": [68.47, 54.6201, -246.5674],
              "size": [16, 7, 15],
              "pivot": [68.74, 75.2201, -122.5124],
              "rotation": [180, 0, -90],
              "uv": [472, 447]
            },
            {
              "origin": [71.47, 48.6201, -243.5674],
              "size": [10, 6, 9],
              "pivot": [68.74, 75.2201, -122.5124],
              "rotation": [180, 0, -90],
              "uv": [73, 297]
            },
            {
              "origin": [66.19, 61.3401, -251.1774],
              "size": [23, 5, 24],
              "pivot": [68.74, 75.2201, -122.5124],
              "rotation": [180, 0, -90],
              "uv": [396, 196]
            },
            {
              "origin": [67.33, 108.7101, -248.5674],
              "size": [20, 4, 19],
              "pivot": [68.74, 75.2201, -122.5124],
              "rotation": [180, 0, -90],
              "uv": [409, 66]
            }
          ]
        },
        {
          "name": "bone24",
          "parent": "top_right3",
          "pivot": [105.93, 80.9801, -3.3174],
          "cubes": [
            {
              "origin": [106.95, 72.4501, -7.8174],
              "size": [18, 20, 10],
              "pivot": [115.45, 82.4501, -2.8174],
              "rotation": [-170, 0, -90],
              "uv": [62, 479]
            }
          ]
        },
        {
          "name": "bone25",
          "parent": "bone24",
          "pivot": [121.85011, 76.9801, -1.21459],
          "cubes": [
            {
              "origin": [118.88011, 76.12246, -11.1328],
              "size": [6, 16, 7],
              "pivot": [121.85011, 76.9801, -4.21459],
              "rotation": [152.5, 0, -77.5],
              "uv": [0, 291]
            },
            {
              "origin": [119.82011, 90.12246, -9.1328],
              "size": [4, 4, 7],
              "pivot": [121.85011, 76.9801, -4.21459],
              "rotation": [152.5, 0, -77.5],
              "uv": [200, 208]
            }
          ]
        },
        {
          "name": "bone26",
          "parent": "bone24",
          "pivot": [121.85011, 89.4701, -1.21459],
          "cubes": [
            {
              "origin": [118.88011, 74.32773, -11.1328],
              "size": [6, 16, 7],
              "pivot": [121.85011, 89.4701, -4.21459],
              "rotation": [-152.5, 0, 77.5],
              "uv": [0, 0]
            },
            {
              "origin": [119.82011, 72.32773, -9.1328],
              "size": [4, 4, 7],
              "pivot": [121.85011, 89.4701, -4.21459],
              "rotation": [-152.5, 0, 77.5],
              "uv": [195, 119]
            }
          ]
        },
        {
          "name": "bone27",
          "parent": "bone24",
          "pivot": [111.93, 91.9801, -3.3174],
          "cubes": [
            {
              "origin": [116.93, 94.9801, -4.8174],
              "size": [4, 4, 7],
              "pivot": [111.93, 96.9801, -3.3174],
              "rotation": [180, 0, -90],
              "uv": [173, 119]
            },
            {
              "origin": [104.93, 93.9801, -6.8174],
              "size": [14, 6, 7],
              "pivot": [111.93, 96.9801, -3.3174],
              "rotation": [180, 0, -90],
              "uv": [91, 169]
            }
          ]
        },
        {
          "name": "wholebottle",
          "pivot": [0, 0, 0]
        },
        {
          "name": "Bottle",
          "parent": "wholebottle",
          "pivot": [0, 0, 0],
          "rotation": [0, 180, 0]
        },
        {
          "name": "BottleCap",
          "parent": "Bottle",
          "pivot": [0, 17, 0],
          "cubes": [
            {
              "origin": [-2.5, 15.05, -1.5],
              "size": [5, 3, 3],
              "uv": [200, 219]
            },
            { "origin": [2.25, 15.8, -1], "size": [1, 2, 2], "uv": [19, 0] },
            { "origin": [-3.25, 15.8, -1], "size": [1, 2, 2], "uv": [0, 0] },
            {
              "origin": [-0.5, 15.55, 0.75],
              "size": [1, 1, 1],
              "uv": [20, 23]
            },
            {
              "origin": [-8.71644, 15.2763, -0.5],
              "size": [3, 1, 1],
              "pivot": [0, -0.2, -1],
              "rotation": [0, 0, 12.5],
              "uv": [8, 23]
            },
            {
              "origin": [-16.2873, 11.39339, 0],
              "size": [3, 1, 0],
              "pivot": [0, -0.2, -1],
              "rotation": [0, 0, 32.5],
              "uv": [0, 5]
            },
            {
              "origin": [5.71644, 15.2763, -0.5],
              "size": [3, 1, 1],
              "pivot": [0, -0.2, -1],
              "rotation": [0, 0, -12.5],
              "uv": [0, 23]
            },
            {
              "origin": [13.2873, 11.39339, 0],
              "size": [3, 1, 0],
              "pivot": [0, -0.2, -1],
              "rotation": [0, 0, -32.5],
              "uv": [0, 4]
            },
            { "origin": [-1, 18.3, -1], "size": [2, 3, 2], "uv": [18, 99] },
            { "origin": [-0.5, 17.55, -0.5], "size": [1, 1, 1], "uv": [16, 23] }
          ]
        },
        {
          "name": "eyes2",
          "parent": "BottleCap",
          "pivot": [0, 0, 0],
          "cubes": [
            { "origin": [0.9, 16.45, 0.6], "size": [1, 1, 1], "uv": [22, 5] },
            { "origin": [-2, 16.45, 0.6], "size": [1, 1, 1], "uv": [19, 4] }
          ]
        },
        {
          "name": "mainBottlePart",
          "parent": "Bottle",
          "pivot": [0, 0, 0],
          "cubes": [
            { "origin": [-3, 0, -3], "size": [6, 1, 6], "uv": [0, 123] },
            { "origin": [-2, 1, -2], "size": [4, 1, 4], "uv": [215, 208] },
            { "origin": [-2, 2, -2], "size": [4, 2, 4], "uv": [32, 179] },
            { "origin": [-1.5, 6.8, -2], "size": [3, 3, 4], "uv": [126, 169] },
            { "origin": [-1.5, 6.65, -2], "size": [3, 2, 4], "uv": [188, 119] },
            { "origin": [-1, 9.8, -1], "size": [2, 6, 2], "uv": [0, 99] },
            {
              "origin": [1, 1, -2],
              "size": [4, 2, 4],
              "pivot": [0, 0, 0],
              "rotation": [0, 0, -35],
              "uv": [16, 179]
            },
            {
              "origin": [3.7, -3.54, -2],
              "size": [3, 2, 4],
              "pivot": [0, 0, 0],
              "rotation": [0, 0, -90],
              "uv": [227, 54]
            },
            {
              "origin": [2.05, -7.68, -2],
              "size": [3, 2, 4],
              "pivot": [0, -0.2, 0],
              "rotation": [0, 0, -137.5],
              "uv": [200, 200]
            },
            {
              "origin": [-5.05, -7.68, -2],
              "size": [3, 2, 4],
              "pivot": [0, -0.2, 0],
              "rotation": [0, 0, 137.5],
              "uv": [109, 213]
            },
            {
              "origin": [-6.7, -3.54, -2],
              "size": [3, 2, 4],
              "pivot": [0, 0, 0],
              "rotation": [0, 0, 90],
              "uv": [227, 23]
            },
            {
              "origin": [-5, 1, -2],
              "size": [4, 2, 4],
              "pivot": [0, 0, 0],
              "rotation": [0, 0, 35],
              "uv": [0, 179]
            }
          ]
        },
        {
          "name": "rings",
          "parent": "mainBottlePart",
          "pivot": [0, 0, 0],
          "cubes": [
            {
              "origin": [-4, 0.5, -3],
              "size": [1, 3, 6],
              "pivot": [0, 0, 0],
              "rotation": [0, 0, 35],
              "uv": [157, 159]
            },
            {
              "origin": [-4, -0.25, -0.5],
              "size": [1, 1, 1],
              "pivot": [0, 0, 0],
              "rotation": [0, 0, 35],
              "uv": [6, 99]
            },
            {
              "origin": [-4.05, -8.18, -3],
              "size": [1, 3, 6],
              "pivot": [0, -0.2, 0],
              "rotation": [0, 0, 137.5],
              "uv": [18, 213]
            },
            {
              "origin": [-4.05, -9.18, -0.5],
              "size": [1, 1, 1],
              "pivot": [0, -0.2, 0],
              "rotation": [0, 0, 137.5],
              "uv": [24, 99]
            },
            {
              "origin": [-5.7, -5.04, -0.5],
              "size": [1, 1, 1],
              "pivot": [0, 0, 0],
              "rotation": [0, 0, 90],
              "uv": [8, 101]
            },
            {
              "origin": [-5.7, -4.04, -3],
              "size": [1, 3, 6],
              "pivot": [0, 0, 0],
              "rotation": [0, 0, 90],
              "uv": [200, 191]
            },
            {
              "origin": [3, 0.5, -3],
              "size": [1, 3, 6],
              "pivot": [0, 0, 0],
              "rotation": [0, 0, -35],
              "uv": [14, 237]
            },
            {
              "origin": [3, -0.25, -0.5],
              "size": [1, 1, 1],
              "pivot": [0, 0, 0],
              "rotation": [0, 0, -35],
              "uv": [8, 103]
            },
            {
              "origin": [4.7, -4.04, -3],
              "size": [1, 3, 6],
              "pivot": [0, 0, 0],
              "rotation": [0, 0, -90],
              "uv": [0, 237]
            },
            {
              "origin": [4.7, -5.04, -0.5],
              "size": [1, 1, 1],
              "pivot": [0, 0, 0],
              "rotation": [0, 0, -90],
              "uv": [26, 102]
            },
            {
              "origin": [3.05, -8.18, -3],
              "size": [1, 3, 6],
              "pivot": [0, -0.2, 0],
              "rotation": [0, 0, -137.5],
              "uv": [216, 213]
            },
            {
              "origin": [3.05, -9.18, -0.5],
              "size": [1, 1, 1],
              "pivot": [0, -0.2, 0],
              "rotation": [0, 0, -137.5],
              "uv": [27, 100]
            }
          ]
        }
      ]
    }
  ]
}
