{
  "format_version": "1.12.0",
  "minecraft:geometry": [
    {
      "description": {
        "identifier": "geometry.hoopa",
        "texture_width": 128,
        "texture_height": 128,
        "visible_bounds_width": 5,
        "visible_bounds_height": 4.5,
        "visible_bounds_offset": [0, 1.75, 0]
      },
      "bones": [
        {
          "name": "hoopa",
          "pivot": [0, 0, 0]
        },
        {
          "name": "mainthing",
          "parent": "hoopa",
          "pivot": [-1, 3, 0],
          "rotation": [0, -90, 0]
        },
        {
          "name": "positionalhead",
          "parent": "mainthing",
          "pivot": [-1, 14, -2]
        },
        {
          "name": "looky",
          "parent": "positionalhead",
          "pivot": [-0.11817, 14.3029, -1.29621],
          "rotation": [0, 87.5, 0]
        },
        {
          "name": "head",
          "parent": "looky",
          "pivot": [-0.07645, 14.3029, -1.3825],
          "rotation": [0, -87.5, 0]
        },
        {
          "name": "headwoosh",
          "parent": "head",
          "pivot": [0.17355, 14.3029, -1.3825],
          "cubes": [
            {
              "origin": [2.67355, 19.79, -3.3825],
              "size": [3, 2, 5],
              "uv": [46, 26]
            },
            {
              "origin": [1.17355, 19.29, -2.3825],
              "size": [2, 2, 3],
              "pivot": [4.92355, 1.8029, 7.8675],
              "rotation": [0, -0.43399, 9.99067],
              "uv": [10, 59]
            },
            {
              "origin": [-3.82645, 17.29, -1.3825],
              "size": [1, 1, 1],
              "pivot": [4.92355, 1.8029, 7.8675],
              "rotation": [0, -1.34295, 32.47528],
              "uv": [12, 50]
            }
          ]
        },
        {
          "name": "lefthorn",
          "parent": "headwoosh",
          "pivot": [-0.07645, 1.3029, -1.1325],
          "cubes": [
            {
              "origin": [-1.07645, -1.1971, 21.95992],
              "size": [1, 1, 1],
              "pivot": [-6.32645, 0.8029, 0.70992],
              "rotation": [75, 0, 0],
              "uv": [35, 49]
            },
            {
              "origin": [-1.57645, -1.1971, 20.45992],
              "size": [2, 2, 2],
              "pivot": [-6.32645, 0.8029, 0.70992],
              "rotation": [72.5, 0, 0],
              "uv": [21, 59]
            },
            {
              "origin": [-2.07645, 8.0529, 15.20992],
              "size": [3, 3, 3],
              "pivot": [-1.82645, 2.5529, 0.70992],
              "rotation": [45, 0, 0],
              "uv": [53, 41]
            },
            {
              "origin": [-2.57645, 14.5529, 7.20992],
              "size": [4, 3, 4],
              "pivot": [-1.82645, 2.5529, 0.70992],
              "rotation": [15, 0, 0],
              "uv": [17, 44]
            }
          ]
        },
        {
          "name": "righthorn",
          "parent": "lefthorn",
          "pivot": [-0.07645, 1.5529, -1.6325],
          "cubes": [
            {
              "origin": [-1.57645, -1.1971, -24.6325],
              "size": [2, 2, 2],
              "pivot": [-6.32645, 0.8029, -2.8825],
              "rotation": [-72.5, 0, 0],
              "uv": [21, 59]
            },
            {
              "origin": [-1.07645, -1.1971, -25.1325],
              "size": [1, 1, 1],
              "pivot": [-6.32645, 0.8029, -2.8825],
              "rotation": [-75, 0, 0],
              "uv": [35, 49]
            },
            {
              "origin": [-2.07645, 8.0529, -20.3825],
              "size": [3, 3, 3],
              "pivot": [-1.82645, 2.5529, -2.8825],
              "rotation": [-45, 0, 0],
              "uv": [53, 41]
            },
            {
              "origin": [-2.57645, 14.5529, -13.3825],
              "size": [4, 3, 4],
              "pivot": [-1.82645, 2.5529, -2.8825],
              "rotation": [-15, 0, 0],
              "uv": [17, 44]
            }
          ]
        },
        {
          "name": "facering",
          "parent": "righthorn",
          "pivot": [-0.07645, 3.0529, -1.6325],
          "cubes": [
            {
              "origin": [-4.08645, 18.78, -2.1325],
              "size": [0, 3, 2],
              "uv": [0, 33]
            }
          ]
        },
        {
          "name": "face",
          "parent": "facering",
          "pivot": [-0.07645, 3.8029, -1.6325],
          "cubes": [
            {
              "origin": [-4.08645, 15.0529, -4.6325],
              "size": [0, 1, 7],
              "uv": [27, 45]
            },
            {
              "origin": [-4.08645, 14.0529, -3.6325],
              "size": [0, 1, 5],
              "uv": [52, 52]
            }
          ]
        },
        {
          "name": "eyes",
          "parent": "face",
          "pivot": [-6.32645, 3.0529, -0.3825],
          "rotation": [0, -90, 0],
          "cubes": [
            {
              "origin": [-12.08645, 16.4, -4.68629],
              "size": [1, 3, 3],
              "pivot": [-7.95828, 2.5, 0.66371],
              "rotation": [0, -90, 0],
              "uv": [29, 60]
            },
            {
              "origin": [-11.09645, 16.8029, -3.93629],
              "size": [0, 2, 2],
              "pivot": [-7.95828, 2.5, 0.66371],
              "rotation": [0, -90, 0],
              "uv": [30, 21]
            },
            {
              "origin": [-3.08011, 16.4, -4.68629],
              "size": [1, 3, 3],
              "pivot": [-6.20828, 2.5, 0.66371],
              "rotation": [0, 90, 0],
              "uv": [0, 19]
            },
            {
              "origin": [-3.07011, 16.8029, -3.93629],
              "size": [0, 2, 2],
              "pivot": [-6.20828, 2.5, 0.66371],
              "rotation": [0, 90, 0],
              "uv": [25, 0]
            }
          ]
        },
        {
          "name": "eyebrows",
          "parent": "face",
          "pivot": [-5.57645, 18.0529, -4.3825],
          "rotation": [0, -90, 0],
          "cubes": [
            {
              "origin": [-3.57645, 17.8029, -11.98629],
              "size": [1, 1, 4],
              "pivot": [-1.07645, 2.5529, -4.1325],
              "rotation": [0, -90, -15],
              "uv": [28, 54]
            },
            {
              "origin": [-3.34011, 18.2, -10.73629],
              "size": [1, 1, 4],
              "pivot": [-4.84011, 2.5529, -4.1325],
              "rotation": [0, 90, 15],
              "uv": [55, 16]
            }
          ]
        },
        {
          "name": "headshape",
          "parent": "facering",
          "pivot": [-0.07645, 4.0529, -1.8825],
          "cubes": [
            {
              "origin": [-3.57645, 14.7529, -6.8825],
              "size": [6, 6, 2],
              "uv": [19, 35]
            },
            {
              "origin": [-3.57645, 14.7529, 2.6175],
              "size": [6, 6, 2],
              "uv": [36, 40]
            },
            {
              "origin": [-4.07645, 13.8029, -6.1325],
              "size": [7, 8, 10],
              "uv": [0, 0]
            }
          ]
        },
        {
          "name": "headring",
          "parent": "headwoosh",
          "pivot": [-0.57645, 20.5529, 5.1175],
          "cubes": [
            {
              "origin": [1.42355, 13.8529, 4.8675],
              "size": [1, 7, 1],
              "uv": [0, 0]
            },
            {
              "origin": [-17.62828, 1.3029, 4.8675],
              "size": [1, 4, 1],
              "pivot": [-0.32645, 3.5529, 11.6175],
              "rotation": [0, 0, 90],
              "uv": [0, 0]
            },
            {
              "origin": [-3.57645, 13.8529, 4.8675],
              "size": [1, 7, 1],
              "uv": [0, 0]
            },
            {
              "origin": [-11.62645, 1.3029, 4.8675],
              "size": [1, 4, 1],
              "pivot": [-0.32645, 3.5529, 11.6175],
              "rotation": [0, 0, 90],
              "uv": [2, 0]
            }
          ]
        },
        {
          "name": "headring2",
          "parent": "headwoosh",
          "pivot": [-1.32645, 20.5529, -7.3825],
          "cubes": [
            {
              "origin": [-3.57645, 13.8029, -8.1325],
              "size": [1, 7, 1],
              "uv": [5, 0]
            },
            {
              "origin": [1.42355, 13.8029, -8.1325],
              "size": [1, 7, 1],
              "uv": [0, 0]
            },
            {
              "origin": [-11.32645, 1.0529, -8.13629],
              "size": [1, 4, 1],
              "pivot": [-0.07645, 3.5529, -14.1325],
              "rotation": [0, 0, 90],
              "uv": [63, 28]
            },
            {
              "origin": [-17.32645, 1.0529, -8.13629],
              "size": [1, 4, 1],
              "pivot": [-0.07645, 3.5529, -14.1325],
              "rotation": [0, 0, 90],
              "uv": [63, 28]
            }
          ]
        },
        {
          "name": "body",
          "parent": "mainthing",
          "pivot": [-0.11817, 12.3029, -1.29621],
          "cubes": [
            {
              "origin": [-4.85727, 12.13998, -4.65231],
              "size": [1, 1, 3],
              "pivot": [-2.11817, 3.0529, -2.79621],
              "rotation": [-152.5, -2.5, 180],
              "uv": [58, 59]
            },
            {
              "origin": [0.01, 10.65933, -1.45923],
              "size": [1, 1, 3],
              "pivot": [-3.88183, 3.0529, -2.79621],
              "rotation": [27.5, 2.5, 0],
              "uv": [49, 59]
            },
            {
              "origin": [-6.86817, 13.3029, -2.29621],
              "size": [3, 2, 6],
              "pivot": [-3, 3, -0.25],
              "rotation": [-180, 0, 180],
              "uv": [0, 33]
            },
            {
              "origin": [-7.86817, 8.3029, -3.26],
              "size": [5, 5, 8],
              "pivot": [-3, 3, -0.25],
              "rotation": [-180, 0, 180],
              "uv": [0, 19]
            }
          ]
        },
        {
          "name": "tail",
          "parent": "body",
          "pivot": [-0.11817, 3.0529, -1.54621],
          "cubes": [
            {
              "origin": [-2.61817, 7.8029, -3.76],
              "size": [4, 1, 5],
              "uv": [38, 12]
            },
            {
              "origin": [-2.11817, 6.0029, -3.26],
              "size": [3, 2, 4],
              "uv": [44, 19]
            },
            {
              "origin": [-3.21384, 6.28387, -2.79621],
              "size": [4, 2, 3],
              "pivot": [-2.61817, 3.0529, -1.29621],
              "rotation": [0, 0, 22.5],
              "uv": [0, 50]
            },
            {
              "origin": [1.41446, 4.55076, -2.29621],
              "size": [3, 2, 2],
              "pivot": [-2.61817, 3.0529, -1.29621],
              "rotation": [0, 0, -7.5],
              "uv": [58, 52]
            }
          ]
        },
        {
          "name": "bodyring",
          "parent": "tail",
          "pivot": [-0.11817, 3.0529, -1.54621],
          "cubes": [
            {
              "origin": [2.5, 8.3029, -5.29621],
              "size": [1, 1, 7],
              "pivot": [-1.36817, 3.0529, -1.04621],
              "rotation": [0, -90, 0],
              "uv": [38, 3]
            },
            {
              "origin": [-5.61817, 8.3029, -5.79621],
              "size": [1, 1, 9],
              "pivot": [-1.36817, 3.0529, -1.04621],
              "rotation": [-180, 0, 180],
              "uv": [26, 10]
            },
            {
              "origin": [-4.11817, 8.3029, -6.29621],
              "size": [1, 1, 10],
              "uv": [18, 24]
            },
            {
              "origin": [-6.61817, 8.3029, -5.29621],
              "size": [1, 1, 6],
              "pivot": [-1.36817, 3.0529, -1.04621],
              "rotation": [0, -90, 0],
              "uv": [37, 32]
            }
          ]
        },
        {
          "name": "arm_left",
          "parent": "bodyring",
          "pivot": [-0.11817, 9.8029, 4.45379],
          "cubes": [
            {
              "origin": [-0.38183, 11.5529, -4.79621],
              "size": [1, 1, 1],
              "pivot": [0.61817, 3.3029, -1.79621],
              "rotation": [-150, 2.5, 180],
              "uv": [39, 0]
            },
            {
              "origin": [-1.38183, 10.8029, -6.54621],
              "size": [3, 3, 3],
              "pivot": [0.61817, 3.3029, -1.79621],
              "rotation": [-145, 2.5, 180],
              "uv": [15, 52]
            },
            {
              "origin": [-1.88183, 10.3029, -10.29621],
              "size": [4, 4, 5],
              "pivot": [0.61817, 3.3029, -1.79621],
              "rotation": [-145, 2.5, 180],
              "uv": [25, 0]
            },
            {
              "origin": [-1.88183, 15.5529, -8.04621],
              "size": [4, 1, 2],
              "pivot": [0.61817, 3.3029, -1.79621],
              "rotation": [-125, 2.5, 180],
              "uv": [39, 57]
            },
            {
              "origin": [-1.88183, 16.8029, -1.29621],
              "size": [4, 1, 2],
              "pivot": [0.61817, 3.3029, -1.79621],
              "rotation": [-90, 2.5, -180],
              "uv": [0, 56]
            },
            {
              "origin": [-8.63183, 8.5529, -7.54621],
              "size": [1, 1, 2],
              "pivot": [0.61817, 3.3029, -1.79621],
              "rotation": [-142.32202, 53.29424, 133.02476],
              "uv": [13, 33]
            },
            {
              "origin": [-2.38183, 9.8029, -9.04621],
              "size": [5, 5, 2],
              "pivot": [0.61817, 3.3029, -1.79621],
              "rotation": [-145, 2.5, 180],
              "uv": [48, 0]
            }
          ]
        },
        {
          "name": "arm_right",
          "parent": "bodyring",
          "pivot": [0.38183, 9.8029, -7.04621],
          "cubes": [
            {
              "origin": [0.13183, 11.5529, -3.54621],
              "size": [1, 1, 1],
              "pivot": [0.13183, 3.3029, -0.54621],
              "rotation": [30, 0, 0],
              "uv": [46, 34]
            },
            {
              "origin": [-0.86817, 10.8029, -5.29621],
              "size": [3, 3, 3],
              "pivot": [0.13183, 3.3029, -0.54621],
              "rotation": [35, 0, 0],
              "uv": [53, 34]
            },
            {
              "origin": [-1.36817, 10.3029, -9.04621],
              "size": [4, 4, 5],
              "pivot": [0.13183, 3.3029, -0.54621],
              "rotation": [35, 0, 0],
              "uv": [30, 21]
            },
            {
              "origin": [-1.36817, 15.5529, -6.79621],
              "size": [4, 1, 2],
              "pivot": [0.13183, 3.3029, -0.54621],
              "rotation": [55, 0, 0],
              "uv": [58, 24]
            },
            {
              "origin": [-1.36817, 16.8029, -0.04621],
              "size": [4, 1, 2],
              "pivot": [0.13183, 3.3029, -0.54621],
              "rotation": [90, 0, 0],
              "uv": [57, 48]
            },
            {
              "origin": [8.38183, 8.5529, -6.29621],
              "size": [1, 1, 2],
              "pivot": [0.13183, 3.3029, -0.54621],
              "rotation": [40.61755, 51.55114, -44.64508],
              "uv": [13, 42]
            },
            {
              "origin": [-1.86817, 9.8029, -7.79621],
              "size": [5, 5, 2],
              "pivot": [0.13183, 3.3029, -0.54621],
              "rotation": [35, 0, 0],
              "uv": [42, 49]
            }
          ]
        }
      ]
    }
  ]
}
