{
  "format_version": "1.12.0",
  "minecraft:geometry": [
    {
      "description": {
        "identifier": "geometry.spectrier",
        "texture_width": 256,
        "texture_height": 256,
        "visible_bounds_width": 14,
        "visible_bounds_height": 7.5,
        "visible_bounds_offset": [0, 3.25, 0]
      },
      "bones": [
        {
          "name": "root",
          "pivot": [0, 0, 0]
        },
        {
          "name": "spectrier",
          "parent": "root",
          "pivot": [0, 0, 0],
          "rotation": [-12, 0, 0]
        },
        {
          "name": "bone2",
          "parent": "spectrier",
          "pivot": [-1.9, 39.3, 11.7],
          "rotation": [15, 0, 0]
        },
        {
          "name": "bone4",
          "parent": "bone2",
          "pivot": [13.7, 29.4, 30.1]
        },
        {
          "name": "leg_b_right",
          "parent": "bone4",
          "pivot": [8.5125, 16.38477, 40.71807],
          "cubes": [
            {
              "origin": [5.2, 9.3, 33.9],
              "size": [7, 7, 7],
              "inflate": -1,
              "pivot": [5.2, 4.3, 34.9],
              "rotation": [22, 0, 0],
              "uv": [197, 96]
            },
            {
              "origin": [5.2, 20.69194, 28.67938],
              "size": [7, 17, 8],
              "inflate": -0.2,
              "pivot": [12.2, 27.6, 30.4],
              "rotation": [29, 0, 0],
              "uv": [166, 0]
            },
            {
              "origin": [5.2, 13.00043, 30.42443],
              "size": [7, 15, 7],
              "inflate": -0.7,
              "pivot": [12.2, 18.7, 31.4],
              "rotation": [-5, 0, 0],
              "uv": [171, 180]
            },
            {
              "origin": [4.2, 29.76042, 23.71103],
              "size": [8, 20, 13],
              "pivot": [12.2, 39.8, 27.7],
              "rotation": [8, 0, 0],
              "uv": [124, 0]
            },
            {
              "origin": [5, 1.3, 29.1],
              "size": [7, 5, 7],
              "inflate": -0.5,
              "pivot": [5, -3.7, 30.1],
              "rotation": [-1, 0, 0],
              "uv": [128, 202]
            },
            {
              "origin": [8.4, 1.3, 46.2],
              "size": [0, 13, 19],
              "pivot": [4.4, -3.7, 47.2],
              "rotation": [6, 0, 0],
              "uv": [85, 131]
            },
            {
              "origin": [8.4, 3.9, 62.2],
              "size": [0, 11, 19],
              "uv": [106, 63]
            },
            {
              "origin": [8.4, 1.3, 32.1],
              "size": [0, 10, 14],
              "pivot": [4.4, -3.7, 33.1],
              "rotation": [-1, 0, 0],
              "uv": [164, 98]
            }
          ]
        },
        {
          "name": "leg_f_right",
          "parent": "bone4",
          "pivot": [13.3, 13, -8.4],
          "cubes": [
            {
              "origin": [6.3, 3.96042, -13.38897],
              "size": [7, 4, 7],
              "inflate": -0.5,
              "pivot": [13.3, 13, -11.4],
              "rotation": [-3, 0, 0],
              "uv": [211, 36]
            }
          ]
        },
        {
          "name": "bone6",
          "parent": "leg_f_right",
          "pivot": [13.3, 18.6, -10.9],
          "cubes": [
            {
              "origin": [6.3, 31.96042, -13.28897],
              "size": [7, 16, 14],
              "uv": [0, 137]
            }
          ]
        },
        {
          "name": "bone7",
          "parent": "bone6",
          "pivot": [13.3, 34.1, -9.9],
          "cubes": [
            {
              "origin": [6.3, 24.26042, -11.88897],
              "size": [7, 14, 10],
              "inflate": -0.2,
              "pivot": [13.3, 32.3, -10.9],
              "rotation": [-15, 0, 0],
              "uv": [155, 156]
            }
          ]
        },
        {
          "name": "bone8",
          "parent": "bone7",
          "pivot": [13.3, 17.5, -11.8],
          "rotation": [-7, 0, 0],
          "cubes": [
            {
              "origin": [6.3, 12.91156, -13.88811],
              "size": [7, 16, 8],
              "inflate": -1,
              "pivot": [13.3, 23, -10.5],
              "rotation": [2, 0, 0],
              "uv": [30, 172]
            }
          ]
        },
        {
          "name": "bone9",
          "parent": "bone8",
          "pivot": [13.3, 17.5, -11.9],
          "rotation": [-2, 0, 0],
          "cubes": [
            {
              "origin": [6.3, 9.66974, -15.02779],
              "size": [7, 7, 8],
              "inflate": -1.5,
              "pivot": [13.3, 18.3, -11.7],
              "rotation": [23, 0, 0],
              "uv": [189, 40]
            }
          ]
        },
        {
          "name": "leg_f_left",
          "parent": "bone4",
          "pivot": [-13.4, 13, -8.4],
          "cubes": [
            {
              "origin": [-13.4, 3.96042, -13.38897],
              "size": [7, 4, 7],
              "inflate": -0.5,
              "pivot": [-13.4, 13, -11.4],
              "rotation": [-3, 0, 0],
              "uv": [205, 182]
            }
          ]
        },
        {
          "name": "bone11",
          "parent": "leg_f_left",
          "pivot": [-13.4, 18.6, -10.9],
          "cubes": [
            {
              "origin": [-13.4, 31.96042, -13.28897],
              "size": [7, 16, 14],
              "uv": [123, 136]
            }
          ]
        },
        {
          "name": "bone12",
          "parent": "bone11",
          "pivot": [-13.4, 34.1, -9.9],
          "cubes": [
            {
              "origin": [-13.4, 24.26042, -11.88897],
              "size": [7, 14, 10],
              "inflate": -0.2,
              "pivot": [-13.4, 32.3, -10.9],
              "rotation": [-15, 0, 0],
              "uv": [155, 33]
            }
          ]
        },
        {
          "name": "bone13",
          "parent": "bone12",
          "pivot": [-13.4, 17.5, -12],
          "rotation": [-6, 0, 0],
          "cubes": [
            {
              "origin": [-13.4, 12.93599, -14.08875],
              "size": [7, 16, 8],
              "inflate": -1,
              "pivot": [-13.4, 23, -10.7],
              "rotation": [2, 0, 0],
              "uv": [0, 167]
            }
          ]
        },
        {
          "name": "bone14",
          "parent": "bone13",
          "pivot": [-13.4, 17.5, -12.1],
          "rotation": [-2, 0, 0],
          "cubes": [
            {
              "origin": [-13.4, 9.69305, -15.22045],
              "size": [7, 7, 8],
              "inflate": -1.5,
              "pivot": [-13.4, 18.3, -11.9],
              "rotation": [23, 0, 0],
              "uv": [179, 25]
            }
          ]
        },
        {
          "name": "leg_b_left",
          "parent": "bone4",
          "pivot": [15.7, 29.4, 30.1],
          "cubes": [
            {
              "origin": [-11.5, 29.76042, 23.71103],
              "size": [8, 20, 13],
              "pivot": [-11.5, 39.8, 27.7],
              "rotation": [8, 0, 0],
              "uv": [95, 117]
            },
            {
              "origin": [-11.6, 20.69194, 28.37938],
              "size": [7, 17, 8],
              "inflate": -0.2,
              "pivot": [-11.6, 27.6, 30.1],
              "rotation": [29, 0, 0],
              "uv": [84, 163]
            },
            {
              "origin": [-11.5, 13.00043, 30.42443],
              "size": [7, 15, 7],
              "inflate": -0.7,
              "pivot": [-11.5, 18.7, 31.4],
              "rotation": [-5, 0, 0],
              "uv": [143, 180]
            },
            {
              "origin": [-11.5, 9.3, 33.9],
              "size": [7, 7, 7],
              "inflate": -1,
              "pivot": [-4.5, 4.3, 34.9],
              "rotation": [22, 0, 0],
              "uv": [192, 195]
            },
            {
              "origin": [-11.3, 1.3, 29.1],
              "size": [7, 5, 7],
              "inflate": -0.5,
              "pivot": [-4.3, -3.7, 30.1],
              "rotation": [-1, 0, 0],
              "uv": [40, 202]
            },
            {
              "origin": [-7.9, 1.3, 32.1],
              "size": [0, 10, 14],
              "pivot": [-11.9, -3.7, 33.1],
              "rotation": [-1, 0, 0],
              "uv": [164, 98]
            },
            {
              "origin": [-7.9, 1.3, 46.1],
              "size": [0, 13, 19],
              "pivot": [-11.9, -3.7, 47.1],
              "rotation": [6, 0, 0],
              "uv": [85, 131]
            },
            {
              "origin": [-7.9, 3.9, 62.5],
              "size": [0, 11, 19],
              "uv": [106, 63]
            }
          ]
        },
        {
          "name": "bodymain",
          "parent": "spectrier",
          "pivot": [-0.5, 38.8, -16.4],
          "rotation": [9, 0, 0]
        },
        {
          "name": "bone3",
          "parent": "bodymain",
          "pivot": [-1.5, 34.8, 12.5],
          "rotation": [5, 0, 0],
          "cubes": [
            {
              "origin": [-9.5, 32.82149, 6.39846],
              "size": [19, 12, 15],
              "inflate": -0.01,
              "pivot": [-1.5, 33.6, 10.4],
              "rotation": [-6, 0, 0],
              "uv": [71, 19]
            },
            {
              "origin": [-9.5, 31.13277, 20.83854],
              "size": [19, 16, 14],
              "inflate": 1,
              "pivot": [-1.5, 36.1, 26.3],
              "rotation": [-4, 0, 0],
              "uv": [0, 71]
            },
            {
              "origin": [-9.5, 35.83277, 7.03854],
              "size": [19, 11, 17],
              "pivot": [-1.5, 34.8, 12.5],
              "rotation": [8, 0, 0],
              "uv": [65, 54]
            }
          ]
        },
        {
          "name": "bone34",
          "parent": "bone3",
          "pivot": [-1.5, 35.8, 28.2],
          "rotation": [-52, 0, 0],
          "cubes": [
            {
              "origin": [-3.5, 42.33277, 24.53854],
              "size": [7, 7, 15],
              "pivot": [-1.5, 38.3, 30],
              "rotation": [38, 0, 0],
              "uv": [144, 71]
            },
            {
              "origin": [-5.5, 45.43277, 34.83854],
              "size": [11, 12, 13],
              "pivot": [-1.5, 42.4, 40.3],
              "rotation": [24, 0, 0],
              "uv": [120, 46]
            },
            {
              "origin": [-5.5, 43.93277, 40.83854],
              "size": [11, 13, 13],
              "inflate": -0.1,
              "pivot": [-1.5, 41.9, 46.3],
              "rotation": [-1, 0, 0],
              "uv": [37, 125]
            },
            {
              "origin": [-4.5, 47.43277, 52.43854],
              "size": [9, 9, 11],
              "inflate": -0.3,
              "pivot": [-1.5, 41.4, 55.9],
              "rotation": [19, 0, 0],
              "uv": [151, 129]
            },
            {
              "origin": [-3.5, 54.03277, 60.83854],
              "size": [7, 7, 12],
              "inflate": -0.3,
              "pivot": [-1.5, 46, 66.3],
              "rotation": [35, 0, 0],
              "uv": [159, 93]
            },
            {
              "origin": [-0.1, 58.93277, 66.33854],
              "size": [0, 12, 20],
              "pivot": [-1.1, 52.9, 71.8],
              "rotation": [35, 0, 0],
              "uv": [124, 97]
            }
          ]
        },
        {
          "name": "bone35",
          "parent": "bone34",
          "pivot": [-1.5, 59.8, 70],
          "rotation": [17, 0, 0]
        },
        {
          "name": "bone",
          "parent": "bodymain",
          "pivot": [-0.5, 41.2, -16.4],
          "rotation": [-8, 0, 0]
        },
        {
          "name": "bone5",
          "parent": "bone",
          "pivot": [-1.5, 32.8, -3.3],
          "cubes": [
            {
              "origin": [-10.5, 37.98773, -11.06422],
              "size": [21, 12, 22],
              "inflate": 1,
              "pivot": [-1.5, 36.8, -7],
              "rotation": [-4, 0, 0],
              "uv": [0, 0]
            },
            {
              "origin": [-8.5, 33.03568, -17.07462],
              "size": [17, 7, 12],
              "inflate": -0.01,
              "pivot": [-0.5, 41.2, -16.4],
              "rotation": [78.5, 0, 0],
              "uv": [64, 0]
            },
            {
              "origin": [-8.5, 42.9865, -13.66355],
              "size": [17, 7, 12],
              "pivot": [-0.5, 43.1, -16.7],
              "rotation": [-63.5, 0, 0],
              "uv": [50, 106]
            },
            {
              "origin": [-8.5, 30.77275, -11.07583],
              "size": [17, 13, 24],
              "inflate": -0.01,
              "pivot": [-1.5, 32.8, -3.3],
              "rotation": [17, 0, 0],
              "uv": [0, 34]
            }
          ]
        },
        {
          "name": "bone10",
          "parent": "bone",
          "pivot": [-0.5, 43.7, -7.4],
          "rotation": [23, 0, 0],
          "cubes": [
            {
              "origin": [-6.5, 36.53568, -10.77462],
              "size": [13, 11, 13.6],
              "inflate": -0.01,
              "pivot": [-0.5, 43.7, -10.1],
              "rotation": [101.5, 0, 0],
              "uv": [107, 93]
            },
            {
              "origin": [-4.5, 51.93568, -12.67462],
              "size": [9, 9, 12],
              "inflate": 0.2,
              "pivot": [-0.5, 57.1, -12],
              "rotation": [101.5, 0, 0],
              "uv": [42, 151]
            },
            {
              "origin": [-6.5, 37.53568, -8.07462],
              "size": [13, 10, 14],
              "inflate": -0.02,
              "pivot": [-0.5, 43.7, -7.4],
              "rotation": [107.5, 0, 0],
              "uv": [66, 82]
            }
          ]
        },
        {
          "name": "bone15",
          "parent": "bone10",
          "pivot": [-0.5, 64.4, -17.3],
          "cubes": [
            {
              "origin": [-6.5, 60.93568, -16.67462],
              "size": [13, 15, 12],
              "pivot": [-0.5, 69.1, -15],
              "rotation": [94.5, 0, 0],
              "uv": [0, 101]
            },
            {
              "origin": [-0.8, 58.73568, -8.77462],
              "size": [9, 12, 0],
              "pivot": [5.2, 63.9, -18.1],
              "rotation": [93.54881, -2.76871, 37.91421],
              "uv": [146, 93]
            },
            {
              "origin": [-8.2, 58.83568, -9.87462],
              "size": [9, 12, 0],
              "pivot": [-5.2, 64, -19.2],
              "rotation": [93.54881, 2.76871, -37.91421],
              "uv": [38, 101]
            },
            {
              "origin": [-4.6, 63.33568, -27.57462],
              "size": [9, 14, 6],
              "pivot": [-0.6, 70.5, -25.9],
              "rotation": [108.58524, -2.10128, 0.63143],
              "uv": [173, 57]
            },
            {
              "origin": [-3.6, 69.3265, -9.25905],
              "size": [7, 16, 2],
              "inflate": 0.2,
              "pivot": [-0.6, 67, -12.6],
              "rotation": [104.5, 0, 0],
              "uv": [44, 230]
            }
          ]
        },
        {
          "name": "bone21",
          "parent": "bone15",
          "pivot": [3, 81.4, -24.9],
          "cubes": [
            {
              "origin": [-0.2, 67.9901, -36.60873],
              "size": [4, 2, 4],
              "pivot": [0.8, 79.7, -33.4],
              "rotation": [94.5, 0, 0],
              "uv": [52, 78]
            },
            {
              "origin": [1.4753, 78.54122, -31.09589],
              "size": [4, 0, 6],
              "pivot": [6, 79.4, -24],
              "rotation": [43.9688, -9.39256, -17.73757],
              "uv": [58, 6]
            },
            {
              "origin": [3.14126, 77.39566, -33.93261],
              "size": [4, 0, 6],
              "pivot": [7.9, 77.8, -25.5],
              "rotation": [72.77035, -40.59636, -9.84811],
              "uv": [58, 0]
            },
            {
              "origin": [5.72982, 71.70399, -35.49178],
              "size": [4, 0, 8],
              "pivot": [10.2, 71.9, -26.1],
              "rotation": [75.09204, -57.60301, -6.38765],
              "uv": [50, 34]
            },
            {
              "origin": [-0.8, 69.2901, -25.70873],
              "size": [4, 4, 5],
              "inflate": -0.5,
              "pivot": [0.2, 81, -22.5],
              "rotation": [90.5, 0, 0],
              "uv": [0, 128]
            },
            {
              "origin": [-1, 65.9901, -30.90873],
              "size": [4, 8, 5],
              "pivot": [0, 79.7, -27.7],
              "rotation": [94.5, 0, 0],
              "uv": [72, 125]
            },
            {
              "origin": [-1.5247, 80.9858, -28.22237],
              "size": [6, 0, 4],
              "pivot": [3, 81.4, -22.9],
              "rotation": [62.9688, -9.39256, -17.73757],
              "uv": [0, 17]
            }
          ]
        },
        {
          "name": "bone32",
          "parent": "bone15",
          "pivot": [-4.5, 83.5, -15],
          "cubes": [
            {
              "origin": [-0.75525, 76.33981, -15.84579],
              "size": [10, 0, 11],
              "pivot": [4.6, 81.1, -14.5],
              "rotation": [97.62628, 53.7576, 6.16347],
              "uv": [47, 46]
            },
            {
              "origin": [-6.05525, 76.33981, -12.44579],
              "size": [10, 0, 11],
              "pivot": [-0.7, 81.1, -11.1],
              "rotation": [-105.93544, 73.39516, 164.69732],
              "uv": [47, 46]
            },
            {
              "origin": [-9.83481, 75.87648, -15.84579],
              "size": [10, 0, 11],
              "pivot": [-4.3, 81.1, -14.5],
              "rotation": [96.35094, -44.82365, -4.48618],
              "uv": [99, 0]
            },
            {
              "origin": [-4.33481, 75.87648, -12.14579],
              "size": [10, 0, 11],
              "pivot": [1.2, 81.1, -10.8],
              "rotation": [-109.28297, -76.25587, -161.23],
              "uv": [99, 0]
            }
          ]
        },
        {
          "name": "bone33",
          "parent": "bone15",
          "pivot": [-9.82477, 82.69226, -6.37202],
          "cubes": [
            {
              "origin": [-7, 73.99129, -17.53756],
              "size": [14, 14, 4],
              "pivot": [-0.5, 79.9, -15],
              "rotation": [94.5, 0, 0],
              "uv": [114, 166]
            },
            {
              "origin": [-2.58354, 89.70372, -9.41148],
              "size": [7, 4, 3],
              "inflate": -0.1,
              "pivot": [9.92477, 82.69226, -6.97202],
              "rotation": [121.71753, -63.25704, 56.02729],
              "uv": [98, 46]
            },
            {
              "origin": [-4.01646, 89.70372, -9.41148],
              "size": [7, 4, 3],
              "inflate": -0.1,
              "pivot": [-9.52477, 82.69226, -6.97202],
              "rotation": [121.71753, 63.25704, -56.02729],
              "uv": [78, 46]
            }
          ]
        },
        {
          "name": "bone19",
          "parent": "bone10",
          "pivot": [-0.5, 41.5, -11.8]
        },
        {
          "name": "bone17",
          "parent": "bone19",
          "pivot": [-6.1, 79, -15.9],
          "rotation": [0.99663, -66.19681, -11.79155],
          "cubes": [
            {
              "origin": [-5.64531, 43.07862, -0.69378],
              "size": [6, 11, 5],
              "inflate": -0.8,
              "pivot": [-2.64531, 48.57862, 1.80622],
              "rotation": [28.41566, -8.27768, 14.9008],
              "uv": [217, 221]
            },
            {
              "origin": [-4.34531, 58.30629, -9.48696],
              "size": [6, 12, 5],
              "inflate": -0.11,
              "pivot": [-1.34531, 64.30629, -6.98696],
              "rotation": [28.14449, -9.22532, 16.68282],
              "uv": [212, 148]
            },
            {
              "origin": [-5.44531, 50.30629, -4.98696],
              "size": [6, 12, 5],
              "inflate": -0.4,
              "pivot": [-2.44531, 56.30629, -2.48696],
              "rotation": [29.19677, 4.41799, -7.8488],
              "uv": [211, 19]
            },
            {
              "origin": [-4.95469, 67.13593, -15.19454],
              "size": [8, 14, 5],
              "inflate": -0.1,
              "pivot": [-0.95469, 74.13593, -12.69454],
              "rotation": [35.7864, 7.84451, -3.41821],
              "uv": [60, 183]
            }
          ]
        },
        {
          "name": "bone23",
          "parent": "bone17",
          "pivot": [0.05864, 44.03943, 5.52031],
          "rotation": [0, 0, -19],
          "cubes": [
            {
              "origin": [-13.14531, 20.48629, 12.05988],
              "size": [10, 24, 0],
              "pivot": [-8.14531, 32.48629, 12.05988],
              "rotation": [27.51035, -11.09318, 20.27645],
              "uv": [196, 0]
            },
            {
              "origin": [-8.44531, 32.17111, 6.35925],
              "size": [6, 11, 5],
              "inflate": -0.8,
              "pivot": [-5.44531, 37.67111, 8.85925],
              "rotation": [25.12878, -15.98345, 30.41559],
              "uv": [62, 224]
            },
            {
              "origin": [-6.34531, 39.06004, 3.23652],
              "size": [6, 9, 5],
              "inflate": -0.5,
              "pivot": [-3.34531, 43.56004, 5.73652],
              "rotation": [29.5, 0, 0],
              "uv": [230, 122]
            }
          ]
        },
        {
          "name": "bone18",
          "parent": "bone19",
          "pivot": [-6.4, 79.1, -10.7],
          "rotation": [55.06553, -82.25626, -75.20892],
          "cubes": [
            {
              "origin": [-12.63974, 67.52969, -10.96102],
              "size": [8, 14, 5],
              "inflate": -0.1,
              "pivot": [-8.63974, 74.52969, -8.46102],
              "rotation": [37.76533, -6.84178, 12.24359],
              "uv": [187, 117]
            },
            {
              "origin": [-14.83974, 60.30004, -5.55344],
              "size": [6, 12, 5],
              "inflate": -0.11,
              "pivot": [-11.83974, 66.30004, -3.05344],
              "rotation": [25.3842, -15.55677, 29.47581],
              "uv": [200, 209]
            },
            {
              "origin": [-16.83974, 53.40004, -1.05344],
              "size": [6, 12, 5],
              "inflate": -0.4,
              "pivot": [-13.83974, 59.40004, 1.44656],
              "rotation": [42.48504, 0.9847, -1.74088],
              "uv": [178, 209]
            }
          ]
        },
        {
          "name": "bone31",
          "parent": "bone18",
          "pivot": [-15.42477, 55.99226, 3.32798],
          "rotation": [11, 0, 19],
          "cubes": [
            {
              "origin": [-17.73974, 42.4538, 6.97004],
              "size": [6, 9, 5],
              "inflate": -0.5,
              "pivot": [-14.73974, 46.9538, 9.47004],
              "rotation": [28.41566, 8.27768, -14.9008],
              "uv": [194, 226]
            },
            {
              "origin": [-17.13974, 34.56487, 10.49277],
              "size": [6, 11, 5],
              "inflate": -0.8,
              "pivot": [-14.13974, 40.06487, 12.99277],
              "rotation": [29.3653, -2.95045, 5.22676],
              "uv": [220, 193]
            },
            {
              "origin": [-16.43974, 22.48005, 16.1934],
              "size": [10, 24, 0],
              "pivot": [-11.43974, 34.48005, 16.1934],
              "rotation": [27.99746, 9.6959, -17.57735],
              "uv": [192, 163]
            },
            {
              "origin": [-17.83974, 47.27238, 3.73973],
              "size": [6, 11, 5],
              "inflate": -0.8,
              "pivot": [-14.83974, 52.77238, 6.23973],
              "rotation": [28.86672, -6.35977, 11.36157],
              "uv": [150, 219]
            }
          ]
        },
        {
          "name": "bone24",
          "parent": "bone19",
          "pivot": [2.2, 77.79642, -9.39164],
          "rotation": [20.05676, 25.80912, -9.18463]
        },
        {
          "name": "bone25",
          "parent": "bone24",
          "pivot": [-1.44275, 50.14236, -7.69993],
          "rotation": [1.25315, 40.96515, 6.26227],
          "cubes": [
            {
              "origin": [-4.44275, 41.32989, -9.06958],
              "size": [6, 11, 5],
              "inflate": -0.8,
              "pivot": [-1.44275, 46.82989, -6.56958],
              "rotation": [29.5, 0, 0],
              "uv": [85, 219]
            },
            {
              "origin": [-4.04275, 12.03757, 1.38408],
              "size": [10, 24, 0],
              "pivot": [0.95725, 24.03757, 1.38408],
              "rotation": [13.5, 14, 0],
              "uv": [0, 191]
            },
            {
              "origin": [-2.94275, 27.32238, -2.71655],
              "size": [6, 11, 5],
              "inflate": -0.8,
              "pivot": [0.05725, 32.82238, -0.21655],
              "rotation": [5.94651, 17.06729, -20.52364],
              "uv": [216, 0]
            },
            {
              "origin": [-4.44275, 35.21132, -5.13928],
              "size": [6, 9, 5],
              "inflate": -0.5,
              "pivot": [-1.44275, 39.71132, -2.63928],
              "rotation": [29.5, 0, 0],
              "uv": [172, 226]
            }
          ]
        },
        {
          "name": "bone26",
          "parent": "bone24",
          "pivot": [5.35725, 79.64236, -0.09993],
          "rotation": [-23.47657, -14.58788, 8.97954],
          "cubes": [
            {
              "origin": [-3.64275, 63.6872, -6.77034],
              "size": [8, 14, 5],
              "inflate": -0.1,
              "pivot": [0.35725, 70.6872, -4.27034],
              "rotation": [29.3653, -2.95045, 5.22676],
              "uv": [186, 144]
            },
            {
              "origin": [-3.74275, 55.25756, -3.46276],
              "size": [6, 12, 5],
              "inflate": -0.11,
              "pivot": [-0.74275, 61.25756, -0.96276],
              "rotation": [14.24453, 2.73833, -10.65778],
              "uv": [208, 131]
            },
            {
              "origin": [-2.64275, 47.25756, -0.16276],
              "size": [6, 12, 5],
              "inflate": -0.4,
              "pivot": [0.35725, 53.25756, 2.33724],
              "rotation": [36.39561, 2.97167, -4.02289],
              "uv": [68, 207]
            }
          ]
        },
        {
          "name": "bone27",
          "parent": "bone19",
          "pivot": [7.3, 78.2, -10.2],
          "rotation": [-57.97514, 83.41642, -38.26626],
          "cubes": [
            {
              "origin": [5.43974, 65.84583, -14.28555],
              "size": [8, 14, 5],
              "inflate": -0.1,
              "pivot": [10.82477, 77.79226, -11.87202],
              "rotation": [35.31663, -3.44046, 6.09983],
              "uv": [109, 184]
            },
            {
              "origin": [4.2758, 58.32305, -7.82805],
              "size": [6, 12, 5],
              "inflate": -0.11,
              "pivot": [7.92477, 68.29226, -4.47202],
              "rotation": [28.41566, 8.27768, -14.9008],
              "uv": [106, 203]
            },
            {
              "origin": [6.23974, 50.54265, -1.79511],
              "size": [6, 12, 5],
              "inflate": -0.4,
              "pivot": [9.23974, 57.50004, 1.24656],
              "rotation": [29.04683, -5.3914, 9.60238],
              "uv": [203, 55]
            }
          ]
        },
        {
          "name": "bone30",
          "parent": "bone27",
          "pivot": [17.42477, 55.29226, 3.02798],
          "rotation": [10, 0, -19],
          "cubes": [
            {
              "origin": [6.03974, 42.14273, 4.69277],
              "size": [6, 9, 5],
              "inflate": -0.5,
              "pivot": [9.03974, 49.2538, 8.67004],
              "rotation": [28.14449, -9.22532, 16.68282],
              "uv": [107, 225]
            },
            {
              "origin": [3.13974, 34.86487, 9.69277],
              "size": [6, 11, 5],
              "inflate": -0.8,
              "pivot": [6.13974, 40.36487, 12.19277],
              "rotation": [28.86672, -6.35977, 11.36157],
              "uv": [0, 215]
            },
            {
              "origin": [1.83974, 22.98005, 15.3934],
              "size": [10, 24, 0],
              "pivot": [6.83974, 34.98005, 15.3934],
              "rotation": [29.46634, 1.47676, -2.61165],
              "uv": [86, 188]
            },
            {
              "origin": [5.73974, 47.27238, 2.73973],
              "size": [6, 11, 5],
              "inflate": -0.8,
              "pivot": [8.73974, 52.77238, 5.23973],
              "rotation": [29.31663, 3.44046, -6.09983],
              "uv": [128, 214]
            }
          ]
        },
        {
          "name": "bone28",
          "parent": "bone19",
          "pivot": [6.3, 79, -17],
          "rotation": [6.11607, 65.67499, 14.12662],
          "cubes": [
            {
              "origin": [-2.65469, 43.27862, -1.79378],
              "size": [6, 11, 5],
              "inflate": -0.8,
              "pivot": [0.34531, 48.77862, 0.70622],
              "rotation": [28.41566, 8.27768, -14.9008],
              "uv": [40, 214]
            },
            {
              "origin": [-3.95469, 66.73593, -15.59454],
              "size": [8, 14, 5],
              "inflate": -0.1,
              "pivot": [0.04531, 73.73593, -13.09454],
              "rotation": [29.31663, -3.44046, 6.09983],
              "uv": [60, 183]
            },
            {
              "origin": [-2.95469, 58.30629, -10.58696],
              "size": [6, 12, 5],
              "inflate": -0.11,
              "pivot": [0.04531, 64.30629, -8.08696],
              "rotation": [28.76533, 6.84178, -12.24359],
              "uv": [156, 202]
            },
            {
              "origin": [-2.65469, 50.30629, -6.08696],
              "size": [6, 12, 5],
              "inflate": -0.4,
              "pivot": [0.34531, 56.30629, -3.58696],
              "rotation": [28.41566, -8.27768, 14.9008],
              "uv": [0, 0]
            }
          ]
        },
        {
          "name": "bone29",
          "parent": "bone28",
          "pivot": [0.14136, 44.03943, 3.82031],
          "rotation": [-10, 0, 19],
          "cubes": [
            {
              "origin": [1.54531, 21.38629, 8.25988],
              "size": [10, 24, 0],
              "pivot": [6.54531, 33.38629, 8.25988],
              "rotation": [25.87162, 14.69164, -27.60788],
              "uv": [0, 34]
            },
            {
              "origin": [0.44531, 32.57111, 3.45925],
              "size": [6, 11, 5],
              "inflate": -0.8,
              "pivot": [3.44531, 38.07111, 5.95925],
              "rotation": [25.63181, 15.12613, -28.53994],
              "uv": [214, 72]
            },
            {
              "origin": [-2.05469, 38.76004, 0.73652],
              "size": [6, 9, 5],
              "inflate": -0.5,
              "pivot": [0.94531, 43.26004, 3.23652],
              "rotation": [29.5, 0, 0],
              "uv": [218, 88]
            }
          ]
        },
        {
          "name": "bone20",
          "parent": "bone19",
          "pivot": [-2.8, 76.89642, -11.09164],
          "rotation": [19.33436, -42.06896, -9.09641]
        },
        {
          "name": "bone22",
          "parent": "bone20",
          "pivot": [-3.31211, 38.33123, 5.71781],
          "cubes": [
            {
              "origin": [-5.21211, 39.91876, -3.75184],
              "size": [6, 11, 5],
              "inflate": -0.8,
              "pivot": [-2.21211, 45.41876, -1.25184],
              "rotation": [29.19677, 4.41799, -7.8488],
              "uv": [22, 225]
            },
            {
              "origin": [-11.31211, 13.72643, 6.20183],
              "size": [10, 24, 0],
              "pivot": [-6.31211, 25.72643, 6.20183],
              "rotation": [13.68476, -4.28895, 2.56453],
              "uv": [20, 196]
            },
            {
              "origin": [-9.01211, 27.21125, 2.1012],
              "size": [6, 11, 5],
              "inflate": -0.8,
              "pivot": [-6.01211, 32.71125, 4.6012],
              "rotation": [7.65206, -5.62704, 17.12558],
              "uv": [225, 47]
            },
            {
              "origin": [-6.41211, 34.80018, 0.17847],
              "size": [6, 9, 5],
              "inflate": -0.5,
              "pivot": [-3.41211, 39.30018, 2.67847],
              "rotation": [27.84276, -10.16415, 18.47438],
              "uv": [129, 230]
            }
          ]
        },
        {
          "name": "bone16",
          "parent": "bone20",
          "pivot": [-3.61211, 83.43123, -0.58219],
          "rotation": [-11, 17, 0],
          "cubes": [
            {
              "origin": [-3.31211, 65.07607, -8.75259],
              "size": [8, 14, 5],
              "inflate": -0.1,
              "pivot": [0.68789, 72.07607, -6.25259],
              "rotation": [19.33097, 24.71355, 8.34374],
              "uv": [188, 77]
            },
            {
              "origin": [-1.61211, 55.24642, -5.44501],
              "size": [6, 12, 5],
              "inflate": -0.11,
              "pivot": [1.38789, 61.24642, -2.94501],
              "rotation": [24.46398, 1.33978, -2.68955],
              "uv": [213, 110]
            },
            {
              "origin": [-3.31211, 47.04642, -0.64501],
              "size": [6, 12, 5],
              "inflate": -0.4,
              "pivot": [-0.31211, 53.04642, 1.85499],
              "rotation": [33.17718, -12.82262, 21.60727],
              "uv": [212, 165]
            }
          ]
        }
      ]
    }
  ]
}
