{
  "format_version": "1.12.0",
  "minecraft:geometry": [
    {
      "description": {
        "identifier": "geometry.volcanion",
        "texture_width": 256,
        "texture_height": 256,
        "visible_bounds_width": 22,
        "visible_bounds_height": 6.5,
        "visible_bounds_offset": [0, 2.75, 0]
      },
      "bones": [
        {
          "name": "volcanion",
          "pivot": [0, 0, 0]
        },
        {
          "name": "body",
          "parent": "volcanion",
          "pivot": [0, 24, -4]
        },
        {
          "name": "leg_backleft_joint",
          "parent": "body",
          "pivot": [8.04357, 17, 12],
          "cubes": [
            {
              "origin": [5.52989, 13.07189, 7.5],
              "size": [4, 8, 9],
              "uv": [211, 198]
            }
          ]
        },
        {
          "name": "leg_backleft",
          "parent": "leg_backleft_joint",
          "pivot": [8.54357, 17, 12],
          "rotation": [0, 0, 47.5],
          "cubes": [
            {
              "origin": [5.72989, 15.12189, 9.5],
              "size": [11, 4, 5],
              "uv": [208, 215]
            }
          ]
        },
        {
          "name": "leg_backleft2",
          "parent": "leg_backleft",
          "pivot": [14.18525, 16.97952, 11.6],
          "rotation": [0, 0, -47.5],
          "cubes": [
            {
              "origin": [12.72989, 4.12189, 6.5],
              "size": [11, 15, 11],
              "uv": [202, 224]
            },
            {
              "origin": [21.72989, 17.37189, 9.5],
              "size": [5, 7, 5],
              "pivot": [21.22989, 20.62189, 12],
              "rotation": [0, 0, 47.5],
              "uv": [236, 222]
            },
            {
              "origin": [21.72989, 4.12189, -0.5],
              "size": [0, 5, 7],
              "uv": [232, 244]
            },
            {
              "origin": [17.97989, 4.12189, -0.5],
              "size": [0, 5, 7],
              "uv": [217, 244]
            },
            {
              "origin": [14.72989, 4.12189, -0.5],
              "size": [0, 5, 7],
              "uv": [202, 244]
            }
          ]
        },
        {
          "name": "leg_backright_joint",
          "parent": "body",
          "pivot": [-8.04357, 17, 12],
          "cubes": [
            {
              "origin": [-9.52989, 13.07189, 7.5],
              "size": [4, 8, 9],
              "uv": [19, 196]
            }
          ]
        },
        {
          "name": "leg_backright",
          "parent": "leg_backright_joint",
          "pivot": [-8.54357, 17, 12],
          "rotation": [0, 0, -47.5],
          "cubes": [
            {
              "origin": [-16.72989, 15.12189, 9.5],
              "size": [11, 4, 5],
              "uv": [16, 214]
            }
          ]
        },
        {
          "name": "leg_backright2",
          "parent": "leg_backright",
          "pivot": [-14.18525, 16.97952, 11.6],
          "rotation": [0, 0, 47.5],
          "cubes": [
            {
              "origin": [-23.72989, 4.12189, 6.5],
              "size": [11, 15, 11],
              "uv": [10, 224]
            },
            {
              "origin": [-26.72989, 17.37189, 9.5],
              "size": [5, 7, 5],
              "pivot": [-21.22989, 20.62189, 12],
              "rotation": [0, 0, -47.5],
              "uv": [0, 222]
            },
            {
              "origin": [-21.72989, 4.12189, -0.5],
              "size": [0, 5, 7],
              "uv": [10, 244]
            },
            {
              "origin": [-17.97989, 4.12189, -0.5],
              "size": [0, 5, 7],
              "uv": [25, 244]
            },
            {
              "origin": [-14.72989, 4.12189, -0.5],
              "size": [0, 5, 7],
              "uv": [40, 244]
            }
          ]
        },
        {
          "name": "torso",
          "parent": "body",
          "pivot": [0.01697, 24.89286, -4.69034],
          "cubes": [
            {
              "origin": [-7.5, 31, -18.46916],
              "size": [15, 14, 15],
              "uv": [0, 0]
            },
            {
              "origin": [-3.5, 44, -14.46916],
              "size": [7, 8, 7],
              "uv": [60, 14]
            },
            {
              "origin": [-12.5, 14, -23.46916],
              "size": [25, 21, 25],
              "uv": [0, 29]
            },
            {
              "origin": [-12.725, 8, -10.81916],
              "size": [25, 8, 0],
              "pivot": [-0.16857, 5.5, -11],
              "rotation": [0, 90, 0],
              "uv": [124, 21]
            },
            {
              "origin": [-12.5, 8, -10.96916],
              "size": [25, 8, 0],
              "uv": [174, 21]
            },
            {
              "origin": [-12.5, 35, -10.96916],
              "size": [25, 21, 0],
              "uv": [124, 0]
            },
            {
              "origin": [-12.75, 35, -10.81916],
              "size": [25, 21, 0],
              "pivot": [-0.16857, 45.5, -11],
              "rotation": [0, 90, 0],
              "uv": [174, 0]
            },
            {
              "origin": [-7.5, 11, -18.46916],
              "size": [15, 4, 15],
              "uv": [0, 75]
            }
          ]
        },
        {
          "name": "shell_front_left",
          "parent": "torso",
          "pivot": [10.2384, 17.20172, -21.22766],
          "cubes": [
            {
              "origin": [7.96381, 13.14298, -21.45307],
              "size": [4, 2, 3],
              "pivot": [8.96381, 13.64298, -19.95307],
              "rotation": [0, 45, 0],
              "uv": [137, 251]
            },
            {
              "origin": [7.6, 14, -23.06916],
              "size": [5, 7, 5],
              "pivot": [9, 17.5, -21.96916],
              "rotation": [26.56505, 37.76124, 39.23152],
              "uv": [134, 239]
            },
            {
              "origin": [7.73843, 19.01218, -25.62769],
              "size": [5, 3, 3],
              "pivot": [13.13843, 23.01218, -24.12769],
              "rotation": [0, 45, 0],
              "uv": [136, 233]
            }
          ]
        },
        {
          "name": "shell_back_left",
          "parent": "torso",
          "pivot": [10.2384, 17.20172, -0.77234],
          "cubes": [
            {
              "origin": [7.96381, 13.14298, -3.54693],
              "size": [4, 2, 3],
              "pivot": [8.96381, 13.64298, -2.04693],
              "rotation": [0, -45, 0],
              "uv": [137, 224]
            },
            {
              "origin": [7.6, 14, -3.93084],
              "size": [5, 7, 5],
              "pivot": [9, 17.5, -0.03084],
              "rotation": [-26.56505, -37.76124, 39.23152],
              "uv": [134, 212]
            },
            {
              "origin": [7.73843, 19.01218, 0.62769],
              "size": [5, 3, 3],
              "pivot": [13.13843, 23.01218, 2.12769],
              "rotation": [0, -45, 0],
              "uv": [136, 206]
            }
          ]
        },
        {
          "name": "shell_back_right",
          "parent": "torso",
          "pivot": [-10.2384, 17.20172, -0.77234],
          "cubes": [
            {
              "origin": [-11.96381, 13.14298, -3.54693],
              "size": [4, 2, 3],
              "pivot": [-8.96381, 13.64298, -2.04693],
              "rotation": [0, 45, 0],
              "uv": [106, 224]
            },
            {
              "origin": [-12.6, 14, -3.93084],
              "size": [5, 7, 5],
              "pivot": [-9, 17.5, -0.03084],
              "rotation": [-26.56505, 37.76124, -39.23152],
              "uv": [103, 212]
            },
            {
              "origin": [-12.73843, 19.01218, 0.62769],
              "size": [5, 3, 3],
              "pivot": [-13.13843, 23.01218, 2.12769],
              "rotation": [0, 45, 0],
              "uv": [105, 206]
            }
          ]
        },
        {
          "name": "shell_front_right",
          "parent": "torso",
          "pivot": [-10.2384, 17.20172, -21.22766],
          "cubes": [
            {
              "origin": [-11.96381, 13.14298, -21.45307],
              "size": [4, 2, 3],
              "pivot": [-8.96381, 13.64298, -19.95307],
              "rotation": [0, -45, 0],
              "uv": [106, 251]
            },
            {
              "origin": [-12.6, 14, -23.06916],
              "size": [5, 7, 5],
              "pivot": [-9, 17.5, -21.96916],
              "rotation": [26.56505, -37.76124, -39.23152],
              "uv": [103, 239]
            },
            {
              "origin": [-12.73843, 19.01218, -25.62769],
              "size": [5, 3, 3],
              "pivot": [-13.13843, 23.01218, -24.12769],
              "rotation": [0, -45, 0],
              "uv": [105, 233]
            }
          ]
        },
        {
          "name": "neck",
          "parent": "torso",
          "pivot": [-0.04357, 24.5, -22.5],
          "cubes": [
            {
              "origin": [-5.54357, 19.5, -25.5],
              "size": [11, 11, 5],
              "pivot": [-0.04357, 25, -24.5],
              "rotation": [0, 0, 45],
              "uv": [81, 91]
            }
          ]
        },
        {
          "name": "head",
          "parent": "neck",
          "pivot": [0, 24, -25.71916]
        },
        {
          "name": "head_bot",
          "parent": "head",
          "pivot": [-0.01452, 21.72222, -26.09934],
          "cubes": [
            {
              "origin": [-6.54357, 20, -32],
              "size": [13, 4, 7],
              "inflate": 0.002,
              "uv": [40, 95]
            },
            {
              "origin": [6.33143, 23.75, -31.65],
              "size": [0, 1, 6],
              "inflate": 0.001,
              "pivot": [6.33143, 24.25, -31.65],
              "rotation": [0, -2.5, 0],
              "uv": [48, 120]
            },
            {
              "origin": [-6.33143, 23.75, -31.65],
              "size": [0, 1, 6],
              "inflate": 0.001,
              "pivot": [-6.33143, 24.25, -31.65],
              "rotation": [0, 2.5, 0],
              "uv": [0, 120]
            },
            {
              "origin": [5.45643, 20, -29],
              "size": [2, 5, 3],
              "inflate": 0.003,
              "uv": [70, 107]
            },
            {
              "origin": [7.45643, 20, -27.5],
              "size": [3, 4, 0],
              "uv": [74, 96]
            },
            {
              "origin": [-7.45643, 20, -29],
              "size": [2, 5, 3],
              "inflate": 0.003,
              "uv": [40, 107]
            },
            {
              "origin": [-10.45643, 20, -27.5],
              "size": [3, 4, 0],
              "inflate": 0.001,
              "uv": [40, 96]
            }
          ]
        },
        {
          "name": "head_bot2",
          "parent": "head_bot",
          "pivot": [0.13105, 22, -31.81066],
          "cubes": [
            {
              "origin": [-4.54357, 20, -36.5],
              "size": [9, 4, 9],
              "inflate": 0.001,
              "pivot": [-0.04357, 24.5, -32],
              "rotation": [0, -45, 0],
              "uv": [42, 107]
            },
            {
              "origin": [-0.04357, 20, -42],
              "size": [0, 3, 5],
              "uv": [0, 107]
            },
            {
              "origin": [-4.25, 23.75, -36.25],
              "size": [9, 1, 0],
              "inflate": 0.001,
              "pivot": [0, 24.25, -32],
              "rotation": [0, -45, 0],
              "uv": [30, 126]
            },
            {
              "origin": [-4.25, 23.75, -36.25],
              "size": [0, 1, 9],
              "inflate": 0.001,
              "pivot": [0, 24.25, -32],
              "rotation": [0, -45, 0],
              "uv": [12, 117]
            },
            {
              "origin": [-6.38105, 20, -34.97487],
              "size": [0, 3, 4],
              "pivot": [-6.38105, 22, -32.06066],
              "rotation": [0, 65, 0],
              "uv": [31, 108]
            },
            {
              "origin": [6.38105, 20, -34.97487],
              "size": [0, 3, 4],
              "pivot": [6.38105, 22, -32.06066],
              "rotation": [0, -65, 0],
              "uv": [81, 108]
            }
          ]
        },
        {
          "name": "head_top",
          "parent": "head",
          "pivot": [-4.95643, 28, -28],
          "cubes": [
            {
              "origin": [6.33143, 22.25, -31.65],
              "size": [0, 2, 6],
              "inflate": 0.002,
              "uv": [48, 117]
            },
            {
              "origin": [-4.29357, 22.75, -36.25],
              "size": [9, 2, 0],
              "inflate": 0.002,
              "pivot": [-0.04357, 24.25, -32],
              "rotation": [0, -45, 0],
              "uv": [30, 123]
            },
            {
              "origin": [-4.70643, 22.75, -36.25],
              "size": [9, 2, 0],
              "inflate": 0.002,
              "pivot": [0.04357, 24.25, -32],
              "rotation": [0, 45, 0],
              "uv": [12, 123]
            },
            {
              "origin": [-6.33143, 22.25, -31.65],
              "size": [0, 2, 6],
              "inflate": 0.002,
              "uv": [0, 117]
            },
            {
              "origin": [-4.54357, 24, -37],
              "size": [9, 6, 9],
              "inflate": 0.003,
              "pivot": [-0.04357, 25.5, -32.5],
              "rotation": [0, -45, 0],
              "uv": [2, 107]
            },
            {
              "origin": [-0.5, 28.9, -35.14914],
              "size": [8, 2, 0],
              "pivot": [3.81268, 26.9, -35.14914],
              "rotation": [7.31253, -45, -10.36836],
              "uv": [125, 59]
            },
            {
              "origin": [-0.5, 28, -35.39914],
              "size": [8, 1, 1],
              "inflate": 0.003,
              "pivot": [3.81268, 27, -35.14914],
              "rotation": [7.43656, -44.5119, -10.54684],
              "uv": [124, 61]
            },
            {
              "origin": [-7.5, 28, -35.39914],
              "size": [8, 1, 1],
              "inflate": 0.003,
              "pivot": [-3.81268, 27, -35.14914],
              "rotation": [7.43656, 44.5119, 10.54684],
              "uv": [100, 61]
            },
            {
              "origin": [-7.5, 28.9, -35.14914],
              "size": [8, 2, 0],
              "pivot": [-3.81268, 26.9, -35.14914],
              "rotation": [7.31253, 45, 10.36836],
              "uv": [101, 59]
            },
            {
              "origin": [-4.54357, 23, -37],
              "size": [1, 1, 0],
              "inflate": 0.003,
              "pivot": [-0.04357, 25.5, -32.5],
              "rotation": [0, -45, 0],
              "uv": [120, 62]
            },
            {
              "origin": [-4.04357, 24.5, -37.025],
              "size": [1, 1, 0],
              "pivot": [-0.04357, 26.75, -32.5],
              "rotation": [0, -45, 0],
              "uv": [6, 110]
            },
            {
              "origin": [3.04357, 24.5, -37.075],
              "size": [1, 1, 0],
              "pivot": [0.04357, 26.75, -32.5],
              "rotation": [0, 45, 0],
              "uv": [2, 110],
              "mirror": true
            },
            {
              "origin": [2.45643, 21, -37],
              "size": [2, 3, 0],
              "inflate": 0.003,
              "pivot": [-0.04357, 25.5, -32.5],
              "rotation": [0, -45, 0],
              "uv": [34, 97]
            },
            {
              "origin": [-4.54357, 23, -37],
              "size": [0, 1, 1],
              "inflate": 0.003,
              "pivot": [-0.04357, 25.5, -32.5],
              "rotation": [0, -45, 0],
              "uv": [120, 59]
            },
            {
              "origin": [-4.54357, 21, -30],
              "size": [0, 3, 2],
              "inflate": 0.003,
              "pivot": [-0.04357, 25.5, -32.5],
              "rotation": [0, -45, 0],
              "uv": [2, 95]
            },
            {
              "origin": [-6.54357, 24, -32.5],
              "size": [13, 6, 7],
              "inflate": 0.0035,
              "uv": [0, 94]
            },
            {
              "origin": [2.45643, 26, -31.5],
              "size": [4, 7, 6],
              "inflate": 0.003,
              "pivot": [4.95643, 28, -28],
              "rotation": [-10, 0, 55],
              "uv": [78, 76]
            },
            {
              "origin": [-6.45643, 26, -31.5],
              "size": [4, 7, 6],
              "inflate": 0.003,
              "pivot": [-4.95643, 28, -28],
              "rotation": [-10, 0, -55],
              "uv": [58, 76]
            },
            {
              "origin": [-6.45643, 33, -30.5],
              "size": [2, 5, 4],
              "inflate": 0.003,
              "pivot": [-4.95643, 28, -28],
              "rotation": [-10, 0, -55],
              "uv": [46, 76]
            },
            {
              "origin": [4.45643, 33, -30.5],
              "size": [2, 5, 4],
              "inflate": 0.003,
              "pivot": [4.95643, 28, -28],
              "rotation": [-10, 0, 55],
              "uv": [98, 76]
            }
          ]
        },
        {
          "name": "eyes",
          "parent": "head_top",
          "pivot": [-3.56268, 27, -35.39914]
        },
        {
          "name": "eyes_left",
          "parent": "eyes",
          "pivot": [3.56268, 27, -35.39914],
          "cubes": [
            {
              "origin": [1, 24.95, -35.14914],
              "size": [7, 4, 0],
              "pivot": [3.81268, 26.9, -35.14914],
              "rotation": [7.08267, -45, -10.02835],
              "uv": [126, 63]
            },
            {
              "origin": [2, 26.45, -35.17414],
              "size": [2, 2, 0],
              "pivot": [3.81268, 26.9, -35.14914],
              "rotation": [7.08267, -45, -10.02835],
              "uv": [121, 65]
            }
          ]
        },
        {
          "name": "pupil_left",
          "parent": "eyes_left",
          "pivot": [3.14931, 27.49901, -35.75611],
          "rotation": [7.0827, -45, -10.0283],
          "cubes": [
            {
              "origin": [2.64931, 26.99901, -35.75611],
              "size": [1, 1, 0],
              "inflate": 0.1,
              "uv": [122, 64]
            }
          ]
        },
        {
          "name": "eyes_right",
          "parent": "eyes",
          "pivot": [-3.56268, 27, -35.39914],
          "cubes": [
            {
              "origin": [-8, 24.95, -35.14914],
              "size": [7, 4, 0],
              "pivot": [-3.81268, 26.9, -35.14914],
              "rotation": [7.08267, 45, 10.02835],
              "uv": [102, 63]
            },
            {
              "origin": [-4, 26.45, -35.17414],
              "size": [2, 2, 0],
              "pivot": [-3.81268, 26.9, -35.14914],
              "rotation": [7.08267, 45, 10.02835],
              "uv": [117, 65]
            }
          ]
        },
        {
          "name": "pupil_right",
          "parent": "eyes_right",
          "pivot": [-3.14931, 27.49901, -35.75611],
          "rotation": [7.0827, 45, 10.0283],
          "cubes": [
            {
              "origin": [-3.64931, 26.99901, -35.75611],
              "size": [1, 1, 0],
              "inflate": 0.1,
              "uv": [118, 64]
            }
          ]
        },
        {
          "name": "waist",
          "parent": "torso",
          "pivot": [-0.04357, 22, 1.5],
          "cubes": [
            {
              "origin": [-7.54357, 16, 1],
              "size": [15, 12, 5],
              "uv": [111, 68]
            }
          ]
        },
        {
          "name": "hip",
          "parent": "waist",
          "pivot": [-0.04357, 21.5, 5.5],
          "cubes": [
            {
              "origin": [-8.54357, 12, 5.5],
              "size": [17, 17, 13],
              "uv": [75, 17]
            },
            { "origin": [-4.54357, 27, 7.5], "size": [9, 6, 9], "uv": [87, 1] },
            {
              "origin": [-5.54357, 10, 7.5],
              "size": [11, 2, 9],
              "uv": [100, 47]
            },
            {
              "origin": [-5.48772, 29, 12.08143],
              "size": [11, 10, 0],
              "uv": [47, 0]
            },
            {
              "origin": [-28.75, 29, -10.81916],
              "size": [11, 10, 0],
              "pivot": [-0.16857, 45.5, -11],
              "rotation": [0, 90, 0],
              "uv": [70, 0]
            }
          ]
        },
        {
          "name": "tail",
          "parent": "hip",
          "pivot": [-0.04357, 21.5, 18.5],
          "cubes": [
            {
              "origin": [-4.54357, 17, 18.5],
              "size": [9, 9, 8],
              "uv": [135, 33]
            }
          ]
        },
        {
          "name": "tail2",
          "parent": "tail",
          "pivot": [-0.04357, 23.37993, 26.40363],
          "cubes": [
            {
              "origin": [-2.54357, 18, 25.5],
              "size": [5, 7, 10],
              "uv": [177, 31]
            },
            {
              "origin": [-2.54357, 24, 25.5],
              "size": [5, 3, 8],
              "inflate": 0.1,
              "pivot": [-0.04357, 24.5, 30.5],
              "rotation": [12.5, 0, 0],
              "uv": [161, 30]
            }
          ]
        },
        {
          "name": "tail3",
          "parent": "tail2",
          "pivot": [-0.04357, 21.5, 35.5],
          "cubes": [
            {
              "origin": [-1.54357, 20, 34.5],
              "size": [3, 4, 10],
              "uv": [207, 31]
            }
          ]
        },
        {
          "name": "arms",
          "parent": "torso",
          "pivot": [35.04357, 22.5, -11]
        },
        {
          "name": "arm_left",
          "parent": "arms",
          "pivot": [13.5, 31, -10.96916],
          "cubes": [
            {
              "origin": [12.5, 27.5, -15.46916],
              "size": [2, 9, 9],
              "inflate": 0.2,
              "uv": [15, 162]
            },
            {
              "origin": [9.5, 27.5, -15.46916],
              "size": [3, 9, 9],
              "uv": [0, 171]
            }
          ]
        },
        {
          "name": "arm_left2",
          "parent": "arm_left",
          "pivot": [14.25, 31.75, -10.96916],
          "cubes": [
            {
              "origin": [19.5, 25.5, -14.46916],
              "size": [7, 4, 7],
              "uv": [41, 191]
            },
            {
              "origin": [14.5, 27.5, -15.46916],
              "size": [9, 9, 9],
              "inflate": 0.025,
              "uv": [28, 171]
            }
          ]
        },
        {
          "name": "hole_left1",
          "parent": "arm_left2",
          "pivot": [23.5, 32, -15.56916],
          "cubes": [
            {
              "origin": [19, 28, -15.56916],
              "size": [8, 8, 0],
              "uv": [56, 171]
            }
          ]
        },
        {
          "name": "arm_left3",
          "parent": "arm_left2",
          "pivot": [23.5, 32, -10.96916],
          "cubes": [
            {
              "origin": [23.5, 27.5, -15.46916],
              "size": [9, 9, 9],
              "inflate": 0.026,
              "uv": [64, 171]
            }
          ]
        },
        {
          "name": "arm_left4",
          "parent": "arm_left3",
          "pivot": [33.5, 32, -10.96916],
          "cubes": [
            {
              "origin": [32.5, 27.5, -15.46916],
              "size": [2, 9, 9],
              "inflate": 0.2,
              "uv": [91, 162]
            }
          ]
        },
        {
          "name": "arm_left5",
          "parent": "arm_left4",
          "pivot": [34.5, 32, -10.96916],
          "cubes": [
            {
              "origin": [34.5, 27.5, -15.46916],
              "size": [9, 9, 9],
              "inflate": 0.05,
              "uv": [104, 171]
            },
            {
              "origin": [39.5, 25.5, -14.46916],
              "size": [7, 4, 7],
              "uv": [120, 190]
            }
          ]
        },
        {
          "name": "hole_left2",
          "parent": "arm_left5",
          "pivot": [43.5, 32, -15.56916],
          "cubes": [
            {
              "origin": [39, 28, -15.56916],
              "size": [8, 8, 0],
              "uv": [132, 171]
            }
          ]
        },
        {
          "name": "arm_left6",
          "parent": "arm_left5",
          "pivot": [43.5, 32, -10.96916],
          "cubes": [
            {
              "origin": [43.5, 27.5, -15.46916],
              "size": [9, 9, 9],
              "inflate": 0.055,
              "uv": [140, 171]
            }
          ]
        },
        {
          "name": "arm_left7",
          "parent": "arm_left6",
          "pivot": [53.5, 32, -10.96916],
          "cubes": [
            {
              "origin": [52.5, 27.5, -15.46916],
              "size": [2, 9, 9],
              "inflate": 0.2,
              "uv": [167, 162]
            }
          ]
        },
        {
          "name": "arm_left8",
          "parent": "arm_left7",
          "pivot": [53.75, 32.25, -10.96916],
          "cubes": [
            {
              "origin": [54.5, 27.5, -15.46916],
              "size": [13, 9, 9],
              "inflate": 0.102,
              "uv": [180, 171]
            },
            {
              "origin": [59.5, 25.5, -14.46916],
              "size": [7, 4, 7],
              "uv": [189, 190]
            }
          ]
        },
        {
          "name": "hole_left3",
          "parent": "arm_left8",
          "pivot": [63.5, 32, -15.56916],
          "cubes": [
            {
              "origin": [59, 28, -15.66916],
              "size": [8, 8, 0],
              "uv": [216, 171]
            }
          ]
        },
        {
          "name": "arm_left9",
          "parent": "arm_left8",
          "pivot": [67.5, 32.27713, -10.97696],
          "cubes": [
            {
              "origin": [67.5, 27.5, -15.46916],
              "size": [5, 9, 9],
              "inflate": 0.106,
              "uv": [224, 171]
            }
          ]
        },
        {
          "name": "claws_open_left",
          "parent": "arm_left9",
          "pivot": [72, 31.03617, -10.97957],
          "cubes": [
            {
              "origin": [69.5, 14.125, 12.53084],
              "size": [5, 3, 2],
              "inflate": 0.01,
              "pivot": [40.76955, -13.00551, -15.5],
              "rotation": [45, 0, 0],
              "uv": [177, 119]
            },
            {
              "origin": [69.5, 36.6, -12.5],
              "size": [5, 2, 3],
              "inflate": 0.01,
              "uv": [184, 113]
            },
            {
              "origin": [69.5, 14.15, -36.46916],
              "size": [5, 3, 2],
              "inflate": 0.01,
              "pivot": [40.76955, -13.00551, -6.5],
              "rotation": [-45, 0, 0],
              "uv": [193, 119]
            }
          ]
        },
        {
          "name": "claws_closed_left",
          "parent": "arm_left9",
          "pivot": [72.075, 32.1, -11],
          "cubes": [
            {
              "origin": [69.575, 36.6, -12.5],
              "size": [5, 2, 3],
              "inflate": 0.01,
              "uv": [184, 127]
            },
            {
              "origin": [69.575, 36.6, -12.5],
              "size": [5, 2, 3],
              "inflate": 0.01,
              "pivot": [73.075, 32.1, -11],
              "rotation": [90, 0, 0],
              "uv": [170, 130]
            },
            {
              "origin": [69.575, 36.6, -12.5],
              "size": [5, 2, 3],
              "inflate": 0.01,
              "pivot": [73.075, 32.1, -11],
              "rotation": [180, 0, 0],
              "uv": [184, 133]
            },
            {
              "origin": [69.575, 36.6, -12.5],
              "size": [5, 2, 3],
              "inflate": 0.01,
              "pivot": [73.075, 32.1, -11],
              "rotation": [-90, 0, 0],
              "uv": [198, 130]
            }
          ]
        },
        {
          "name": "arm_right",
          "parent": "arms",
          "pivot": [-13.5, 31, -10.96916],
          "cubes": [
            {
              "origin": [-14.5, 27.5, -15.46916],
              "size": [2, 9, 9],
              "inflate": 0.2,
              "uv": [219, 130]
            },
            {
              "origin": [-12.5, 27.5, -15.46916],
              "size": [3, 9, 9],
              "uv": [232, 139]
            }
          ]
        },
        {
          "name": "arm_right2",
          "parent": "arm_right",
          "pivot": [-14.25, 31.75, -10.96916],
          "cubes": [
            {
              "origin": [-26.5, 25.5, -14.46916],
              "size": [7, 4, 7],
              "uv": [189, 158]
            },
            {
              "origin": [-23.5, 27.5, -15.46916],
              "size": [9, 9, 9],
              "inflate": 0.025,
              "uv": [192, 139]
            }
          ]
        },
        {
          "name": "hole_right1",
          "parent": "arm_right2",
          "pivot": [-23.5, 32, -15.56916],
          "cubes": [
            {
              "origin": [-27, 28, -15.56916],
              "size": [8, 8, 0],
              "uv": [184, 139]
            }
          ]
        },
        {
          "name": "arm_right3",
          "parent": "arm_right2",
          "pivot": [-23.5, 32, -10.96916],
          "cubes": [
            {
              "origin": [-32.5, 27.5, -15.46916],
              "size": [9, 9, 9],
              "inflate": 0.026,
              "uv": [156, 139]
            }
          ]
        },
        {
          "name": "arm_right4",
          "parent": "arm_right3",
          "pivot": [-33.5, 32, -10.96916],
          "cubes": [
            {
              "origin": [-34.5, 27.5, -15.46916],
              "size": [2, 9, 9],
              "inflate": 0.2,
              "uv": [143, 130]
            }
          ]
        },
        {
          "name": "arm_right5",
          "parent": "arm_right4",
          "pivot": [-34.5, 32, -10.96916],
          "cubes": [
            {
              "origin": [-43.5, 27.5, -15.46916],
              "size": [9, 9, 9],
              "inflate": 0.05,
              "uv": [116, 139]
            },
            {
              "origin": [-46.5, 25.5, -14.46916],
              "size": [7, 4, 7],
              "uv": [120, 158]
            }
          ]
        },
        {
          "name": "hole_right2",
          "parent": "arm_right5",
          "pivot": [-43.5, 32, -15.56916],
          "cubes": [
            {
              "origin": [-47, 28, -15.56916],
              "size": [8, 8, 0],
              "uv": [108, 139]
            }
          ]
        },
        {
          "name": "arm_right6",
          "parent": "arm_right5",
          "pivot": [-43.5, 32, -10.96916],
          "cubes": [
            {
              "origin": [-52.5, 27.5, -15.46916],
              "size": [9, 9, 9],
              "inflate": 0.055,
              "uv": [80, 139]
            }
          ]
        },
        {
          "name": "arm_right7",
          "parent": "arm_right6",
          "pivot": [-53.5, 32, -10.96916],
          "cubes": [
            {
              "origin": [-54.5, 27.5, -15.46916],
              "size": [2, 9, 9],
              "inflate": 0.2,
              "uv": [67, 130]
            }
          ]
        },
        {
          "name": "arm_right8",
          "parent": "arm_right7",
          "pivot": [-53.75, 32.25, -10.96916],
          "cubes": [
            {
              "origin": [-67.5, 27.5, -15.46916],
              "size": [13, 9, 9],
              "inflate": 0.102,
              "uv": [32, 139]
            },
            {
              "origin": [-66.5, 25.5, -14.46916],
              "size": [7, 4, 7],
              "uv": [41, 158]
            }
          ]
        },
        {
          "name": "hole_right3",
          "parent": "arm_right8",
          "pivot": [-63.5, 32, -15.56916],
          "cubes": [
            {
              "origin": [-67, 28, -15.66916],
              "size": [8, 8, 0],
              "uv": [24, 139]
            }
          ]
        },
        {
          "name": "arm_right9",
          "parent": "arm_right8",
          "pivot": [-67.5, 32.27713, -10.97696],
          "cubes": [
            {
              "origin": [-72.5, 27.5, -15.46916],
              "size": [5, 9, 9],
              "inflate": 0.106,
              "uv": [4, 139]
            }
          ]
        },
        {
          "name": "claws_open_right",
          "parent": "arm_right9",
          "pivot": [-72, 31.03617, -10.97957],
          "cubes": [
            {
              "origin": [-74.5, 14.125, 12.53084],
              "size": [5, 3, 2],
              "inflate": 0.01,
              "pivot": [-40.76955, -13.00551, -15.5],
              "rotation": [45, 0, 0],
              "uv": [118, 119]
            },
            {
              "origin": [-74.5, 14.15, -36.46916],
              "size": [5, 3, 2],
              "inflate": 0.01,
              "pivot": [-40.76955, -13.00551, -6.5],
              "rotation": [-45, 0, 0],
              "uv": [102, 119]
            },
            {
              "origin": [-74.5, 36.6, -12.5],
              "size": [5, 2, 3],
              "inflate": 0.01,
              "uv": [109, 113]
            }
          ]
        },
        {
          "name": "claws_closed_right",
          "parent": "arm_right9",
          "pivot": [-72.075, 32.1, -11],
          "cubes": [
            {
              "origin": [-74.575, 36.6, -12.5],
              "size": [5, 2, 3],
              "inflate": 0.01,
              "uv": [109, 127]
            },
            {
              "origin": [-74.575, 36.6, -12.5],
              "size": [5, 2, 3],
              "inflate": 0.01,
              "pivot": [-71.075, 32.1, -11],
              "rotation": [90, 0, 0],
              "uv": [123, 130]
            },
            {
              "origin": [-74.575, 36.6, -12.5],
              "size": [5, 2, 3],
              "inflate": 0.01,
              "pivot": [-71.075, 32.1, -11],
              "rotation": [180, 0, 0],
              "uv": [109, 133]
            },
            {
              "origin": [-74.575, 36.6, -12.5],
              "size": [5, 2, 3],
              "inflate": 0.01,
              "pivot": [-71.075, 32.1, -11],
              "rotation": [-90, 0, 0],
              "uv": [95, 130]
            }
          ]
        },
        {
          "name": "leg_front_left",
          "parent": "body",
          "pivot": [13.04357, 19, -11],
          "cubes": [
            {
              "origin": [11, 15, -15.46916],
              "size": [6, 8, 9],
              "uv": [165, 198]
            }
          ]
        },
        {
          "name": "leg_front_left2",
          "parent": "leg_front_left",
          "pivot": [15.04357, 18, -11],
          "rotation": [0, 0, 47.5],
          "cubes": [
            {
              "origin": [13, 17.75, -13.46916],
              "size": [11, 4, 5],
              "uv": [163, 215]
            }
          ]
        },
        {
          "name": "leg_front_left3",
          "parent": "leg_front_left2",
          "pivot": [23, 20, -10.96916],
          "rotation": [0, 0, -47.5],
          "cubes": [
            {
              "origin": [21.61995, 6.46767, -16.46916],
              "size": [11, 15, 11],
              "uv": [157, 224]
            },
            {
              "origin": [29.86995, 20.56767, -13.46916],
              "size": [5, 7, 5],
              "pivot": [28.11624, 22.93804, -11],
              "rotation": [0, 0, 47.5],
              "uv": [191, 222]
            },
            {
              "origin": [30.61995, 6.46767, -23.46916],
              "size": [0, 5, 7],
              "uv": [187, 244]
            },
            {
              "origin": [27.12, 6.46767, -23.46916],
              "size": [0, 5, 7],
              "uv": [172, 244]
            },
            {
              "origin": [23.61995, 6.46767, -23.46916],
              "size": [0, 5, 7],
              "uv": [157, 244]
            }
          ]
        },
        {
          "name": "leg_front_right",
          "parent": "body",
          "pivot": [-13.04357, 19, -11],
          "cubes": [
            {
              "origin": [-17, 15, -15.46916],
              "size": [6, 8, 9],
              "uv": [62, 196]
            }
          ]
        },
        {
          "name": "leg_front_right2",
          "parent": "leg_front_right",
          "pivot": [-15.04357, 18, -11],
          "rotation": [0, 0, -47.5],
          "cubes": [
            {
              "origin": [-24, 17.75, -13.46916],
              "size": [11, 4, 5],
              "uv": [61, 214]
            }
          ]
        },
        {
          "name": "leg_front_right3",
          "parent": "leg_front_right2",
          "pivot": [-23, 20, -10.96916],
          "rotation": [0, 0, 47.5],
          "cubes": [
            {
              "origin": [-32.61995, 6.46767, -16.46916],
              "size": [11, 15, 11],
              "uv": [55, 224]
            },
            {
              "origin": [-34.86995, 20.56767, -13.46916],
              "size": [5, 7, 5],
              "pivot": [-28.11624, 22.93804, -11],
              "rotation": [0, 0, -47.5],
              "uv": [45, 222]
            },
            {
              "origin": [-30.61995, 6.46767, -23.46916],
              "size": [0, 5, 7],
              "uv": [55, 244]
            },
            {
              "origin": [-27.12, 6.46767, -23.46916],
              "size": [0, 5, 7],
              "uv": [70, 244]
            },
            {
              "origin": [-23.61995, 6.46767, -23.46916],
              "size": [0, 5, 7],
              "uv": [85, 244]
            }
          ]
        }
      ]
    }
  ]
}
