{
  "format_version": "1.12.0",
  "minecraft:geometry": [
    {
      "description": {
        "identifier": "geometry.trumbeak",
        "texture_width": 64,
        "texture_height": 64,
        "visible_bounds_width": 3,
        "visible_bounds_height": 3.5,
        "visible_bounds_offset": [0, 1.25, 0]
      },
      "bones": [
        {
          "name": "trumbeak",
          "pivot": [1, 1, 0]
        },
        {
          "name": "full_body",
          "parent": "trumbeak",
          "pivot": [1, 1, 0],
          "rotation": [0, -90, 0]
        },
        {
          "name": "body",
          "parent": "full_body",
          "pivot": [0.5, 4.5, 0.5],
          "rotation": [0, 0, -62.5],
          "cubes": [
            {
              "origin": [1, -3, -1],
              "size": [4, 9, 3],
              "inflate": 0.1,
              "pivot": [0.5, 4.5, 0.5],
              "rotation": [0, 0, -10],
              "uv": [19, 17]
            },
            {
              "origin": [2, 6, -1],
              "size": [3, 4, 3],
              "inflate": -0.1,
              "pivot": [3, 5.5, 0.5],
              "rotation": [0, 0, 57.5],
              "uv": [0, 20]
            }
          ]
        },
        {
          "name": "tail",
          "parent": "body",
          "pivot": [4, -2, 0.5],
          "rotation": [0, 0, -50],
          "cubes": [
            { "origin": [4, -10, -1], "size": [0, 8, 3], "uv": [12, 17] }
          ]
        },
        {
          "name": "head",
          "parent": "full_body",
          "pivot": [1, 13.5, 1.5],
          "rotation": [0, 0, -15],
          "cubes": [
            { "origin": [-3, 11, -1.5], "size": [7, 4, 4], "uv": [0, 0] },
            {
              "origin": [4, 11, -1.5],
              "size": [4, 0, 4],
              "pivot": [4, 11, 0.5],
              "rotation": [0, 0, 22.5],
              "uv": [18, 10]
            },
            {
              "origin": [2.98481, 11.52094, -1.5],
              "size": [5, 4, 0],
              "pivot": [3.01519, 12.67365, -1.5],
              "rotation": [0, 7.5, 10],
              "uv": [33, 21]
            },
            {
              "origin": [2.98481, 11.52094, 2.5],
              "size": [5, 4, 0],
              "pivot": [3.01519, 12.67365, 2.5],
              "rotation": [0, -7.5, 10],
              "uv": [33, 17]
            },
            {
              "origin": [-10, 12, -0.5],
              "size": [8, 2, 2],
              "inflate": -0.3,
              "uv": [20, 6]
            },
            {
              "origin": [-7, 12, -0.5],
              "size": [5, 2, 2],
              "inflate": -0.1,
              "uv": [0, 27]
            },
            { "origin": [-12, 12.5, 0.5], "size": [3, 1, 0], "uv": [26, 5] },
            {
              "origin": [1.32441, 11.26272, -1],
              "size": [8, 3, 3],
              "pivot": [2, 14, 0.5],
              "rotation": [0, 0, -22.5],
              "uv": [0, 14]
            },
            {
              "origin": [-0.79721, 13.15219, -1],
              "size": [8, 3, 3],
              "inflate": -0.1,
              "pivot": [7.32441, 14.76272, 0.5],
              "rotation": [0, 0, -7.5],
              "uv": [0, 8]
            },
            {
              "origin": [1.32441, 12.26272, -0.5],
              "size": [9, 2, 2],
              "pivot": [2, 14, 0.5],
              "rotation": [0, 0, 20],
              "uv": [18, 0]
            }
          ]
        },
        {
          "name": "bone5",
          "parent": "head",
          "pivot": [0.5, 10.5, 1.5],
          "cubes": [
            { "origin": [-2, 11.5, -1.6], "size": [2, 3, 0], "uv": [25, 14] },
            {
              "origin": [-2, 13.7, -1.7],
              "size": [3, 1, 0],
              "pivot": [-1.5, 14, -1.7],
              "rotation": [0, 0, -10],
              "uv": [19, 15]
            }
          ]
        },
        {
          "name": "bone6",
          "parent": "head",
          "pivot": [0.5, 9.5, 5.5],
          "cubes": [
            { "origin": [-2, 11.5, 2.6], "size": [2, 3, 0], "uv": [0, 0] },
            {
              "origin": [-2, 13.7, 2.7],
              "size": [3, 1, 0],
              "pivot": [-1.5, 14, -1.7],
              "rotation": [0, 0, -10],
              "uv": [19, 14]
            }
          ]
        },
        {
          "name": "left_leg",
          "parent": "full_body",
          "pivot": [3.5, 4.25, -0.4],
          "cubes": [
            { "origin": [3, 2, -0.9], "size": [1, 2, 1], "uv": [34, 34] },
            {
              "origin": [3, 3, -0.9],
              "size": [1, 2, 1],
              "inflate": 0.1,
              "uv": [34, 31]
            }
          ]
        },
        {
          "name": "bone",
          "parent": "left_leg",
          "pivot": [3.5, 2, -0.4],
          "cubes": [
            { "origin": [3, 0, -0.9], "size": [1, 2, 1], "uv": [34, 28] }
          ]
        },
        {
          "name": "foot2",
          "parent": "bone",
          "pivot": [3, 0, 0],
          "cubes": [
            {
              "origin": [1, 0, -0.9],
              "size": [2, 0, 1],
              "pivot": [3, 0, -0.4],
              "rotation": [0, 27.5, 0],
              "uv": [21, 5]
            },
            {
              "origin": [1, 0, -0.9],
              "size": [2, 0, 1],
              "pivot": [3, 0, -0.4],
              "rotation": [0, -27.5, 0],
              "uv": [25, 4]
            },
            {
              "origin": [4, 0, -0.9],
              "size": [1, 0, 1],
              "pivot": [4, 0, -0.4],
              "rotation": [0, 40, 0],
              "uv": [0, 10]
            },
            {
              "origin": [4, 0, -0.9],
              "size": [1, 0, 1],
              "pivot": [4, 0, -0.4],
              "rotation": [0, -40, 0],
              "uv": [0, 9]
            }
          ]
        },
        {
          "name": "right_leg",
          "parent": "full_body",
          "pivot": [3.5, 4.25, 1.6],
          "cubes": [
            { "origin": [3, 2, 0.9], "size": [1, 2, 1], "uv": [8, 34] },
            {
              "origin": [3, 3, 0.9],
              "size": [1, 2, 1],
              "inflate": 0.1,
              "uv": [33, 25]
            }
          ]
        },
        {
          "name": "bone2",
          "parent": "right_leg",
          "pivot": [3.5, 2, 1.6],
          "cubes": [{ "origin": [3, 0, 0.9], "size": [1, 2, 1], "uv": [8, 31] }]
        },
        {
          "name": "foot3",
          "parent": "bone2",
          "pivot": [3, 0, 2],
          "cubes": [
            {
              "origin": [1, 0, 0.9],
              "size": [2, 0, 1],
              "pivot": [3, 0, 1.6],
              "rotation": [0, 27.5, 0],
              "uv": [21, 4]
            },
            {
              "origin": [1, 0, 0.9],
              "size": [2, 0, 1],
              "pivot": [3, 0, 1.6],
              "rotation": [0, -27.5, 0],
              "uv": [18, 16]
            },
            {
              "origin": [4, 0, 0.9],
              "size": [1, 0, 1],
              "pivot": [4, 0, 1.6],
              "rotation": [0, 40, 0],
              "uv": [0, 8]
            },
            {
              "origin": [4, 0, 0.9],
              "size": [1, 0, 1],
              "pivot": [4, 0, 1.6],
              "rotation": [0, -40, 0],
              "uv": [0, 3]
            }
          ]
        },
        {
          "name": "left_wing",
          "parent": "full_body",
          "pivot": [1.5, 9, -1.5],
          "rotation": [0, 0, -72.5],
          "cubes": [
            {
              "origin": [-2.30602, 2.49115, -2],
              "size": [4, 7, 1],
              "uv": [24, 29]
            }
          ]
        },
        {
          "name": "bone3",
          "parent": "left_wing",
          "pivot": [-0.30602, 2.99115, -1.5],
          "cubes": [
            {
              "origin": [-2.30602, 2.49115, -1.5],
              "size": [4, 7, 0],
              "uv": [0, 31]
            }
          ]
        },
        {
          "name": "right_wing",
          "parent": "full_body",
          "pivot": [1.5, 9, 2.5],
          "rotation": [0, 0, -72.5],
          "cubes": [
            {
              "origin": [-2.30602, 2.49115, 2],
              "size": [4, 7, 1],
              "uv": [14, 29]
            }
          ]
        },
        {
          "name": "bone4",
          "parent": "right_wing",
          "pivot": [-0.30602, 2.99115, 2.5],
          "cubes": [
            {
              "origin": [-2.30602, 2.49115, 2.5],
              "size": [4, 7, 0],
              "uv": [30, 10]
            }
          ]
        }
      ]
    }
  ]
}
