{
  "format_version": "1.12.0",
  "minecraft:geometry": [
    {
      "description": {
        "identifier": "geometry.corsola",
        "texture_width": 64,
        "texture_height": 64,
        "visible_bounds_width": 3,
        "visible_bounds_height": 4.5,
        "visible_bounds_offset": [0, 1.75, 0]
      },
      "bones": [
        {
          "name": "corsola",
          "pivot": [0, 0, 0]
        },
        {
          "name": "swing",
          "parent": "corsola",
          "pivot": [0.35933, 8.283, 0.03077]
        },
        {
          "name": "head",
          "parent": "swing",
          "pivot": [0.35933, 8.283, 0.03077],
          "cubes": [
            {
              "origin": [-5.86375, 2.39101, -6.46923],
              "size": [12, 12, 13],
              "uv": [0, 0]
            }
          ]
        },
        {
          "name": "arms",
          "parent": "head",
          "pivot": [0.13625, -0.10899, 1.53077]
        },
        {
          "name": "arm_right",
          "parent": "arms",
          "pivot": [-4.86375, 6.39101, -5.46923],
          "cubes": [
            {
              "origin": [-6.51375, 5.34101, -8.46923],
              "size": [2, 2, 4],
              "inflate": 0.05,
              "pivot": [-5.86375, 6.39101, -6.46923],
              "rotation": [4.5, 45, 0],
              "uv": [24, 34]
            }
          ]
        },
        {
          "name": "arm_left",
          "parent": "arms",
          "pivot": [5.13625, 6.39101, -5.46923],
          "cubes": [
            {
              "origin": [4.78625, 5.34101, -8.46923],
              "size": [2, 2, 4],
              "inflate": 0.05,
              "pivot": [6.13625, 6.39101, -6.46923],
              "rotation": [4.5, -45, 0],
              "uv": [24, 34],
              "mirror": true
            }
          ]
        },
        {
          "name": "legs",
          "parent": "head",
          "pivot": [0.13625, -0.10899, 1.53077]
        },
        {
          "name": "right",
          "parent": "legs",
          "pivot": [-4.36375, 0.89101, -2.46923],
          "cubes": [
            {
              "origin": [-6.36375, -0.10899, -4.96923],
              "size": [2, 4, 2],
              "pivot": [-4.36375, 0.89101, -2.46923],
              "rotation": [0, 0, 20],
              "uv": [42, 46]
            },
            {
              "origin": [-6.36375, -0.10899, 3.03077],
              "size": [2, 4, 2],
              "pivot": [-4.36375, 0.89101, -2.46923],
              "rotation": [0, 0, 20],
              "uv": [34, 45]
            }
          ]
        },
        {
          "name": "left",
          "parent": "legs",
          "pivot": [-4.36375, 0.89101, -2.46923],
          "cubes": [
            {
              "origin": [4.63625, -0.10899, -4.96923],
              "size": [2, 4, 2],
              "pivot": [4.63625, 0.89101, -2.46923],
              "rotation": [0, 0, -20],
              "uv": [16, 45]
            },
            {
              "origin": [4.63625, -0.10899, 3.03077],
              "size": [2, 4, 2],
              "pivot": [4.63625, 0.89101, -2.46923],
              "rotation": [0, 0, -20],
              "uv": [8, 45]
            }
          ]
        },
        {
          "name": "bone",
          "parent": "left",
          "pivot": [0.44473, 26.24101, -3.17923]
        },
        {
          "name": "eye_left",
          "parent": "bone",
          "pivot": [-1.21375, 26.34101, -3.29923],
          "rotation": [0, 0, 48.75]
        },
        {
          "name": "eye_right",
          "parent": "bone",
          "pivot": [1.48625, 26.34101, -3.29923],
          "rotation": [0, 0, -48.75]
        },
        {
          "name": "mouth",
          "parent": "head",
          "pivot": [0.13625, 7.0811, -6.55673],
          "cubes": [
            {
              "origin": [-0.35, 7.0811, -6.48173],
              "size": [1, 1, 0],
              "uv": [52, 0]
            },
            {
              "origin": [0.65, 6.6311, -6.48173],
              "size": [1, 1, 0],
              "uv": [52, 0]
            },
            {
              "origin": [-1.35, 6.6311, -6.48173],
              "size": [1, 1, 0],
              "uv": [52, 0]
            }
          ]
        },
        {
          "name": "eye_open",
          "parent": "head",
          "pivot": [3.2228, 9.05728, -6.32143]
        },
        {
          "name": "eyes_right",
          "parent": "eye_open",
          "pivot": [-2.9503, 9.05728, -6.32143],
          "rotation": [0, 0, 10.5],
          "cubes": [
            {
              "origin": [-3.97659, 7.3847, -6.47923],
              "size": [2, 3, 0],
              "uv": [9, 0],
              "mirror": true
            },
            {
              "origin": [-4.05159, 9.1597, -6.64523],
              "size": [2, 1, 1],
              "inflate": -0.125,
              "pivot": [-2.97659, 9.8847, -6.52923],
              "rotation": [0, 0, -20],
              "uv": [0, 9],
              "mirror": true
            },
            {
              "origin": [-3.50159, 7.7597, -6.50423],
              "size": [1, 2, 0],
              "uv": [0, 0],
              "mirror": true
            },
            {
              "origin": [-3.40159, 8.6597, -6.73923],
              "size": [1, 1, 1],
              "inflate": -0.225,
              "uv": [0, 53],
              "mirror": true
            },
            {
              "origin": [-3.40159, 8.3347, -6.73923],
              "size": [1, 1, 1],
              "inflate": -0.225,
              "uv": [0, 53],
              "mirror": true
            }
          ]
        },
        {
          "name": "eyes_left",
          "parent": "eye_open",
          "pivot": [3.2228, 9.05728, -6.32143],
          "rotation": [0, 0, -10.5],
          "cubes": [
            {
              "origin": [2.2491, 7.3847, -6.47923],
              "size": [2, 3, 0],
              "uv": [9, 0]
            },
            {
              "origin": [2.3241, 9.1597, -6.64523],
              "size": [2, 1, 1],
              "inflate": -0.125,
              "pivot": [3.2491, 9.8847, -6.52923],
              "rotation": [0, 0, 20],
              "uv": [0, 9]
            },
            {
              "origin": [2.7741, 7.7597, -6.50423],
              "size": [1, 2, 0],
              "uv": [0, 0]
            },
            {
              "origin": [2.6741, 8.6597, -6.73923],
              "size": [1, 1, 1],
              "inflate": -0.225,
              "uv": [0, 53]
            },
            {
              "origin": [2.6741, 8.3347, -6.73923],
              "size": [1, 1, 1],
              "inflate": -0.225,
              "uv": [0, 53]
            }
          ]
        },
        {
          "name": "eye_close",
          "parent": "head",
          "pivot": [-2.97659, 8.8847, -6.35423]
        },
        {
          "name": "bone4",
          "parent": "eye_close",
          "pivot": [-2.97659, 8.8847, -6.45423],
          "rotation": [0, 0, 10.5],
          "cubes": [
            {
              "origin": [-3.97659, 7.3847, -6.45423],
              "size": [2, 3, 0],
              "uv": [9, 0],
              "mirror": true
            }
          ]
        },
        {
          "name": "bone3",
          "parent": "eye_close",
          "pivot": [3.2491, 8.8847, -6.45423],
          "rotation": [0, 0, -10.5],
          "cubes": [
            {
              "origin": [2.2491, 7.3847, -6.45423],
              "size": [2, 3, 0],
              "uv": [9, 0]
            }
          ]
        },
        {
          "name": "horns",
          "parent": "head",
          "pivot": [0.13625, -0.10899, 1.53077]
        },
        {
          "name": "horn_mid",
          "parent": "horns",
          "pivot": [0.33625, 10.89101, -4.96923],
          "cubes": [
            {
              "origin": [-0.80601, 10.68654, -13.6114],
              "size": [2, 2, 6],
              "pivot": [0.19399, 11.71154, -6.1114],
              "rotation": [-35, 0, 0],
              "uv": [0, 25]
            },
            {
              "origin": [-1.30601, 10.16154, -9.6114],
              "size": [3, 3, 4],
              "pivot": [0.69399, 11.71154, -6.1114],
              "rotation": [-35, 0, 0],
              "uv": [14, 53]
            }
          ]
        },
        {
          "name": "rightfronthorn3",
          "parent": "horns",
          "pivot": [4.31125, 12.78268, 3.6391],
          "rotation": [-26.0215, 2.24685, 41.40351],
          "cubes": [
            {
              "origin": [2.31125, 12.11601, 1.80577],
              "size": [3, 6, 3],
              "inflate": 0.05,
              "uv": [0, 0],
              "mirror": true
            },
            {
              "origin": [2.81125, 18.11601, 2.33077],
              "size": [2, 5, 2],
              "uv": [37, 5],
              "mirror": true
            },
            {
              "origin": [2.81125, 20.11601, 0.33077],
              "size": [2, 2, 3],
              "inflate": -0.3,
              "pivot": [3.81125, 21.11601, 2.83077],
              "rotation": [-21.5, 0, 0],
              "uv": [37, 0],
              "mirror": true
            },
            {
              "origin": [2.81125, 18.11601, 2.48077],
              "size": [2, 2, 3],
              "inflate": -0.3,
              "pivot": [3.81125, 21.11601, 2.83077],
              "rotation": [28.25, 0, 0],
              "uv": [36, 34],
              "mirror": true
            }
          ]
        },
        {
          "name": "leftfronthorn3",
          "parent": "horns",
          "pivot": [-4.03875, 12.78268, 3.6391],
          "rotation": [-26.0215, -2.24685, -41.40351],
          "cubes": [
            {
              "origin": [-5.03875, 12.11601, 1.80577],
              "size": [3, 6, 3],
              "inflate": 0.05,
              "uv": [0, 0]
            },
            {
              "origin": [-4.53875, 18.11601, 2.33077],
              "size": [2, 5, 2],
              "uv": [37, 5]
            },
            {
              "origin": [-4.53875, 20.11601, 0.33077],
              "size": [2, 2, 3],
              "inflate": -0.3,
              "pivot": [-3.53875, 21.11601, 2.83077],
              "rotation": [-21.5, 0, 0],
              "uv": [37, 0]
            },
            {
              "origin": [-4.53875, 18.11601, 2.48077],
              "size": [2, 2, 3],
              "inflate": -0.3,
              "pivot": [-3.53875, 21.11601, 2.83077],
              "rotation": [28.25, 0, 0],
              "uv": [36, 34]
            }
          ]
        },
        {
          "name": "leftfronthorn",
          "parent": "horns",
          "pivot": [5.06125, 13.45768, -3.6359],
          "rotation": [0, 0, 16.5],
          "cubes": [
            {
              "origin": [3.06125, 12.79101, -5.46923],
              "size": [3, 6, 3],
              "inflate": 0.05,
              "uv": [0, 33]
            },
            {
              "origin": [3.56125, 18.79101, -4.94423],
              "size": [2, 5, 2],
              "uv": [45, 3]
            },
            {
              "origin": [3.53625, 15.89101, -3.31923],
              "size": [2, 2, 3],
              "pivot": [4.53625, 16.71601, -1.96923],
              "rotation": [28.75, 0, 0],
              "uv": [43, 32]
            },
            {
              "origin": [3.56125, 20.79101, -6.94423],
              "size": [2, 2, 3],
              "inflate": -0.3,
              "pivot": [4.56125, 21.79101, -4.44423],
              "rotation": [-21.5, 0, 0],
              "uv": [26, 42]
            }
          ]
        },
        {
          "name": "rightfronthorn",
          "parent": "horns",
          "pivot": [-4.78875, 13.45768, -3.6359],
          "rotation": [0, 0, -16.5],
          "cubes": [
            {
              "origin": [-5.78875, 12.79101, -5.46923],
              "size": [3, 6, 3],
              "inflate": 0.05,
              "uv": [0, 33],
              "mirror": true
            },
            {
              "origin": [-5.28875, 18.79101, -4.94423],
              "size": [2, 5, 2],
              "uv": [45, 3],
              "mirror": true
            },
            {
              "origin": [-5.26375, 15.89101, -3.31923],
              "size": [2, 2, 3],
              "pivot": [-4.26375, 16.71601, -1.96923],
              "rotation": [28.75, 0, 0],
              "uv": [43, 32],
              "mirror": true
            },
            {
              "origin": [-5.28875, 20.79101, -6.94423],
              "size": [2, 2, 3],
              "inflate": -0.3,
              "pivot": [-4.28875, 21.79101, -4.44423],
              "rotation": [-21.5, 0, 0],
              "uv": [26, 42],
              "mirror": true
            }
          ]
        }
      ]
    }
  ]
}
