{
  "format_version": "1.12.0",
  "minecraft:geometry": [
    {
      "description": {
        "identifier": "geometry.toxapex",
        "texture_width": 256,
        "texture_height": 256,
        "visible_bounds_width": 5,
        "visible_bounds_height": 4.5,
        "visible_bounds_offset": [0, 1.75, 0]
      },
      "bones": [
        {
          "name": "toxapex",
          "pivot": [0, 0, 0],
          "cubes": [
            { "origin": [-8, 25.5, -5], "size": [16, 2, 15], "uv": [0, 20] },
            { "origin": [-7.5, 27.5, -5], "size": [15, 4, 16], "uv": [0, 0] },
            { "origin": [-2, 27.5, 2], "size": [4, 12, 3], "uv": [0, 0] },
            { "origin": [0, 39.5, 2.5], "size": [0, 2, 2], "uv": [0, 26] },
            {
              "origin": [5, 27.5, 2],
              "size": [0, 8, 3],
              "pivot": [0, 3, 2],
              "rotation": [0, 0, -15],
              "uv": [0, 94]
            },
            {
              "origin": [-0.9, 27.5, 7.6],
              "size": [0, 8, 2],
              "pivot": [0, 3, 2],
              "rotation": [180, 80, 165],
              "uv": [10, 38]
            },
            {
              "origin": [-4.6, 26.5, 6.6],
              "size": [0, 8, 2],
              "pivot": [0, 3, 2],
              "rotation": [180, 80, 165],
              "uv": [11, 18]
            },
            {
              "origin": [4.6, 26.5, 6.6],
              "size": [0, 8, 2],
              "pivot": [0, 3, 2],
              "rotation": [180, -80, -165],
              "uv": [38, 51]
            },
            {
              "origin": [-5, 27.5, 2],
              "size": [0, 8, 3],
              "pivot": [0, 3, 2],
              "rotation": [0, 0, 15],
              "uv": [52, 81]
            },
            {
              "origin": [0.9, 27.5, 7.6],
              "size": [0, 8, 2],
              "pivot": [0, 3, 2],
              "rotation": [180, -80, -165],
              "uv": [0, 18]
            }
          ]
        },
        {
          "name": "neck",
          "parent": "toxapex",
          "pivot": [0, 25.5, -0.5],
          "cubes": [
            { "origin": [-1, 25, -2], "size": [2, 1, 3], "uv": [74, 9] }
          ]
        },
        {
          "name": "head",
          "parent": "neck",
          "pivot": [0, 24.74394, -0.32499],
          "cubes": [
            { "origin": [-4, 19, -4], "size": [8, 6, 7], "uv": [0, 123] },
            {
              "origin": [-5.2, 20, -4.1],
              "size": [3, 2, 1],
              "pivot": [0, 3, 0],
              "rotation": [0, 0, 5],
              "uv": [76, 26]
            },
            {
              "origin": [-4.2, 20, -4.2],
              "size": [2, 2, 1],
              "pivot": [0, 3, 0],
              "rotation": [0, 0, 5],
              "uv": [103, 8]
            },
            {
              "origin": [2.2, 20, -4.2],
              "size": [2, 2, 1],
              "pivot": [0, 3, 0],
              "rotation": [0, 0, -5],
              "uv": [103, 5]
            },
            {
              "origin": [2.7, 20.5, -4.3],
              "size": [1, 1, 1],
              "pivot": [0, 3, 0],
              "rotation": [0, 0, -5],
              "uv": [64, 47]
            },
            {
              "origin": [2.2, 20, -4.1],
              "size": [3, 2, 1],
              "pivot": [0, 3, 0],
              "rotation": [0, 0, -5],
              "uv": [28, 62]
            },
            {
              "origin": [-3.7, 20.5, -4.3],
              "size": [1, 1, 1],
              "pivot": [0, 3, 0],
              "rotation": [0, 0, 5],
              "uv": [10, 62]
            },
            {
              "origin": [8.6, 15.9, -5.3],
              "size": [1, 1, 0],
              "pivot": [0, 3, 0],
              "rotation": [-3.23626, -3.22833, -44.7997],
              "uv": [13, 2]
            },
            {
              "origin": [-9.6, 15.9, -5.3],
              "size": [1, 1, 0],
              "pivot": [0, 3, 0],
              "rotation": [-3.23626, 3.22833, 44.7997],
              "uv": [11, 2]
            }
          ]
        },
        {
          "name": "eyelid",
          "parent": "head",
          "pivot": [0, 22.65018, -3.8],
          "cubes": [
            {
              "origin": [2.2, 21.5, -4.3],
              "size": [3, 1, 1],
              "pivot": [0, 3, 0],
              "rotation": [0, 0, -5],
              "uv": [60, 43]
            },
            {
              "origin": [-5.2, 21.5, -4.3],
              "size": [3, 1, 1],
              "pivot": [0, 3, 0],
              "rotation": [0, 0, 5],
              "uv": [59, 32]
            }
          ]
        },
        {
          "name": "body",
          "parent": "head",
          "pivot": [-0.2, 3, 1]
        },
        {
          "name": "jaw",
          "parent": "body",
          "pivot": [0, 19.0492, 2.79964],
          "cubes": [
            { "origin": [-4, 18, -4], "size": [8, 1, 7], "uv": [90, 66] },
            {
              "origin": [9.9, 14.9, -3.3],
              "size": [1, 1, 0],
              "pivot": [0, 3, 0],
              "rotation": [1.76833, 1.76749, -44.97272],
              "uv": [0, 0]
            },
            {
              "origin": [-11.8, 13.8, -3.3],
              "size": [1, 1, 0],
              "pivot": [0, 3, 0],
              "rotation": [1.76833, -1.76749, 44.97272],
              "uv": [0, 1]
            },
            {
              "origin": [-10.9, 14.9, -3.3],
              "size": [1, 1, 0],
              "pivot": [0, 3, 0],
              "rotation": [1.76833, -1.76749, 44.97272],
              "uv": [0, 2]
            }
          ]
        },
        {
          "name": "body2",
          "parent": "jaw",
          "pivot": [0, 17.85304, -0.60862],
          "cubes": [
            { "origin": [-2, 16, -2], "size": [4, 2, 3], "uv": [0, 30] },
            {
              "origin": [-1.8, 16.9, -1.7],
              "size": [3, 0, 3],
              "pivot": [0.2, 3, 1],
              "rotation": [23.18256, -25.0909, -0.89677],
              "uv": [4, 37]
            },
            {
              "origin": [-1.8, 16.2, -3.5],
              "size": [3, 0, 3],
              "pivot": [0.2, 3, 1],
              "rotation": [3.18256, -25.0909, -0.89677],
              "uv": [44, 32]
            },
            {
              "origin": [-1.2, 16.2, -3.5],
              "size": [3, 0, 3],
              "pivot": [-0.2, 3, 1],
              "rotation": [3.18256, 25.0909, 0.89677],
              "uv": [4, 53]
            },
            {
              "origin": [-1.2, 16.9, -1.7],
              "size": [3, 0, 3],
              "pivot": [-0.2, 3, 1],
              "rotation": [23.18256, 25.0909, 0.89677],
              "uv": [51, 20]
            },
            {
              "origin": [-1, 16.2, -4.3],
              "size": [3, 0, 5],
              "pivot": [0, 3, 0.2],
              "rotation": [99.37678, 89.18248, 96.57386],
              "uv": [0, 20]
            },
            {
              "origin": [-0.5, 16.9, -1.5],
              "size": [2, 0, 2],
              "pivot": [0, 3, 0.2],
              "rotation": [119.37678, 89.18248, 96.57386],
              "uv": [9, 0]
            },
            {
              "origin": [-0.5, 16.2, -6.5],
              "size": [3, 0, 3],
              "pivot": [0.5, 3, -2],
              "rotation": [-177.41393, 14.90487, 179.15958],
              "uv": [50, 0]
            },
            {
              "origin": [-0.5, 16.9, -3.7],
              "size": [3, 0, 2],
              "pivot": [0.5, 3, -2],
              "rotation": [-157.41393, 14.90487, 179.15958],
              "uv": [26, 47]
            },
            {
              "origin": [-2.5, 16.2, -6.5],
              "size": [3, 0, 3],
              "pivot": [-0.5, 3, -2],
              "rotation": [-177.41393, -14.90487, -179.15958],
              "uv": [50, 32]
            },
            {
              "origin": [-2.5, 16.9, -3.7],
              "size": [3, 0, 2],
              "pivot": [-0.5, 3, -2],
              "rotation": [-157.41393, -14.90487, -179.15958],
              "uv": [32, 47]
            },
            {
              "origin": [-2, 16.2, -4.3],
              "size": [3, 0, 5],
              "pivot": [0, 3, 0.2],
              "rotation": [99.37678, -89.18248, -96.57386],
              "uv": [0, 25]
            },
            {
              "origin": [-1.5, 16.9, -1.5],
              "size": [2, 0, 2],
              "pivot": [0, 3, 0.2],
              "rotation": [119.37678, -89.18248, -96.57386],
              "uv": [9, 28]
            }
          ]
        },
        {
          "name": "leg28",
          "parent": "toxapex",
          "pivot": [-3.74474, 25.85327, -5.14606],
          "cubes": [
            {
              "origin": [-32, 12.5, -8],
              "size": [5, 2, 6],
              "pivot": [-4.1, -3, 0],
              "rotation": [-83.44227, -45.73373, 77.41447],
              "uv": [136, 36]
            }
          ]
        },
        {
          "name": "leg32",
          "parent": "leg28",
          "pivot": [-3.74474, 25.85327, -5.14606],
          "cubes": [
            {
              "origin": [-32, 12.5, -8],
              "size": [5, 2, 6],
              "pivot": [-4.1, -3, 0],
              "rotation": [-83.44227, -45.73373, 77.41447],
              "uv": [136, 36]
            }
          ]
        },
        {
          "name": "leg33",
          "parent": "leg32",
          "pivot": [-4.69985, 27.94409, -8.964],
          "cubes": [
            {
              "origin": [-42, 4.5, -8.5],
              "size": [7, 2, 7],
              "pivot": [-4.1, -3, 0],
              "rotation": [-84.67444, -30.81255, 79.38676],
              "uv": [51, 130]
            },
            {
              "origin": [-41, -4.5, -6],
              "size": [2, 3, 2],
              "pivot": [-4.1, -3, 0],
              "rotation": [-85.10668, -20.85202, 80.37498],
              "uv": [87, 57]
            }
          ]
        },
        {
          "name": "leg34",
          "parent": "leg33",
          "pivot": [-5.06075, 33.69146, -12.82565],
          "cubes": [
            {
              "origin": [-50, -17.5, -9],
              "size": [10, 2, 8],
              "pivot": [-4.1, -3, 0],
              "rotation": [-85.42616, 1.57327, 82.24633],
              "uv": [74, 120]
            },
            {
              "origin": [-47, -24, -6],
              "size": [2, 3, 2],
              "pivot": [-4.1, -3, 0],
              "rotation": [-85.39771, 6.55727, 82.64717],
              "uv": [56, 77]
            }
          ]
        },
        {
          "name": "leg35",
          "parent": "leg34",
          "pivot": [-6.1538, 42.18999, -12.53622],
          "cubes": [
            {
              "origin": [-47, -35.5, -9],
              "size": [8, 2, 8],
              "pivot": [-4.1, -3, 0],
              "rotation": [-84.89034, 26.48712, 84.40423],
              "uv": [127, 0]
            },
            {
              "origin": [-50, -35.5, -10],
              "size": [4, 2, 2],
              "pivot": [-4.1, -3, 0],
              "rotation": [-89.93211, 26.94038, 73.21718],
              "uv": [0, 62]
            },
            {
              "origin": [-52, -35.5, -9],
              "size": [2, 2, 0],
              "pivot": [-4.1, -3, 0],
              "rotation": [-89.93211, 26.94038, 73.21718],
              "uv": [56, 60]
            },
            {
              "origin": [-51.6, -35.5, 0],
              "size": [4, 2, 2],
              "pivot": [-4.1, -3, 0],
              "rotation": [-78.93376, 24.7192, 98.13301],
              "uv": [72, 47],
              "mirror": true
            },
            {
              "origin": [-53.6, -35.5, 1],
              "size": [2, 2, 0],
              "pivot": [-4.1, -3, 0],
              "rotation": [-78.93376, 24.7192, 98.13301],
              "uv": [60, 60],
              "mirror": true
            }
          ]
        },
        {
          "name": "leg16",
          "parent": "toxapex",
          "pivot": [4.20448, 27.96623, 10.69804],
          "cubes": [
            {
              "origin": [-11, 22.5, 11],
              "size": [5, 2, 8],
              "pivot": [6.1, 1, 17],
              "rotation": [-27.3607, -52.81537, 35.0555],
              "uv": [136, 26]
            },
            {
              "origin": [-10, 24.5, 14.5],
              "size": [2, 4, 1],
              "pivot": [6.1, 1, 17],
              "rotation": [-27.3607, -52.81537, 35.0555],
              "uv": [30, 99]
            },
            {
              "origin": [-17.4, 11.5, 10],
              "size": [7, 2, 10],
              "pivot": [6.1, 1, 17],
              "rotation": [-51.89704, -29.55704, 70.90235],
              "uv": [115, 46]
            },
            {
              "origin": [-9, 9.2, 14.6],
              "size": [2, 3, 0],
              "pivot": [7.1, 1, 17.5],
              "rotation": [-57.50885, -17.29381, 75.79397],
              "uv": [95, 85]
            }
          ]
        },
        {
          "name": "leg17",
          "parent": "leg16",
          "pivot": [8.09, 22.28187, 16.9894],
          "cubes": [
            {
              "origin": [-12, 7.2, 9.7],
              "size": [10, 2, 10],
              "pivot": [7.1, 1, 17.5],
              "rotation": [-57.50885, -17.29381, 75.79397],
              "uv": [0, 99]
            },
            {
              "origin": [-0.2, 14.5, 5.5],
              "size": [6, 2, 12],
              "pivot": [4.9, 7, 13.9],
              "rotation": [-60.22412, -5.57076, 88.71252],
              "uv": [82, 104]
            },
            {
              "origin": [1.8, 16.5, 11.5],
              "size": [2, 4, 0],
              "pivot": [4.9, 7, 13.9],
              "rotation": [-60.22412, -5.57076, 88.71252],
              "uv": [64, 77]
            }
          ]
        },
        {
          "name": "leg18",
          "parent": "leg17",
          "pivot": [10.61384, 7.06706, 21.0824],
          "cubes": [
            {
              "origin": [4.8, 14.5, 5],
              "size": [7, 2, 13],
              "pivot": [4.9, 7, 13.9],
              "rotation": [-60.32138, -3.39969, 89.95593],
              "uv": [76, 3]
            },
            {
              "origin": [8.8, 17.1, 9],
              "size": [2, 5, 3],
              "pivot": [4.9, 7, 13.9],
              "rotation": [-40.37438, 0.94622, 92.42957],
              "uv": [85, 92]
            },
            {
              "origin": [8.8, 22.1, 10],
              "size": [2, 2, 1],
              "pivot": [4.9, 7, 13.9],
              "rotation": [-40.37438, 0.94622, 92.42957],
              "uv": [34, 84]
            },
            {
              "origin": [8.8, 16.4, 13],
              "size": [2, 5, 3],
              "pivot": [4.9, 7, 13.9],
              "rotation": [-72.87438, 0.94622, 92.42957],
              "uv": [74, 0]
            },
            {
              "origin": [8.8, 21.4, 14],
              "size": [2, 2, 1],
              "pivot": [4.9, 7, 13.9],
              "rotation": [-72.87438, 0.94622, 92.42957],
              "uv": [84, 26]
            }
          ]
        },
        {
          "name": "leg13",
          "parent": "toxapex",
          "pivot": [-0.88857, 28.03351, 11.63327],
          "cubes": [
            {
              "origin": [18.4, 11.5, 12],
              "size": [7, 2, 10],
              "pivot": [1.9, 1, 19],
              "rotation": [-90.02325, 34.67723, -91.74301],
              "uv": [0, 111]
            },
            {
              "origin": [14, 22.5, 13],
              "size": [5, 2, 8],
              "pivot": [1.9, 1, 19],
              "rotation": [-90.05505, 69.67722, -91.78141],
              "uv": [79, 130]
            },
            {
              "origin": [16, 24.5, 16.5],
              "size": [2, 4, 1],
              "pivot": [1.9, 1, 19],
              "rotation": [-90.05505, 69.67722, -91.78141],
              "uv": [67, 32]
            }
          ]
        },
        {
          "name": "leg14",
          "parent": "leg13",
          "pivot": [0.11039, 20.85744, 19.3675],
          "cubes": [
            {
              "origin": [10, 7.2, 11.6],
              "size": [10, 2, 12],
              "pivot": [0.9, 1, 19.5],
              "rotation": [-91.72166, 22.1241, -87.65552],
              "uv": [28, 37]
            },
            {
              "origin": [15, 9.2, 17.6],
              "size": [2, 3, 0],
              "pivot": [0.9, 1, 19.5],
              "rotation": [-91.72166, 22.1241, -87.65552],
              "uv": [11, 30]
            },
            {
              "origin": [3.4, 14.5, 13.1],
              "size": [2, 6, 0],
              "pivot": [2.3, 7, 15.5],
              "rotation": [-92.87694, 5.38731, -91.91664],
              "uv": [57, 23]
            },
            {
              "origin": [0.9, 14.5, 7.1],
              "size": [6, 2, 13],
              "pivot": [1.8, 7, 15.5],
              "rotation": [-92.87694, 5.38731, -91.91664],
              "uv": [27, 84]
            }
          ]
        },
        {
          "name": "leg15",
          "parent": "leg14",
          "pivot": [0.69793, 7.06444, 24.51133],
          "cubes": [
            {
              "origin": [-5.1, 14.5, 6.6],
              "size": [7, 2, 14],
              "pivot": [1.8, 7, 15.5],
              "rotation": [-92.86788, 2.89045, -91.79104],
              "uv": [0, 37]
            },
            {
              "origin": [-3.6, 15.4, 13.6],
              "size": [2, 6, 3],
              "pivot": [2.3, 7, 15.5],
              "rotation": [-105.36616, -2.1033, -91.54103],
              "uv": [56, 51]
            },
            {
              "origin": [-3.6, 21.4, 14.6],
              "size": [2, 2, 1],
              "pivot": [2.3, 7, 15.5],
              "rotation": [-105.36616, -2.1033, -91.54103],
              "uv": [36, 62]
            },
            {
              "origin": [-3.6, 17.1, 11.6],
              "size": [2, 5, 3],
              "pivot": [2.3, 7, 15.5],
              "rotation": [-72.86616, -2.1033, -91.54103],
              "uv": [56, 67]
            },
            {
              "origin": [-3.6, 22.1, 12.6],
              "size": [2, 2, 1],
              "pivot": [2.3, 7, 15.5],
              "rotation": [-72.86616, -2.1033, -91.54103],
              "uv": [7, 82]
            }
          ]
        },
        {
          "name": "leg7",
          "parent": "toxapex",
          "pivot": [-7.51428, 27.03351, 5.51017],
          "cubes": [
            {
              "origin": [-1, 22.5, 6],
              "size": [5, 2, 8],
              "pivot": [-13.1, 1, 12],
              "rotation": [-8.68213, 26.26873, -22.77536],
              "uv": [0, 136]
            },
            {
              "origin": [1, 24.5, 9.5],
              "size": [2, 4, 1],
              "pivot": [-13.1, 1, 12],
              "rotation": [-8.68213, 26.26873, -22.77536],
              "uv": [95, 57]
            },
            {
              "origin": [3.4, 11.5, 5],
              "size": [7, 2, 10],
              "pivot": [-13.1, 1, 12],
              "rotation": [-22.3651, 16.55291, -59.04017],
              "uv": [112, 78]
            }
          ]
        },
        {
          "name": "leg8",
          "parent": "leg7",
          "pivot": [-14.52654, 21.65435, 9.70358],
          "cubes": [
            {
              "origin": [-5, 7.2, 3.6],
              "size": [10, 2, 11],
              "pivot": [-14.1, 1, 12.5],
              "rotation": [-28.19777, 8.06447, -69.20226],
              "uv": [0, 69]
            },
            {
              "origin": [0, 9.2, 8.6],
              "size": [2, 3, 0],
              "pivot": [-14.1, 1, 12.5],
              "rotation": [-28.19777, 8.06447, -69.20226],
              "uv": [38, 69]
            },
            {
              "origin": [-10.1, 14.5, 7.1],
              "size": [2, 6, 0],
              "pivot": [-10.2, 7, 9.5],
              "rotation": [-30.14424, 4.17988, -86.09597],
              "uv": [66, 67]
            },
            {
              "origin": [-11.5, 14.5, 0.9],
              "size": [6, 2, 13],
              "pivot": [-10.6, 7, 9.3],
              "rotation": [-30.14424, 4.17988, -86.09597],
              "uv": [87, 77]
            }
          ]
        },
        {
          "name": "leg9",
          "parent": "leg8",
          "pivot": [-19.87125, 8.05136, 12.36658],
          "cubes": [
            {
              "origin": [-17.5, 14.5, 0.4],
              "size": [7, 2, 14],
              "pivot": [-10.6, 7, 9.3],
              "rotation": [-30.27832, 2.92176, -88.26053],
              "uv": [28, 51]
            },
            {
              "origin": [-16.1, 16.4, 7.6],
              "size": [2, 5, 3],
              "pivot": [-10.2, 7, 9.5],
              "rotation": [-42.90333, 0.39485, -92.57717],
              "uv": [47, 20]
            },
            {
              "origin": [-16.1, 21.4, 8.6],
              "size": [2, 2, 1],
              "pivot": [-10.2, 7, 9.5],
              "rotation": [-42.90333, 0.39485, -92.57717],
              "uv": [94, 34]
            },
            {
              "origin": [-16.1, 18.1, 4.6],
              "size": [2, 4, 3],
              "pivot": [-10.2, 7, 9.5],
              "rotation": [-10.40333, 0.39485, -92.57717],
              "uv": [87, 49]
            },
            {
              "origin": [-16.1, 22.1, 5.6],
              "size": [2, 2, 1],
              "pivot": [-10.2, 7, 9.5],
              "rotation": [-10.40333, 0.39485, -92.57717],
              "uv": [97, 54]
            }
          ]
        },
        {
          "name": "leg10",
          "parent": "toxapex",
          "pivot": [-5.10561, 27.03351, 9.81884],
          "cubes": [
            {
              "origin": [10.4, 11.5, 10],
              "size": [7, 2, 10],
              "pivot": [-6.1, 1, 17],
              "rotation": [-51.89704, 29.55704, -70.90235],
              "uv": [112, 34]
            },
            {
              "origin": [6, 22.5, 11],
              "size": [5, 2, 8],
              "pivot": [-6.1, 1, 17],
              "rotation": [-27.3607, 52.81537, -35.0555],
              "uv": [126, 130]
            },
            {
              "origin": [8, 24.5, 14.5],
              "size": [2, 4, 1],
              "pivot": [-6.1, 1, 17],
              "rotation": [-27.3607, 52.81537, -35.0555],
              "uv": [90, 66]
            }
          ]
        },
        {
          "name": "leg11",
          "parent": "leg10",
          "pivot": [-9.15698, 21.91554, 15.69774],
          "cubes": [
            {
              "origin": [2, 7.2, 9.7],
              "size": [10, 2, 10],
              "pivot": [-7.1, 1, 17.5],
              "rotation": [-57.50885, 17.29381, -75.79397],
              "uv": [55, 90]
            },
            {
              "origin": [7, 9.2, 13.6],
              "size": [2, 3, 0],
              "pivot": [-7.1, 1, 17.5],
              "rotation": [-57.50885, 17.29381, -75.79397],
              "uv": [63, 51]
            },
            {
              "origin": [-5.8, 14.5, 5.5],
              "size": [6, 2, 12],
              "pivot": [-4.9, 7, 13.9],
              "rotation": [-60.22412, 5.57076, -88.71252],
              "uv": [58, 102]
            },
            {
              "origin": [-3.8, 16.5, 11.5],
              "size": [2, 4, 0],
              "pivot": [-4.9, 7, 13.9],
              "rotation": [-60.22412, 5.57076, -88.71252],
              "uv": [64, 84]
            }
          ]
        },
        {
          "name": "leg12",
          "parent": "leg11",
          "pivot": [-10.61384, 7.06706, 21.0824],
          "cubes": [
            {
              "origin": [-11.8, 14.5, 5],
              "size": [7, 2, 13],
              "pivot": [-4.9, 7, 13.9],
              "rotation": [-60.32138, 3.39969, -89.95593],
              "uv": [60, 32]
            },
            {
              "origin": [-10.8, 16.4, 13],
              "size": [2, 5, 3],
              "pivot": [-4.9, 7, 13.9],
              "rotation": [-72.87438, -0.94622, -92.42957],
              "uv": [46, 0]
            },
            {
              "origin": [-10.8, 21.4, 14],
              "size": [2, 2, 1],
              "pivot": [-4.9, 7, 13.9],
              "rotation": [-72.87438, -0.94622, -92.42957],
              "uv": [93, 42]
            },
            {
              "origin": [-10.8, 17.1, 9],
              "size": [2, 5, 3],
              "pivot": [-4.9, 7, 13.9],
              "rotation": [-40.37438, -0.94622, -92.42957],
              "uv": [87, 34]
            },
            {
              "origin": [-10.8, 22.1, 10],
              "size": [2, 2, 1],
              "pivot": [-4.9, 7, 13.9],
              "rotation": [-40.37438, -0.94622, -92.42957],
              "uv": [6, 91]
            }
          ]
        },
        {
          "name": "leg25",
          "parent": "toxapex",
          "pivot": [7.50684, 28.03351, 0.60263],
          "cubes": [
            {
              "origin": [-1, 22.5, -3],
              "size": [5, 2, 8],
              "pivot": [16.1, 1, 3],
              "rotation": [3.35378, 4.06998, 20.36615],
              "uv": [97, 132]
            },
            {
              "origin": [0, 24.5, 0.5],
              "size": [2, 4, 1],
              "pivot": [16.1, 1, 3],
              "rotation": [3.35378, 4.06998, 20.36615],
              "uv": [92, 18]
            },
            {
              "origin": [-7.4, 11.5, -4],
              "size": [7, 2, 10],
              "pivot": [16.1, 1, 3],
              "rotation": [5.07944, 1.41357, 55.30965],
              "uv": [112, 66]
            }
          ]
        },
        {
          "name": "leg26",
          "parent": "leg25",
          "pivot": [16.68105, 20.7807, 1.50948],
          "cubes": [
            {
              "origin": [-2, 7.2, -5.4],
              "size": [10, 2, 11],
              "pivot": [17.1, 1, 3.5],
              "rotation": [2.03702, 4.04703, 68.11112],
              "uv": [59, 64]
            },
            {
              "origin": [1, 9.2, -0.4],
              "size": [2, 3, 0],
              "pivot": [17.1, 1, 3.5],
              "rotation": [2.03702, 4.04703, 68.11112],
              "uv": [7, 69]
            },
            {
              "origin": [7.6, 14.5, -5.9],
              "size": [6, 2, 13],
              "pivot": [12.7, 7, 2.5],
              "rotation": [2.28247, -1.43187, 84.46449],
              "uv": [87, 34]
            },
            {
              "origin": [1.4, 11.5, -0.9],
              "size": [2, 6, 0],
              "pivot": [10.5, 3, 2.5],
              "rotation": [-8.00759, -0.6576, 97.18272],
              "uv": [84, 6]
            }
          ]
        },
        {
          "name": "leg27",
          "parent": "leg26",
          "pivot": [21.38408, 7.05849, -0.01372],
          "cubes": [
            {
              "origin": [16.6, 17.1, -1.9],
              "size": [2, 5, 3],
              "pivot": [12.7, 7, 3],
              "rotation": [22.07614, -1.71748, 91.96189],
              "uv": [28, 53]
            },
            {
              "origin": [16.6, 22.1, -0.9],
              "size": [2, 2, 1],
              "pivot": [12.7, 7, 3],
              "rotation": [22.07614, -1.71748, 91.96189],
              "uv": [94, 0]
            },
            {
              "origin": [12.6, 14.5, -6.4],
              "size": [7, 2, 14],
              "pivot": [12.7, 7, 2.5],
              "rotation": [2.21787, -1.53004, 86.96339],
              "uv": [48, 16]
            },
            {
              "origin": [16.6, 15.4, 1.1],
              "size": [2, 6, 3],
              "pivot": [12.7, 7, 3],
              "rotation": [-10.42386, -1.71748, 91.96189],
              "uv": [0, 69]
            },
            {
              "origin": [16.6, 21.4, 2.1],
              "size": [2, 2, 1],
              "pivot": [12.7, 7, 3],
              "rotation": [-10.42386, -1.71748, 91.96189],
              "uv": [88, 0]
            }
          ]
        },
        {
          "name": "leg19",
          "parent": "toxapex",
          "pivot": [7.51428, 27.03351, 6.51017],
          "cubes": [
            {
              "origin": [-4, 22.5, 6],
              "size": [5, 2, 8],
              "pivot": [13.1, 1, 12],
              "rotation": [-8.68213, -26.26873, 22.77536],
              "uv": [130, 102]
            },
            {
              "origin": [-10.4, 11.5, 5],
              "size": [7, 2, 10],
              "pivot": [13.1, 1, 12],
              "rotation": [-22.3651, -16.55291, 59.04017],
              "uv": [112, 14]
            },
            {
              "origin": [-3, 24.5, 9.5],
              "size": [2, 4, 1],
              "pivot": [13.1, 1, 12],
              "rotation": [-8.68213, -26.26873, 22.77536],
              "uv": [76, 18]
            }
          ]
        },
        {
          "name": "leg20",
          "parent": "leg19",
          "pivot": [14.52654, 21.65435, 9.70358],
          "cubes": [
            {
              "origin": [-5, 7.2, 3.6],
              "size": [10, 2, 11],
              "pivot": [14.1, 1, 12.5],
              "rotation": [-28.19777, -8.06447, 69.20226],
              "uv": [56, 51]
            },
            {
              "origin": [-2, 9.2, 8.6],
              "size": [2, 3, 0],
              "pivot": [14.1, 1, 12.5],
              "rotation": [-28.19777, -8.06447, 69.20226],
              "uv": [35, 37]
            },
            {
              "origin": [5.5, 14.5, 0.9],
              "size": [6, 2, 13],
              "pivot": [10.6, 7, 9.3],
              "rotation": [-30.14424, -4.17988, 86.09597],
              "uv": [87, 19]
            },
            {
              "origin": [8.1, 14.5, 7.1],
              "size": [2, 6, 0],
              "pivot": [10.2, 7, 9.5],
              "rotation": [-30.14424, -4.17988, 86.09597],
              "uv": [84, 0]
            }
          ]
        },
        {
          "name": "leg21",
          "parent": "leg20",
          "pivot": [19.70095, 7.06162, 11.74194],
          "cubes": [
            {
              "origin": [10.5, 14.5, 0.4],
              "size": [7, 2, 14],
              "pivot": [10.6, 7, 9.3],
              "rotation": [-30.27832, -2.92176, 88.26053],
              "uv": [46, 0]
            },
            {
              "origin": [14.1, 17.1, 5.6],
              "size": [2, 5, 3],
              "pivot": [10.2, 7, 9.5],
              "rotation": [-10.40333, -0.39485, 92.57717],
              "uv": [89, 77]
            },
            {
              "origin": [14.1, 22.1, 6.6],
              "size": [2, 2, 1],
              "pivot": [10.2, 7, 9.5],
              "rotation": [-10.40333, -0.39485, 92.57717],
              "uv": [87, 42]
            },
            {
              "origin": [14.1, 16.4, 7.6],
              "size": [2, 5, 3],
              "pivot": [10.2, 7, 9.5],
              "rotation": [-42.90333, -0.39485, 92.57717],
              "uv": [60, 34]
            },
            {
              "origin": [14.1, 21.4, 8.6],
              "size": [2, 2, 1],
              "pivot": [10.2, 7, 9.5],
              "rotation": [-42.90333, -0.39485, 92.57717],
              "uv": [58, 84]
            }
          ]
        },
        {
          "name": "leg4",
          "parent": "toxapex",
          "pivot": [-6.50684, 28.03351, 0.60263],
          "cubes": [
            {
              "origin": [-4, 22.5, -3],
              "size": [5, 2, 8],
              "pivot": [-16.1, 1, 3],
              "rotation": [3.35378, -4.06998, -20.36615],
              "uv": [136, 58]
            },
            {
              "origin": [0.4, 11.5, -4],
              "size": [7, 2, 10],
              "pivot": [-16.1, 1, 3],
              "rotation": [5.07944, -1.41357, -55.30965],
              "uv": [48, 116]
            },
            {
              "origin": [-2, 24.5, 0.5],
              "size": [2, 4, 1],
              "pivot": [-16.1, 1, 3],
              "rotation": [3.35378, -4.06998, -20.36615],
              "uv": [60, 102]
            }
          ]
        },
        {
          "name": "leg5",
          "parent": "leg4",
          "pivot": [-16.68105, 21.7807, 0.50948],
          "cubes": [
            {
              "origin": [-13.6, 14.5, -5.9],
              "size": [6, 2, 13],
              "pivot": [-12.7, 7, 2.5],
              "rotation": [2.28247, 1.43187, -84.46449],
              "uv": [90, 51]
            },
            {
              "origin": [-3, 9.2, -0.4],
              "size": [2, 3, 0],
              "pivot": [-17.1, 1, 3.5],
              "rotation": [2.03702, -4.04703, -68.11112],
              "uv": [36, 102]
            },
            {
              "origin": [-8, 7.2, -5.4],
              "size": [10, 2, 11],
              "pivot": [-17.1, 1, 3.5],
              "rotation": [2.03702, -4.04703, -68.11112],
              "uv": [58, 77]
            },
            {
              "origin": [-3.4, 11.5, -0.9],
              "size": [2, 6, 0],
              "pivot": [-10.5, 3, 2.5],
              "rotation": [-8.00759, 0.6576, -97.18272],
              "uv": [10, 56]
            }
          ]
        },
        {
          "name": "leg6",
          "parent": "leg5",
          "pivot": [-21.63302, 7.06162, 0.37487],
          "cubes": [
            {
              "origin": [-19.6, 14.5, -6.4],
              "size": [7, 2, 14],
              "pivot": [-12.7, 7, 2.5],
              "rotation": [2.21787, 1.53004, -86.96339],
              "uv": [0, 53]
            },
            {
              "origin": [-18.6, 17.1, -0.9],
              "size": [2, 5, 3],
              "pivot": [-12.7, 7, 3],
              "rotation": [22.07614, 1.71748, -91.96189],
              "uv": [0, 82]
            },
            {
              "origin": [-18.6, 22.1, 0.1],
              "size": [2, 2, 1],
              "pivot": [-12.7, 7, 3],
              "rotation": [22.07614, 1.71748, -91.96189],
              "uv": [89, 85]
            },
            {
              "origin": [-18.6, 16.4, 1.1],
              "size": [2, 5, 3],
              "pivot": [-12.7, 7, 3],
              "rotation": [-10.42386, 1.71748, -91.96189],
              "uv": [0, 53]
            },
            {
              "origin": [-18.6, 21.4, 2.1],
              "size": [2, 2, 1],
              "pivot": [-12.7, 7, 3],
              "rotation": [-10.42386, 1.71748, -91.96189],
              "uv": [36, 99]
            }
          ]
        },
        {
          "name": "leg2",
          "parent": "toxapex",
          "pivot": [-7.12706, 27.57206, -4.46493],
          "rotation": [0, 115, 0],
          "cubes": [
            {
              "origin": [-20.71549, 11.5, -11.34014],
              "size": [7, 2, 10],
              "pivot": [2.78451, 1, -4.34014],
              "rotation": [40.95291, 15.87904, 59.27221],
              "uv": [100, 120]
            },
            {
              "origin": [-13.31549, 24.5, -6.84014],
              "size": [2, 4, 1],
              "pivot": [2.78451, 1, -4.34014],
              "rotation": [26.32901, 35.8542, 26.96428],
              "uv": [103, 0]
            },
            {
              "origin": [-28, 28.1, -3],
              "size": [5, 2, 8],
              "pivot": [-16.1, 1, 3],
              "rotation": [172.41589, -46.06406, -166.403],
              "uv": [136, 58]
            }
          ]
        },
        {
          "name": "leg3",
          "parent": "leg2",
          "pivot": [-0.73171, 21.46419, -8.51405],
          "cubes": [
            {
              "origin": [-16.31549, 7.2, -13.24014],
              "size": [10, 2, 10],
              "pivot": [2.78451, 1, -4.34014],
              "rotation": [30.38577, 7.50844, 68.76244],
              "uv": [30, 102]
            },
            {
              "origin": [-8.01549, 14.5, -12.24014],
              "size": [6, 2, 12],
              "pivot": [-2.91549, 7, -3.84014],
              "rotation": [29.4766, 2.78857, 86.67704],
              "uv": [106, 106]
            },
            {
              "origin": [-13.21549, 11.5, -6.24014],
              "size": [2, 6, 0],
              "pivot": [-4.11549, 3, -3.84014],
              "rotation": [29.42063, -3.37551, 97.5569],
              "uv": [6, 97]
            },
            {
              "origin": [-13.31549, 9.2, -8.24014],
              "size": [2, 3, 0],
              "pivot": [2.78451, 1, -4.34014],
              "rotation": [30.38577, 7.50844, 68.76244],
              "uv": [96, 77]
            }
          ]
        },
        {
          "name": "leg36",
          "parent": "leg3",
          "pivot": [3.21524, 6.89913, -9.19473],
          "cubes": [
            {
              "origin": [0.98451, 17.1, -8.74014],
              "size": [2, 6, 3],
              "pivot": [-2.91549, 7, -3.84014],
              "rotation": [49.58363, -0.91204, 93.2025],
              "uv": [27, 84]
            },
            {
              "origin": [0.98451, 22.1, -7.74014],
              "size": [2, 2, 1],
              "pivot": [-2.91549, 7, -3.84014],
              "rotation": [49.58363, -0.91204, 93.2025],
              "uv": [101, 74]
            },
            {
              "origin": [0.98451, 15.4, -5.74014],
              "size": [2, 7, 3],
              "pivot": [-2.91549, 7, -3.84014],
              "rotation": [17.08363, -0.91204, 93.2025],
              "uv": [0, 37]
            },
            {
              "origin": [0.98451, 22.4, -4.74014],
              "size": [2, 2, 1],
              "pivot": [-2.91549, 7, -3.84014],
              "rotation": [17.08363, -0.91204, 93.2025],
              "uv": [48, 99]
            },
            {
              "origin": [-3.01549, 14.5, -12.74014],
              "size": [7, 2, 13],
              "pivot": [-2.91549, 7, -3.84014],
              "rotation": [29.55915, 1.55668, 88.85406],
              "uv": [0, 82]
            }
          ]
        },
        {
          "name": "leg",
          "parent": "toxapex",
          "pivot": [6.2689, 26.57206, -3.99848],
          "cubes": [
            {
              "origin": [-1, 22.5, -10],
              "size": [5, 2, 8],
              "pivot": [16.1, 1, -4],
              "rotation": [26.32901, 35.8542, 26.96428],
              "uv": [136, 10],
              "mirror": true
            },
            {
              "origin": [0, 24.5, -6.5],
              "size": [2, 4, 1],
              "pivot": [16.1, 1, -4],
              "rotation": [26.32901, 35.8542, 26.96428],
              "uv": [103, 0]
            },
            {
              "origin": [-7.4, 11.5, -11],
              "size": [7, 2, 10],
              "pivot": [16.1, 1, -4],
              "rotation": [40.95291, 15.87904, 59.27221],
              "uv": [100, 120]
            }
          ]
        },
        {
          "name": "leg23",
          "parent": "leg",
          "pivot": [12.58378, 21.46419, -8.17391],
          "cubes": [
            {
              "origin": [-3, 7.2, -12.9],
              "size": [10, 2, 10],
              "pivot": [16.1, 1, -4],
              "rotation": [30.38577, 7.50844, 68.76244],
              "uv": [30, 102]
            },
            {
              "origin": [5.3, 14.5, -11.9],
              "size": [6, 2, 12],
              "pivot": [10.4, 7, -3.5],
              "rotation": [29.4766, 2.78857, 86.67704],
              "uv": [106, 106]
            },
            {
              "origin": [0.1, 11.5, -5.9],
              "size": [2, 6, 0],
              "pivot": [9.2, 3, -3.5],
              "rotation": [29.42063, -3.37551, 97.5569],
              "uv": [6, 97]
            },
            {
              "origin": [0, 9.2, -7.9],
              "size": [2, 3, 0],
              "pivot": [16.1, 1, -4],
              "rotation": [30.38577, 7.50844, 68.76244],
              "uv": [96, 77]
            }
          ]
        },
        {
          "name": "leg24",
          "parent": "leg23",
          "pivot": [16.53073, 6.89913, -9.85459],
          "cubes": [
            {
              "origin": [14.3, 17.1, -8.4],
              "size": [2, 6, 3],
              "pivot": [10.4, 7, -3.5],
              "rotation": [49.58363, -0.91204, 93.2025],
              "uv": [27, 84]
            },
            {
              "origin": [14.3, 22.1, -7.4],
              "size": [2, 2, 1],
              "pivot": [10.4, 7, -3.5],
              "rotation": [49.58363, -0.91204, 93.2025],
              "uv": [101, 74]
            },
            {
              "origin": [14.3, 15.4, -5.4],
              "size": [2, 7, 3],
              "pivot": [10.4, 7, -3.5],
              "rotation": [17.08363, -0.91204, 93.2025],
              "uv": [0, 37]
            },
            {
              "origin": [14.3, 22.4, -4.4],
              "size": [2, 2, 1],
              "pivot": [10.4, 7, -3.5],
              "rotation": [17.08363, -0.91204, 93.2025],
              "uv": [48, 99]
            },
            {
              "origin": [10.3, 14.5, -12.4],
              "size": [7, 2, 13],
              "pivot": [10.4, 7, -3.5],
              "rotation": [29.55915, 1.55668, 88.85406],
              "uv": [0, 82]
            }
          ]
        },
        {
          "name": "leg37",
          "parent": "toxapex",
          "pivot": [2.25526, 25.85327, -5.14606],
          "rotation": [0, 0, 17.5],
          "cubes": [
            {
              "origin": [-26, 12.5, -8],
              "size": [5, 2, 6],
              "pivot": [1.9, -3, 0],
              "rotation": [-83.44227, -45.73373, 77.41447],
              "uv": [136, 36]
            }
          ]
        },
        {
          "name": "leg41",
          "parent": "leg37",
          "pivot": [2.25526, 25.85327, -5.14606],
          "cubes": [
            {
              "origin": [-26, 12.5, -8],
              "size": [5, 2, 6],
              "pivot": [1.9, -3, 0],
              "rotation": [-83.44227, -45.73373, 77.41447],
              "uv": [136, 36]
            }
          ]
        },
        {
          "name": "leg42",
          "parent": "leg41",
          "pivot": [1.30015, 27.94409, -8.964],
          "cubes": [
            {
              "origin": [-36, 4.5, -8.5],
              "size": [7, 2, 7],
              "pivot": [1.9, -3, 0],
              "rotation": [-84.67444, -30.81255, 79.38676],
              "uv": [51, 130]
            },
            {
              "origin": [-35, -4.5, -6],
              "size": [2, 3, 2],
              "pivot": [1.9, -3, 0],
              "rotation": [-85.10668, -20.85202, 80.37498],
              "uv": [87, 57]
            }
          ]
        },
        {
          "name": "leg43",
          "parent": "leg42",
          "pivot": [0.93925, 33.69146, -12.82565],
          "cubes": [
            {
              "origin": [-44, -17.5, -9],
              "size": [10, 2, 8],
              "pivot": [1.9, -3, 0],
              "rotation": [-85.42616, 1.57327, 82.24633],
              "uv": [74, 120]
            },
            {
              "origin": [-41, -24, -6],
              "size": [2, 3, 2],
              "pivot": [1.9, -3, 0],
              "rotation": [-85.39771, 6.55727, 82.64717],
              "uv": [56, 77]
            }
          ]
        },
        {
          "name": "leg44",
          "parent": "leg43",
          "pivot": [-0.1538, 42.18999, -12.53622],
          "cubes": [
            {
              "origin": [-41, -35.5, -9],
              "size": [8, 2, 8],
              "pivot": [1.9, -3, 0],
              "rotation": [-84.89034, 26.48712, 84.40423],
              "uv": [127, 0]
            },
            {
              "origin": [-44, -35.5, -10],
              "size": [4, 2, 2],
              "pivot": [1.9, -3, 0],
              "rotation": [-89.93211, 26.94038, 73.21718],
              "uv": [0, 62]
            },
            {
              "origin": [-46, -35.5, -9],
              "size": [2, 2, 0],
              "pivot": [1.9, -3, 0],
              "rotation": [-89.93211, 26.94038, 73.21718],
              "uv": [56, 60]
            },
            {
              "origin": [-45.6, -35.5, 0],
              "size": [4, 2, 2],
              "pivot": [1.9, -3, 0],
              "rotation": [-78.93376, 24.7192, 98.13301],
              "uv": [72, 47],
              "mirror": true
            },
            {
              "origin": [-47.6, -35.5, 1],
              "size": [2, 2, 0],
              "pivot": [1.9, -3, 0],
              "rotation": [-78.93376, 24.7192, 98.13301],
              "uv": [60, 60],
              "mirror": true
            }
          ]
        }
      ]
    }
  ]
}
