{
  "format_version": "1.12.0",
  "minecraft:geometry": [
    {
      "description": {
        "identifier": "geometry.gothita",
        "texture_width": 64,
        "texture_height": 64,
        "visible_bounds_width": 3,
        "visible_bounds_height": 3.5,
        "visible_bounds_offset": [0, 1.25, 0]
      },
      "bones": [
        {
          "name": "gothita",
          "pivot": [0, 0, 0]
        },
        {
          "name": "body",
          "parent": "gothita",
          "pivot": [0, 6.5, 0]
        },
        {
          "name": "waist",
          "parent": "body",
          "pivot": [0, 4, 0],
          "cubes": [
            { "origin": [-4, 4, -3], "size": [8, 7, 6], "uv": [0, 20] },
            { "origin": [-1, 5.5, -3.01], "size": [2, 2, 0], "uv": [22, 24] },
            { "origin": [-1, 5.5, 3.01], "size": [2, 2, 0], "uv": [6, 0] },
            { "origin": [4.01, 5.5, -1], "size": [0, 2, 2], "uv": [0, 6] },
            {
              "origin": [-4.01, 5.5, -1],
              "size": [0, 2, 2],
              "uv": [0, 6],
              "mirror": true
            },
            {
              "origin": [-4.01, 5.5, -3.01],
              "size": [2, 2, 1],
              "uv": [26, 40]
            },
            { "origin": [2.01, 5.5, -3.01], "size": [2, 2, 1], "uv": [40, 7] },
            { "origin": [2.01, 5.5, 2.01], "size": [2, 2, 1], "uv": [34, 7] },
            { "origin": [-4.01, 5.5, 2.01], "size": [2, 2, 1], "uv": [37, 37] }
          ]
        },
        {
          "name": "bowtie",
          "parent": "waist",
          "pivot": [0, 11, -3.5],
          "cubes": [
            {
              "origin": [0, 10.25, -4.5],
              "size": [4, 5, 2],
              "pivot": [0, 12, -3.5],
              "rotation": [17.39972, 7.45793, 36.0778],
              "uv": [34, 0]
            },
            {
              "origin": [-4, 10.25, -4.5],
              "size": [4, 5, 2],
              "pivot": [0, 12, -3.5],
              "rotation": [17.39972, -7.45793, -36.0778],
              "uv": [34, 0],
              "mirror": true
            }
          ]
        },
        {
          "name": "arm_left",
          "parent": "waist",
          "pivot": [3.5, 10.5, 0.5],
          "cubes": [
            {
              "origin": [3, 9.5, -1.5],
              "size": [3, 1, 3],
              "inflate": 0.02,
              "uv": [9, 33]
            }
          ]
        },
        {
          "name": "elbow_left",
          "parent": "arm_left",
          "pivot": [6, 9.5, 2],
          "cubes": [
            { "origin": [6, 9.5, -1.5], "size": [3, 1, 3], "uv": [37, 33] }
          ]
        },
        {
          "name": "arm_right",
          "parent": "waist",
          "pivot": [-3.5, 10.5, 0.5],
          "cubes": [
            {
              "origin": [-6, 9.5, -1.5],
              "size": [3, 1, 3],
              "inflate": 0.02,
              "uv": [9, 33],
              "mirror": true
            }
          ]
        },
        {
          "name": "elbow_right",
          "parent": "arm_right",
          "pivot": [-6, 9.5, 2],
          "cubes": [
            {
              "origin": [-9, 9.5, -1.5],
              "size": [3, 1, 3],
              "uv": [37, 33],
              "mirror": true
            }
          ]
        },
        {
          "name": "chest",
          "parent": "waist",
          "pivot": [0, 11, 0],
          "cubes": [
            { "origin": [-3, 10.5, -2.5], "size": [6, 2, 5], "uv": [28, 20] }
          ]
        },
        {
          "name": "head",
          "parent": "chest",
          "pivot": [0, 12, 0],
          "cubes": [
            { "origin": [-6, 12, -4.5], "size": [12, 10, 10], "uv": [0, 0] },
            { "origin": [1.5, 15, -4.52], "size": [3, 4, 0], "uv": [0, 20] },
            { "origin": [4.5, 15, -4.52], "size": [1, 3, 0], "uv": [8, 2] },
            {
              "origin": [-5.5, 15, -4.52],
              "size": [1, 3, 0],
              "uv": [8, 2],
              "mirror": true
            },
            {
              "origin": [-4.5, 15, -4.52],
              "size": [3, 4, 0],
              "uv": [0, 20],
              "mirror": true
            }
          ]
        },
        {
          "name": "eyelid_left",
          "parent": "head",
          "pivot": [0, 6.25, 1.1],
          "cubes": [
            {
              "origin": [1.5, 15, -4.42],
              "size": [4, 4, 0],
              "inflate": 0.05,
              "uv": [0, 4]
            }
          ]
        },
        {
          "name": "eyelid_right",
          "parent": "head",
          "pivot": [0, 6.25, 1.1],
          "cubes": [
            {
              "origin": [-5.5, 15, -4.42],
              "size": [4, 4, 0],
              "inflate": 0.05,
              "uv": [0, 4],
              "mirror": true
            }
          ]
        },
        {
          "name": "pupil_left",
          "parent": "head",
          "pivot": [0, 6.5, 1],
          "cubes": [
            { "origin": [1.75, 15.5, -4.54], "size": [2, 3, 0], "uv": [0, 33] }
          ]
        },
        {
          "name": "pupilshine_left",
          "parent": "pupil_left",
          "pivot": [0, 6.5, 1],
          "cubes": [
            { "origin": [2, 17.25, -4.56], "size": [1, 1, 0], "uv": [0, 0] }
          ]
        },
        {
          "name": "pupil_right",
          "parent": "head",
          "pivot": [0, 6.5, 1],
          "cubes": [
            {
              "origin": [-3.75, 15.5, -4.54],
              "size": [2, 3, 0],
              "uv": [0, 33],
              "mirror": true
            }
          ]
        },
        {
          "name": "pupilshine_right",
          "parent": "pupil_right",
          "pivot": [0, 6.5, 1],
          "cubes": [
            {
              "origin": [-3, 17.25, -4.56],
              "size": [1, 1, 0],
              "uv": [0, 0],
              "mirror": true
            }
          ]
        },
        {
          "name": "hair",
          "parent": "head",
          "pivot": [0, 22, 1],
          "cubes": [
            { "origin": [-1.5, 24, -0.5], "size": [3, 4, 3], "uv": [14, 37] },
            { "origin": [-1, 22, 0], "size": [2, 2, 2], "uv": [22, 20] }
          ]
        },
        {
          "name": "bow_left",
          "parent": "head",
          "pivot": [6.5, 22, 1],
          "cubes": [
            {
              "origin": [5.5, 18.25, 1],
              "size": [2, 7, 5],
              "pivot": [6.5, 22, 1],
              "rotation": [-20.6469, 14.0761, 9.76381],
              "uv": [0, 33]
            },
            {
              "origin": [5.5, 18.25, -4],
              "size": [2, 7, 5],
              "pivot": [6.5, 22, 1],
              "rotation": [20.6469, -14.0761, 9.76381],
              "uv": [23, 28]
            }
          ]
        },
        {
          "name": "lip_top",
          "parent": "head",
          "pivot": [0, 14.75, -4.5],
          "cubes": [
            {
              "origin": [-1, 14.75, -5.25],
              "size": [2, 1, 1],
              "inflate": 0.01,
              "pivot": [0, 14.75, -4.25],
              "rotation": [-2.5, 0, 0],
              "uv": [0, 24]
            }
          ]
        },
        {
          "name": "bow_right",
          "parent": "head",
          "pivot": [-6.5, 22, 1],
          "cubes": [
            {
              "origin": [-7.5, 18.25, 1],
              "size": [2, 7, 5],
              "pivot": [-6.5, 22, 1],
              "rotation": [-20.6469, -14.0761, -9.76381],
              "uv": [0, 33],
              "mirror": true
            },
            {
              "origin": [-7.5, 18.25, -4],
              "size": [2, 7, 5],
              "pivot": [-6.5, 22, 1],
              "rotation": [20.6469, 14.0761, -9.76381],
              "uv": [23, 28],
              "mirror": true
            }
          ]
        },
        {
          "name": "lip_bottom",
          "parent": "head",
          "pivot": [0, 14.75, -4.5],
          "cubes": [
            {
              "origin": [-1, 13.95, -5.25],
              "size": [2, 1, 1],
              "pivot": [0, 14.95, -4.25],
              "rotation": [12.5, 0, 0],
              "uv": [4, 8]
            }
          ]
        },
        {
          "name": "leg_left",
          "parent": "body",
          "pivot": [1.75, 4, 0],
          "cubes": [
            { "origin": [0.25, 1.5, -1.5], "size": [3, 3, 3], "uv": [32, 27] }
          ]
        },
        {
          "name": "knee_left",
          "parent": "leg_left",
          "pivot": [1.75, 1.5, 0],
          "cubes": [
            { "origin": [0.75, 0, -1], "size": [2, 2, 2], "uv": [0, 0] }
          ]
        },
        {
          "name": "leg_right",
          "parent": "body",
          "pivot": [-1.75, 4, 0],
          "cubes": [
            {
              "origin": [-3.25, 1.5, -1.5],
              "size": [3, 3, 3],
              "uv": [32, 27],
              "mirror": true
            }
          ]
        },
        {
          "name": "knee_right",
          "parent": "leg_right",
          "pivot": [-1.75, 1.5, 0],
          "cubes": [
            {
              "origin": [-2.75, 0, -1],
              "size": [2, 2, 2],
              "uv": [0, 0],
              "mirror": true
            }
          ]
        }
      ]
    }
  ]
}
