{
  "format_version": "1.12.0",
  "minecraft:geometry": [
    {
      "description": {
        "identifier": "geometry.jumpluff",
        "texture_width": 128,
        "texture_height": 128,
        "visible_bounds_width": 3,
        "visible_bounds_height": 2.5,
        "visible_bounds_offset": [0, 0.75, 0]
      },
      "bones": [
        {
          "name": "jumpluff",
          "pivot": [0, 0, 0]
        },
        {
          "name": "body",
          "parent": "jumpluff",
          "pivot": [0, 7, 0]
        },
        {
          "name": "torso",
          "parent": "body",
          "pivot": [0, 2, -3.5],
          "cubes": [
            {
              "origin": [-5.5, 0.92225, -5.4592],
              "size": [11, 11, 11],
              "uv": [0, 0]
            }
          ]
        },
        {
          "name": "arm_left",
          "parent": "torso",
          "pivot": [5.5, 6.42225, -0.9592],
          "cubes": [
            { "origin": [5, 5.92225, -0.9592], "size": [3, 1, 0], "uv": [0, 8] }
          ]
        },
        {
          "name": "arm_left2",
          "parent": "arm_left",
          "pivot": [7.5, 6.42225, -0.9592],
          "cubes": [
            {
              "origin": [7.5, 3.42225, -3.4592],
              "size": [6, 6, 6],
              "uv": [26, 34]
            },
            {
              "origin": [7.5, 6.42225, -3.4592],
              "size": [6, 3, 0],
              "pivot": [11, 6.42225, -3.4592],
              "rotation": [7.5, 0, 0],
              "uv": [56, 28]
            },
            {
              "origin": [7.5, 3.42225, -3.4592],
              "size": [6, 3, 0],
              "pivot": [11, 6.42225, -3.4592],
              "rotation": [-7.5, 0, 0],
              "uv": [22, 56]
            },
            {
              "origin": [7.5, 3.42225, 2.5408],
              "size": [6, 3, 0],
              "pivot": [11, 6.42225, 2.5408],
              "rotation": [7.5, 0, 0],
              "uv": [56, 17]
            },
            {
              "origin": [7.5, 6.42225, 2.5408],
              "size": [6, 3, 0],
              "pivot": [11, 6.42225, 2.5408],
              "rotation": [-7.5, 0, 0],
              "uv": [56, 20]
            },
            {
              "origin": [7.5, 3.42225, -3.4592],
              "size": [0, 3, 6],
              "pivot": [7.5, 6.42225, -0.9592],
              "rotation": [0, 0, 7.5],
              "uv": [48, 47]
            },
            {
              "origin": [7.5, 6.42225, -3.4592],
              "size": [0, 3, 6],
              "pivot": [7.5, 6.42225, -0.9592],
              "rotation": [0, 0, -7.5],
              "uv": [36, 47]
            },
            {
              "origin": [13.5, 6.42225, -3.4592],
              "size": [0, 3, 6],
              "pivot": [13.5, 6.42225, -0.9592],
              "rotation": [0, 0, 7.5],
              "uv": [12, 47]
            },
            {
              "origin": [13.5, 3.42225, -3.4592],
              "size": [0, 3, 6],
              "pivot": [13.5, 6.42225, -0.9592],
              "rotation": [0, 0, -7.5],
              "uv": [24, 47]
            },
            {
              "origin": [7.5, 9.42225, -3.4592],
              "size": [3, 0, 6],
              "pivot": [10.5, 9.42225, -0.9592],
              "rotation": [0, 0, 7.5],
              "uv": [44, 18]
            },
            {
              "origin": [10.5, 9.42225, -3.4592],
              "size": [3, 0, 6],
              "pivot": [10.5, 9.42225, -0.9592],
              "rotation": [0, 0, -7.5],
              "uv": [44, 12]
            },
            {
              "origin": [10.5, 3.42225, -3.4592],
              "size": [3, 0, 6],
              "pivot": [10.5, 3.42225, -0.9592],
              "rotation": [0, 0, 7.5],
              "uv": [38, 34]
            },
            {
              "origin": [7.5, 3.42225, -3.4592],
              "size": [3, 0, 6],
              "pivot": [10.5, 3.42225, -0.9592],
              "rotation": [0, 0, -7.5],
              "uv": [43, 0]
            }
          ]
        },
        {
          "name": "arm_right",
          "parent": "torso",
          "pivot": [-5.5, 6.42225, -0.9592],
          "cubes": [
            {
              "origin": [-8, 5.92225, -0.9592],
              "size": [3, 1, 0],
              "uv": [0, 7]
            }
          ]
        },
        {
          "name": "arm_right2",
          "parent": "arm_right",
          "pivot": [-7.5, 6.42225, -0.9592],
          "cubes": [
            {
              "origin": [-13.5, 3.42225, -3.4592],
              "size": [6, 6, 6],
              "uv": [32, 22]
            },
            {
              "origin": [-13.5, 6.42225, -3.4592],
              "size": [6, 3, 0],
              "pivot": [-11, 6.42225, -3.4592],
              "rotation": [7.5, 0, 0],
              "uv": [56, 14]
            },
            {
              "origin": [-13.5, 3.42225, -3.4592],
              "size": [6, 3, 0],
              "pivot": [-11, 6.42225, -3.4592],
              "rotation": [-7.5, 0, 0],
              "uv": [10, 56]
            },
            {
              "origin": [-13.5, 3.42225, 2.5408],
              "size": [6, 3, 0],
              "pivot": [-11, 6.42225, 2.5408],
              "rotation": [7.5, 0, 0],
              "uv": [55, 4]
            },
            {
              "origin": [-13.5, 6.42225, 2.5408],
              "size": [6, 3, 0],
              "pivot": [-11, 6.42225, 2.5408],
              "rotation": [-7.5, 0, 0],
              "uv": [50, 42]
            },
            {
              "origin": [-7.5, 3.42225, -3.4592],
              "size": [0, 3, 6],
              "pivot": [-7.5, 6.42225, -0.9592],
              "rotation": [0, 0, -7.5],
              "uv": [0, 47]
            },
            {
              "origin": [-7.5, 6.42225, -3.4592],
              "size": [0, 3, 6],
              "pivot": [-7.5, 6.42225, -0.9592],
              "rotation": [0, 0, 7.5],
              "uv": [24, 44]
            },
            {
              "origin": [-13.5, 6.42225, -3.4592],
              "size": [0, 3, 6],
              "pivot": [-13.5, 6.42225, -0.9592],
              "rotation": [0, 0, -7.5],
              "uv": [12, 44]
            },
            {
              "origin": [-13.5, 3.42225, -3.4592],
              "size": [0, 3, 6],
              "pivot": [-13.5, 6.42225, -0.9592],
              "rotation": [0, 0, 7.5],
              "uv": [0, 44]
            },
            {
              "origin": [-10.5, 9.42225, -3.4592],
              "size": [3, 0, 6],
              "pivot": [-10.5, 9.42225, -0.9592],
              "rotation": [0, 0, -7.5],
              "uv": [14, 38]
            },
            {
              "origin": [-13.5, 9.42225, -3.4592],
              "size": [3, 0, 6],
              "pivot": [-10.5, 9.42225, -0.9592],
              "rotation": [0, 0, 7.5],
              "uv": [38, 12]
            },
            {
              "origin": [-10.5, 3.42225, -3.4592],
              "size": [3, 0, 6],
              "pivot": [-10.5, 3.42225, -0.9592],
              "rotation": [0, 0, 7.5],
              "uv": [43, 0],
              "mirror": true
            },
            {
              "origin": [-13.5, 3.42225, -3.4592],
              "size": [3, 0, 6],
              "pivot": [-10.5, 3.42225, -0.9592],
              "rotation": [0, 0, -7.5],
              "uv": [38, 34],
              "mirror": true
            }
          ]
        },
        {
          "name": "tail",
          "parent": "torso",
          "pivot": [0, 1.27225, 5.5408],
          "cubes": [
            {
              "origin": [-1.5, 1.27225, 4.5408],
              "size": [3, 3, 5],
              "uv": [45, 45]
            }
          ]
        },
        {
          "name": "cotton_top",
          "parent": "torso",
          "pivot": [0, 11.92225, 0.0408],
          "cubes": [
            {
              "origin": [-0.5, 10.92225, 0.0408],
              "size": [1, 3, 0],
              "uv": [4, 22]
            }
          ]
        },
        {
          "name": "cottonleaf_top",
          "parent": "cotton_top",
          "pivot": [0, 11.92225, 0.0408],
          "cubes": [
            {
              "origin": [-1, 11.92225, 0.0408],
              "size": [2, 2, 0],
              "pivot": [0, 11.92225, 0.0408],
              "rotation": [75, 0, 0],
              "uv": [6, 0]
            }
          ]
        },
        {
          "name": "cottonleaf_top3",
          "parent": "cotton_top",
          "pivot": [0, 11.92225, 0.0408],
          "cubes": [
            {
              "origin": [-1, 11.92225, 0.0408],
              "size": [2, 2, 0],
              "pivot": [0, 11.92225, 0.0408],
              "rotation": [-77.5, 45, 0],
              "uv": [6, 4]
            }
          ]
        },
        {
          "name": "cottonleaf_top2",
          "parent": "cotton_top",
          "pivot": [0, 11.92225, 0.0408],
          "cubes": [
            {
              "origin": [-1, 11.92225, 0.0408],
              "size": [2, 2, 0],
              "pivot": [0, 11.92225, 0.0408],
              "rotation": [-77.5, -45, 0],
              "uv": [6, 2]
            }
          ]
        },
        {
          "name": "cotton_top2",
          "parent": "cotton_top",
          "pivot": [0, 13.92225, 0.0408],
          "cubes": [
            {
              "origin": [-4, 13.92225, -3.9592],
              "size": [0, 4, 8],
              "pivot": [-4, 17.92225, 0.0408],
              "rotation": [0, 0, 7.5],
              "uv": [0, 34]
            },
            {
              "origin": [-4, 17.92225, -3.9592],
              "size": [0, 4, 8],
              "pivot": [-4, 17.92225, 0.0408],
              "rotation": [0, 0, -7.5],
              "uv": [0, 38]
            },
            {
              "origin": [4, 13.92225, -3.9592],
              "size": [0, 4, 8],
              "pivot": [4, 17.92225, 0.0408],
              "rotation": [0, 0, -7.5],
              "uv": [16, 38]
            },
            {
              "origin": [-4, 13.92225, -3.9592],
              "size": [8, 4, 0],
              "pivot": [0, 17.92225, -3.9592],
              "rotation": [-7.5, 0, 0],
              "uv": [50, 38]
            },
            {
              "origin": [-4, 17.92225, -3.9592],
              "size": [8, 4, 0],
              "pivot": [0, 17.92225, -3.9592],
              "rotation": [7.5, 0, 0],
              "uv": [55, 0]
            },
            {
              "origin": [4, 17.92225, -3.9592],
              "size": [0, 4, 8],
              "pivot": [4, 17.92225, 0.0408],
              "rotation": [0, 0, 7.5],
              "uv": [32, 38]
            },
            {
              "origin": [-4, 13.92225, -3.9592],
              "size": [8, 8, 8],
              "uv": [0, 22]
            },
            {
              "origin": [-4, 21.92225, 0.0408],
              "size": [8, 0, 4],
              "pivot": [0, 21.92225, 0.0408],
              "rotation": [7.5, 0, 0],
              "uv": [40, 8]
            },
            {
              "origin": [-4, 21.92225, -3.9592],
              "size": [8, 0, 4],
              "pivot": [0, 21.92225, 0.0408],
              "rotation": [-7.5, 0, 0],
              "uv": [0, 38]
            },
            {
              "origin": [-4, 13.92225, 0.0408],
              "size": [8, 0, 4],
              "pivot": [0, 13.92225, 0.0408],
              "rotation": [-7.5, 0, 0],
              "uv": [29, 0]
            },
            {
              "origin": [-4, 13.92225, -3.9592],
              "size": [8, 0, 4],
              "pivot": [0, 13.92225, 0.0408],
              "rotation": [7.5, 0, 0],
              "uv": [29, 4]
            },
            {
              "origin": [-4, 17.92225, 4.0408],
              "size": [8, 4, 0],
              "pivot": [0, 17.92225, 4.0408],
              "rotation": [-7.5, 0, 0],
              "uv": [50, 34]
            },
            {
              "origin": [-4, 13.92225, 4.0408],
              "size": [8, 4, 0],
              "pivot": [0, 17.92225, 4.0408],
              "rotation": [7.5, 0, 0],
              "uv": [50, 24]
            }
          ]
        },
        {
          "name": "mouth",
          "parent": "torso",
          "pivot": [4.5, -1.07775, -4.4592],
          "cubes": [
            {
              "origin": [-2, 5.67225, -5.4592],
              "size": [4, 1, 0],
              "inflate": 0.004,
              "uv": [0, 6]
            },
            {
              "origin": [-1.5, 5.42225, -5.4592],
              "size": [3, 1, 0],
              "inflate": 0.003,
              "uv": [0, 9]
            },
            {
              "origin": [-0.5, 5.92225, -5.4592],
              "size": [1, 1, 0],
              "inflate": 0.005,
              "uv": [8, 6]
            }
          ]
        },
        {
          "name": "mouth_open",
          "parent": "mouth",
          "pivot": [4.5, -1.07775, -3.4592],
          "cubes": [
            {
              "origin": [-1, 3.92225, -4.4592],
              "size": [2, 2, 0],
              "inflate": 0.002,
              "uv": [6, 7]
            }
          ]
        },
        {
          "name": "eye_right",
          "parent": "torso",
          "pivot": [4.75, -1.07775, -4.4592],
          "cubes": [
            {
              "origin": [-2.75, 8.17225, -5.4592],
              "size": [1, 1, 0],
              "inflate": 0.006,
              "uv": [0, 10]
            },
            {
              "origin": [-3.5, 7.17225, -5.4592],
              "size": [2, 2, 0],
              "inflate": 0.003,
              "uv": [6, 9]
            }
          ]
        },
        {
          "name": "eyelid_right",
          "parent": "eye_right",
          "pivot": [2.5, 8.17225, -4.3592],
          "cubes": [
            {
              "origin": [-3.5, 7.17225, -5.3592],
              "size": [2, 2, 0],
              "inflate": 0.003,
              "uv": [34, 56]
            }
          ]
        },
        {
          "name": "eye_left",
          "parent": "torso",
          "pivot": [2.375, 8.42225, -5.4592],
          "cubes": [
            {
              "origin": [1.5, 7.17225, -5.4592],
              "size": [2, 2, 0],
              "inflate": 0.003,
              "uv": [0, 22]
            },
            {
              "origin": [1.75, 8.17225, -5.4592],
              "size": [1, 1, 0],
              "inflate": 0.006,
              "uv": [2, 10]
            }
          ]
        },
        {
          "name": "eyelid_left",
          "parent": "eye_left",
          "pivot": [2.5, 8.17225, -4.3592],
          "cubes": [
            {
              "origin": [1.5, 7.17225, -5.3592],
              "size": [2, 2, 0],
              "inflate": 0.003,
              "uv": [38, 56]
            }
          ]
        },
        {
          "name": "leg_right",
          "parent": "body",
          "pivot": [-3.5, 1, -5.5],
          "cubes": [
            { "origin": [-5, 0, -8.5], "size": [3, 2, 4], "uv": [56, 8] }
          ]
        },
        {
          "name": "leg_left",
          "parent": "body",
          "pivot": [3.5, 1, -5.5],
          "cubes": [
            { "origin": [2, 0, -8.5], "size": [3, 2, 4], "uv": [0, 56] }
          ]
        }
      ]
    }
  ]
}
