{
  "format_version": "1.8.0",
  "animations": {
    "animation.zeraora.ground_walk": {
      "loop": true,
      "animation_length": 1,
      "bones": {
        "thigh_r": {
          "rotation": {
            "0.0": [35, 0, 0],
            "0.25": [0, 0, 0],
            "0.5": [-35, 0, 0],
            "0.75": [0, 0, 0],
            "1.0": [35, 0, 0]
          }
        },
        "arm_r": {
          "rotation": {
            "0.0": [-10, 0, 0],
            "0.5": [10, 0, 0],
            "1.0": [-10, 0, 0]
          }
        },
        "arm_l": {
          "rotation": {
            "0.0": [10, 0, 0],
            "0.5": [-10, 0, 0],
            "1.0": [10, 0, 0]
          }
        },
        "waist": {
          "position": {
            "0.0": [0, -1, 0],
            "0.25": [0, 0, 0],
            "0.5": [0, -1, 0],
            "0.75": [0, 0, 0],
            "1.0": [0, -1, 0]
          }
        },
        "thigh_l": {
          "rotation": {
            "0.0": [-35, 0, 0],
            "0.25": [0, 0, 0],
            "0.5": [35, 0, 0],
            "0.75": [0, 0, 0],
            "1.0": [-35, 0, 0]
          }
        },
        "body": {
          "rotation": [5, 0, 0]
        },
        "leg_r": {
          "rotation": {
            "0.0": [5, 0, 0],
            "0.25": [12.5, 0, 0],
            "0.5": [0, 0, 0],
            "0.75": [0, 0, 0],
            "1.0": [5, 0, 0]
          }
        },
        "leg2_r": {
          "rotation": {
            "0.0": [-15, 0, 0],
            "0.25": [-15, 0, 0],
            "0.5": [20, 0, 0],
            "0.75": [0, 0, 0],
            "1.0": [-15, 0, 0]
          }
        },
        "foot_r": {
          "rotation": {
            "0.0": [0, 0, 0],
            "0.25": [0, 0, 0],
            "0.5": [15, 0, 0],
            "0.75": [0, 0, 0],
            "1.0": [0, 0, 0]
          }
        },
        "leg_l": {
          "rotation": {
            "0.0": [0, 0, 0],
            "0.25": [0, 0, 0],
            "0.5": [5, 0, 0],
            "0.75": [12.5, 0, 0],
            "1.0": [0, 0, 0]
          }
        },
        "leg2_l": {
          "rotation": {
            "0.0": [20, 0, 0],
            "0.25": [0, 0, 0],
            "0.5": [-15, 0, 0],
            "0.75": [-15, 0, 0],
            "1.0": [20, 0, 0]
          }
        },
        "foot_l": {
          "rotation": {
            "0.0": [15, 0, 0],
            "0.25": [0, 0, 0],
            "0.75": [0, 0, 0],
            "1.0": [15, 0, 0]
          }
        },
        "tail": {
          "rotation": {
            "0.0": [5, 5, 0],
            "0.5": [-5, -5, 0],
            "1.0": [5, 5, 0]
          }
        },
        "tail2": {
          "rotation": {
            "0.0": [0, 2.5, 0],
            "0.5": [0, -2.5, 0],
            "1.0": [0, 2.5, 0]
          }
        },
        "tail3": {
          "rotation": {
            "0.0": [0, 5, 0],
            "0.5": [0, -5, 0],
            "1.0": [0, 5, 0]
          }
        },
        "tail4": {
          "rotation": {
            "0.0": [0, 5, 0],
            "0.5": [0, -5, 0],
            "1.0": [0, 5, 0]
          }
        }
      }
    },
    "animation.zeraora.ground_idle": {
      "loop": true,
      "animation_length": 4,
      "bones": {
        "body": {
          "rotation": {
            "0.0": [0, 0, 0],
            "2.0": [2.5, 0, 0],
            "4.0": [0, 0, 0]
          }
        },
        "arm_r": {
          "rotation": {
            "0.0": [0, 0, 0],
            "2.0": [0, 0, 2.5],
            "4.0": [0, 0, 0]
          }
        },
        "arm_l": {
          "rotation": {
            "0.0": [0, 0, 0],
            "2.0": [0, 0, -2.5],
            "4.0": [0, 0, 0]
          }
        },
        "tail": {
          "rotation": {
            "0.0": [0, 0, 0],
            "1.0": [0, 5, 0],
            "2.0": [0, 0, 0],
            "3.0": [0, -5, 0],
            "4.0": [0, 0, 0]
          }
        },
        "tail2": {
          "rotation": {
            "0.0": [0, 0, 0],
            "1.0": [0, 2.5, 0],
            "2.0": [0, 0, 0],
            "3.0": [0, -2.5, 0],
            "4.0": [0, 0, 0]
          }
        },
        "tail3": {
          "rotation": {
            "0.0": [0, 0, 0],
            "1.0": [0, 5, 0],
            "2.0": [0, 0, 0],
            "3.0": [0, -5, 0],
            "4.0": [0, 0, 0]
          }
        },
        "tail4": {
          "rotation": {
            "0.0": [0, 0, 0],
            "1.0": [0, 5, 0],
            "2.0": [0, 0, 0],
            "3.0": [0, -5, 0],
            "4.0": [0, 0, 0]
          }
        },
        "tail5": {
          "rotation": {
            "0.0": [0, 0, 0],
            "1.0": [0, 5, 0],
            "2.0": [0, 0, 0],
            "3.0": [0, -5, 0],
            "4.0": [0, 0, 0]
          }
        }
      }
    },
    "animation.zeraora.faint": {
      "animation_length": 3.5,
      "bones": {
        "waist": {
          "rotation": {
            "0.0": [0, 0, 0],
            "0.375": [0, 0, 0],
            "0.75": [12.5, 0, 0],
            "0.7917": [12.5, 0, 0],
            "1.25": [90, 0, 0]
          },
          "position": [0, 0, 0]
        },
        "tail": {
          "rotation": {
            "0.0": [0, 0, 0],
            "0.1667": [5, 0, 0],
            "0.2917": [-7.5, 0, 0],
            "0.4167": [-12.5, 0, 0],
            "0.75": [5, 0, 0],
            "0.7917": [5, 0, 0],
            "1.25": [10, 0, 0],
            "1.5": [-22.5, -45, 0]
          }
        },
        "body": {
          "rotation": [0, 0, 0]
        },
        "torso": {
          "rotation": {
            "0.0": [0, 0, 0],
            "0.25": [15, 0, 0],
            "0.375": [15, 0, 0],
            "0.75": [0, 0, 0],
            "0.7917": [0, 0, 0],
            "1.25": [-15, 0, 0],
            "1.2917": [-15, 0, 0]
          }
        },
        "neck": {
          "rotation": {
            "0.0": [0, 0, 0],
            "0.25": [10, 0, 0],
            "0.375": [10, 0, 0],
            "0.75": [0, 0, 0],
            "0.7917": [0, 0, 0],
            "1.25": [-5, 0, 0],
            "1.2917": [0, 0, 0]
          }
        },
        "head": {
          "rotation": {
            "0.0": [0, 0, 0],
            "0.25": [10, 0, 0],
            "0.375": [10, 0, 0],
            "0.75": [0, 0, 0],
            "0.7917": [0, 0, 0],
            "1.25": [-5, 0, 0],
            "1.2917": [0, 0, 0]
          }
        },
        "eye_l": {
          "position": {
            "0.0": [0, 0, 0],
            "0.0417": [0, 0, 1]
          }
        },
        "eye_l_closed": {
          "position": {
            "0.0": [0, 0, 0],
            "0.0417": [0, 0, -1.01]
          }
        },
        "eye_r": {
          "position": {
            "0.0": [0, 0, 0],
            "0.0417": [0, 0, 1]
          }
        },
        "eye_r_closed": {
          "position": {
            "0.0": [0, 0, 0],
            "0.0417": [0, 0, -1.01]
          }
        },
        "tail2": {
          "rotation": {
            "0.7917": [0, 0, 0],
            "1.25": [5, 0, 0],
            "1.5": [0, 0, 0]
          }
        },
        "tail3": {
          "rotation": {
            "0.7917": [0, 0, 0],
            "1.25": [5, 0, 0],
            "1.5": [0, 0, 0]
          }
        },
        "tail4": {
          "rotation": {
            "0.7917": [0, 0, 0],
            "1.25": [5, 0, 0],
            "1.5": [0, 0, 0]
          }
        },
        "arm_r": {
          "rotation": {
            "0.0": [0, 0, 0],
            "0.25": [-5, 0, 0],
            "0.375": [-5, 0, 0],
            "0.75": [10, 0, 0],
            "0.7917": [10, 0, 0],
            "1.25": [40, 0, 30],
            "1.2917": [10, 0, 30]
          }
        },
        "forearm_r": {
          "rotation": {
            "0.0": [0, 0, 0],
            "0.7917": [0, 0, 0],
            "1.25": [-5, 80, 0],
            "1.2917": [-5, 80, 0]
          }
        },
        "arm_l": {
          "rotation": {
            "0.0": [0, 0, 0],
            "0.25": [-5, 0, 0],
            "0.375": [-5, 0, 0],
            "0.75": [10, 0, 0],
            "0.7917": [10, 0, 0],
            "1.25": [40, 0, 0],
            "1.2917": [20, 0, 0]
          }
        }
      }
    },
    "animation.zeraora.sleep": {
      "loop": true,
      "animation_length": 1,
      "bones": {
        "waist": {
          "rotation": [0, 0, 90],
          "position": [-17, 2, 3]
        },
        "thigh_r": {
          "rotation": [-24.24953, -23.04067, -25.62335]
        },
        "leg_r": {
          "rotation": [30, 0, 0]
        },
        "leg2_r": {
          "rotation": [40, 0, 0]
        },
        "foot_r": {
          "rotation": [50, 0, 0]
        },
        "thigh_l": {
          "rotation": [-45, 0, 7.5]
        },
        "leg_l": {
          "rotation": [30, 0, 0]
        },
        "leg2_l": {
          "rotation": [47.5, 0, 0]
        },
        "body": {
          "rotation": [15, 0, -5]
        },
        "tail": {
          "rotation": [-20, 0, 0]
        },
        "tail2": {
          "rotation": [5, 0, 0]
        },
        "tail3": {
          "rotation": [-37.5, 0, 0]
        },
        "tail4": {
          "rotation": [-20, 0, 0]
        },
        "head": {
          "rotation": [20, 0, 0]
        },
        "eye_l": {
          "position": [0, 0, 1]
        },
        "eye_r": {
          "position": [0, 0, 1]
        },
        "arm_r": {
          "rotation": [-50, -35, 0]
        },
        "forearm_r": {
          "rotation": [-90, 0, 0]
        },
        "arm_l": {
          "rotation": [-120, 0, 35]
        },
        "forearm_l": {
          "rotation": [-90, 0, 0]
        },
        "neck": {
          "rotation": [0, 0, -15]
        },
        "eye_r_closed": {
          "position": [0, 0, -1.01]
        },
        "eye_l_closed": {
          "position": [0, 0, -1.01]
        },
        "torso": {
          "rotation": [22.5, 0, 0]
        }
      }
    },
    "animation.zeraora.cry": {
      "animation_length": 1,
      "bones": {
        "eye_l": {
          "rotation": [0, 0, -2.5],
          "position": [0, 0, 0]
        },
        "eye_r": {
          "rotation": [0, 0, 2.5],
          "position": [0, 0, 0]
        },
        "jaw": {
          "rotation": {
            "0.0": [0, 0, 0],
            "0.25": [25, 0, 0],
            "0.75": [25, 0, 0],
            "1.0": [0, 0, 0]
          }
        }
      }
    }
  }
}
