{
  "format_version": "1.12.0",
  "minecraft:geometry": [
    {
      "description": {
        "identifier": "geometry.unknown",
        "texture_width": 64,
        "texture_height": 64,
        "visible_bounds_width": 4,
        "visible_bounds_height": 2.5,
        "visible_bounds_offset": [0, 0.75, 0]
      },
      "bones": [
        {
          "name": "togedemaru_main",
          "pivot": [0, 0, 0]
        },
        {
          "name": "togedemaru",
          "parent": "togedemaru_main",
          "pivot": [0.0089, 5.6945, 0.14516]
        },
        {
          "name": "body",
          "parent": "togedemaru",
          "pivot": [0.0089, 1.2695, 0.14516],
          "cubes": [
            {
              "origin": [-4.4911, 1.36919, -4.53655],
              "size": [9, 9, 9],
              "uv": [0, 0]
            }
          ]
        },
        {
          "name": "ear_left",
          "parent": "body",
          "pivot": [2.9339, 9.04419, -4.03655],
          "rotation": [37.5, 0, 42.5],
          "cubes": [
            {
              "origin": [2.1089, 8.71919, -4.63655],
              "size": [2, 2, 1],
              "uv": [32, 18]
            }
          ]
        },
        {
          "name": "ear_right",
          "parent": "body",
          "pivot": [-2.9161, 9.04419, -4.03655],
          "rotation": [37.5, 0, -42.5],
          "cubes": [
            {
              "origin": [-4.0911, 8.71919, -4.63655],
              "size": [2, 2, 1],
              "uv": [32, 18],
              "mirror": true
            }
          ]
        },
        {
          "name": "cheek",
          "parent": "body",
          "pivot": [-1.4911, 0.04419, -3.53655],
          "cubes": [
            {
              "origin": [-3.5161, 4.34419, -4.94655],
              "size": [2, 2, 2],
              "inflate": -0.4,
              "uv": [0, 0]
            },
            {
              "origin": [1.5339, 4.34419, -4.94655],
              "size": [2, 2, 2],
              "inflate": -0.4,
              "uv": [0, 4]
            }
          ]
        },
        {
          "name": "hand_left",
          "parent": "body",
          "pivot": [2.7089, 4.79419, -4.26155],
          "cubes": [
            {
              "origin": [2.7589, 2.46919, -4.23655],
              "size": [1, 3, 1],
              "pivot": [2.7089, 4.79419, -4.26155],
              "rotation": [-35.74912, 16.7796, 28.24912],
              "uv": [35, 0]
            }
          ]
        },
        {
          "name": "hand_right",
          "parent": "body",
          "pivot": [-2.6911, 4.79419, -4.26155],
          "cubes": [
            {
              "origin": [-3.7411, 2.46919, -4.23655],
              "size": [1, 3, 1],
              "pivot": [-2.6911, 4.79419, -4.26155],
              "rotation": [-35.74912, -16.7796, -28.24912],
              "uv": [32, 35]
            }
          ]
        },
        {
          "name": "nose",
          "parent": "body",
          "pivot": [0.0214, 6.70669, -4.48655],
          "cubes": [
            {
              "origin": [-0.9661, 6.09419, -5.53655],
              "size": [2, 1, 1],
              "uv": [28, 1]
            },
            {
              "origin": [-0.4911, 6.31919, -5.83655],
              "size": [1, 1, 1],
              "uv": [35, 34]
            }
          ]
        },
        {
          "name": "eye_left",
          "parent": "body",
          "pivot": [-1.4911, 0.04419, -3.53655],
          "cubes": [
            {
              "origin": [1.6839, 7.14419, -4.82155],
              "size": [1, 1, 1],
              "inflate": -0.25,
              "uv": [36, 10],
              "mirror": true
            },
            {
              "origin": [1.7839, 6.06919, -4.54655],
              "size": [1, 2, 2],
              "uv": [26, 31]
            }
          ]
        },
        {
          "name": "eyelid2",
          "parent": "eye_left",
          "pivot": [2.2839, 7.06919, -3.52155],
          "cubes": [
            {
              "origin": [1.7839, 6.06919, -4.52155],
              "size": [1, 2, 2],
              "uv": [36, 12]
            }
          ]
        },
        {
          "name": "eye_right",
          "parent": "body",
          "pivot": [1.5089, 0.04419, -3.53655],
          "cubes": [
            {
              "origin": [-2.7661, 6.06919, -4.54655],
              "size": [1, 2, 2],
              "uv": [20, 31]
            },
            {
              "origin": [-2.6661, 7.14419, -4.82155],
              "size": [1, 1, 1],
              "inflate": -0.25,
              "uv": [36, 10]
            }
          ]
        },
        {
          "name": "eyelid",
          "parent": "eye_right",
          "pivot": [-2.2661, 7.06919, -3.72155],
          "cubes": [
            {
              "origin": [-2.7661, 6.06919, -4.5215],
              "size": [1, 2, 2],
              "uv": [36, 12]
            }
          ]
        },
        {
          "name": "spike_right",
          "parent": "body",
          "pivot": [-4.5161, 8.36919, -3.53655]
        },
        {
          "name": "bone4",
          "parent": "spike_right",
          "pivot": [-4.5161, 6.69419, -0.68655],
          "cubes": [
            {
              "origin": [-4.5161, 5.69419, -0.68655],
              "size": [0, 2, 2],
              "pivot": [-4.5161, 6.69419, -0.68655],
              "rotation": [0, -17.5, 0],
              "uv": [28, 33]
            },
            {
              "origin": [-4.5161, 2.96919, -0.68655],
              "size": [0, 2, 2],
              "pivot": [-4.5161, 6.69419, -0.68655],
              "rotation": [0, -17.5, 0],
              "uv": [28, 33]
            }
          ]
        },
        {
          "name": "bone5",
          "parent": "spike_right",
          "pivot": [-4.5161, 8.36919, 2.01345],
          "cubes": [
            {
              "origin": [-4.5161, 7.36919, 2.01345],
              "size": [0, 2, 2],
              "pivot": [-4.5161, 8.36919, 2.01345],
              "rotation": [0, -17.5, 0],
              "uv": [24, 33]
            },
            {
              "origin": [-4.5161, 4.64419, 2.01345],
              "size": [0, 2, 2],
              "pivot": [-4.5161, 8.36919, 2.01345],
              "rotation": [0, -17.5, 0],
              "uv": [28, 33]
            },
            {
              "origin": [-4.5161, 1.89419, 2.01345],
              "size": [0, 2, 2],
              "pivot": [-4.5161, 8.36919, 2.01345],
              "rotation": [0, -17.5, 0],
              "uv": [24, 33]
            }
          ]
        },
        {
          "name": "bone6",
          "parent": "spike_right",
          "pivot": [-4.5161, 8.36919, -3.53655],
          "cubes": [
            {
              "origin": [-4.5161, 7.36919, -3.53655],
              "size": [0, 2, 2],
              "pivot": [-4.5161, 8.36919, -3.53655],
              "rotation": [0, -17.5, 0],
              "uv": [28, 33]
            },
            {
              "origin": [-4.5161, 4.64419, -3.53655],
              "size": [0, 2, 2],
              "pivot": [-4.5161, 8.36919, -3.53655],
              "rotation": [0, -17.5, 0],
              "uv": [24, 33]
            },
            {
              "origin": [-4.5161, 1.89419, -3.53655],
              "size": [0, 2, 2],
              "pivot": [-4.5161, 8.36919, -3.53655],
              "rotation": [0, -17.5, 0],
              "uv": [28, 33]
            }
          ]
        },
        {
          "name": "spike_back",
          "parent": "body",
          "pivot": [-1.5411, 8.36919, 4.53845]
        },
        {
          "name": "bone8",
          "parent": "spike_back",
          "pivot": [-1.5411, 8.36919, 4.53845],
          "cubes": [
            {
              "origin": [-3.5161, 1.84419, 4.48845],
              "size": [2, 2, 0],
              "pivot": [-1.5411, 8.36919, 4.53845],
              "rotation": [0, 12.5, 0],
              "uv": [24, 35],
              "mirror": true
            },
            {
              "origin": [-3.5161, 7.36919, 4.48845],
              "size": [2, 2, 0],
              "pivot": [-1.5411, 8.36919, 4.53845],
              "rotation": [0, 12.5, 0],
              "uv": [24, 35],
              "mirror": true
            },
            {
              "origin": [-3.5161, 4.59419, 4.48845],
              "size": [2, 2, 0],
              "pivot": [-1.5411, 8.36919, 4.53845],
              "rotation": [0, 12.5, 0],
              "uv": [28, 35],
              "mirror": true
            }
          ]
        },
        {
          "name": "bone7",
          "parent": "spike_back",
          "pivot": [1.5589, 8.36919, 4.53845],
          "cubes": [
            {
              "origin": [1.5339, 1.84419, 4.48845],
              "size": [2, 2, 0],
              "pivot": [1.5589, 8.36919, 4.53845],
              "rotation": [0, -12.5, 0],
              "uv": [24, 35]
            },
            {
              "origin": [1.5339, 7.36919, 4.48845],
              "size": [2, 2, 0],
              "pivot": [1.5589, 8.36919, 4.53845],
              "rotation": [0, -12.5, 0],
              "uv": [24, 35]
            },
            {
              "origin": [1.5339, 4.59419, 4.48845],
              "size": [2, 2, 0],
              "pivot": [1.5589, 8.36919, 4.53845],
              "rotation": [0, -12.5, 0],
              "uv": [28, 35]
            }
          ]
        },
        {
          "name": "spike_left",
          "parent": "body",
          "pivot": [4.5339, 8.36919, -3.53655]
        },
        {
          "name": "bone2",
          "parent": "spike_left",
          "pivot": [4.83461, 6.68169, -0.58283],
          "cubes": [
            {
              "origin": [4.5339, 5.69419, -0.68655],
              "size": [0, 2, 2],
              "pivot": [4.5339, 6.69419, -0.68655],
              "rotation": [0, 17.5, 0],
              "uv": [28, 33]
            },
            {
              "origin": [4.5339, 2.96919, -0.68655],
              "size": [0, 2, 2],
              "pivot": [4.5339, 6.69419, -0.68655],
              "rotation": [0, 17.5, 0],
              "uv": [28, 33]
            }
          ]
        },
        {
          "name": "bone3",
          "parent": "spike_left",
          "pivot": [4.5339, 8.36919, 2.01345],
          "cubes": [
            {
              "origin": [4.5339, 7.36919, 2.01345],
              "size": [0, 2, 2],
              "pivot": [4.5339, 8.36919, 2.01345],
              "rotation": [0, 17.5, 0],
              "uv": [24, 33]
            },
            {
              "origin": [4.5339, 4.64419, 2.01345],
              "size": [0, 2, 2],
              "pivot": [4.5339, 8.36919, 2.01345],
              "rotation": [0, 17.5, 0],
              "uv": [28, 33]
            },
            {
              "origin": [4.5339, 1.89419, 2.01345],
              "size": [0, 2, 2],
              "pivot": [4.5339, 8.36919, 2.01345],
              "rotation": [0, 17.5, 0],
              "uv": [24, 33]
            }
          ]
        },
        {
          "name": "bone",
          "parent": "spike_left",
          "pivot": [4.5339, 8.36919, -3.53655],
          "cubes": [
            {
              "origin": [4.5339, 7.36919, -3.53655],
              "size": [0, 2, 2],
              "pivot": [4.5339, 8.36919, -3.53655],
              "rotation": [0, 17.5, 0],
              "uv": [28, 33]
            },
            {
              "origin": [4.5339, 4.64419, -3.53655],
              "size": [0, 2, 2],
              "pivot": [4.5339, 8.36919, -3.53655],
              "rotation": [0, 17.5, 0],
              "uv": [24, 33]
            },
            {
              "origin": [4.5339, 1.89419, -3.53655],
              "size": [0, 2, 2],
              "pivot": [4.5339, 8.36919, -3.53655],
              "rotation": [0, 17.5, 0],
              "uv": [28, 33]
            }
          ]
        },
        {
          "name": "bone9",
          "parent": "body",
          "pivot": [-0.05653, 5.51919, -4.16155],
          "cubes": [
            {
              "origin": [-0.45653, 4.89419, -4.88655],
              "size": [2, 1, 1],
              "inflate": -0.325,
              "pivot": [0.34347, 5.51919, -4.16155],
              "rotation": [0, 0, -20],
              "uv": [26, 37],
              "mirror": true
            },
            {
              "origin": [-1.50653, 4.79419, -4.88655],
              "size": [2, 1, 1],
              "inflate": -0.325,
              "pivot": [-0.05653, 5.51919, -4.16155],
              "rotation": [0, 0, 20],
              "uv": [26, 37]
            }
          ]
        },
        {
          "name": "tail",
          "parent": "body",
          "pivot": [0.0089, 8.02084, 4.56345],
          "cubes": [
            {
              "origin": [0.0089, 4.59584, 4.46345],
              "size": [0, 9, 14],
              "uv": [0, 24]
            },
            {
              "origin": [0.0089, 13.58584, 7.46345],
              "size": [0, 7, 13],
              "uv": [0, 5]
            }
          ]
        },
        {
          "name": "leg_left",
          "parent": "togedemaru",
          "pivot": [2.75, 2.5, 0],
          "rotation": [0, -5, 0],
          "cubes": [
            {
              "origin": [1.75, 0.5, -1],
              "size": [2, 2, 2],
              "uv": [27, 4],
              "mirror": true
            }
          ]
        },
        {
          "name": "foot_left",
          "parent": "leg_left",
          "pivot": [2.75, 1, 0],
          "cubes": [
            {
              "origin": [1.25, 0, -2.5],
              "size": [3, 1, 4],
              "uv": [22, 21],
              "mirror": true
            }
          ]
        },
        {
          "name": "foot_left2",
          "parent": "foot_left",
          "pivot": [2.75, 0, -1.5],
          "cubes": [
            {
              "origin": [1.25, 0, -3.5],
              "size": [3, 1, 2],
              "inflate": 0.01,
              "uv": [43, 6]
            }
          ]
        },
        {
          "name": "leg_right",
          "parent": "togedemaru",
          "pivot": [-2.75, 2.5, 0],
          "rotation": [0, 5, 0],
          "cubes": [
            { "origin": [-3.75, 0.5, -1], "size": [2, 2, 2], "uv": [27, 4] }
          ]
        },
        {
          "name": "foot_right",
          "parent": "leg_right",
          "pivot": [-2.75, 1, 0],
          "cubes": [
            { "origin": [-4.25, 0, -2.5], "size": [3, 1, 4], "uv": [22, 21] }
          ]
        },
        {
          "name": "foot_right2",
          "parent": "foot_right",
          "pivot": [-2.75, 0, -1.5],
          "cubes": [
            {
              "origin": [-4.25, 0, -3.5],
              "size": [3, 1, 2],
              "inflate": 0.01,
              "uv": [43, 6],
              "mirror": true
            }
          ]
        }
      ]
    }
  ]
}
