{
  "format_version": "1.12.0",
  "minecraft:geometry": [
    {
      "description": {
        "identifier": "geometry.pawniard",
        "texture_width": 64,
        "texture_height": 64,
        "visible_bounds_width": 3,
        "visible_bounds_height": 2.5,
        "visible_bounds_offset": [0, 0.75, 0]
      },
      "bones": [
        {
          "name": "pawniard",
          "pivot": [0, 0, 0]
        },
        {
          "name": "body",
          "parent": "pawniard",
          "pivot": [0, 0, 0]
        },
        {
          "name": "torso",
          "parent": "body",
          "pivot": [0, 4.75, 0.25],
          "cubes": [
            {
              "origin": [-2.5, 4.25, -1.75],
              "size": [5, 6, 4],
              "uv": [24, 10]
            },
            { "origin": [-2, 10.25, -1.75], "size": [4, 1, 4], "uv": [0, 36] },
            { "origin": [-3, 8.25, -5.25], "size": [6, 0, 6], "uv": [15, 0] },
            { "origin": [-3, 5.75, -5.25], "size": [6, 0, 6], "uv": [27, 0] }
          ]
        },
        {
          "name": "head",
          "parent": "torso",
          "pivot": [0, 10.75, 0.25],
          "cubes": [
            { "origin": [-3.5, 10.75, -3.25], "size": [7, 7, 7], "uv": [0, 0] }
          ]
        },
        {
          "name": "eyes",
          "parent": "head",
          "pivot": [0, 13.75, -2.75]
        },
        {
          "name": "eye_right",
          "parent": "eyes",
          "pivot": [-2.5, 13.75, -2.75],
          "cubes": [
            {
              "origin": [-3.5, 12.75, -3.25],
              "size": [2, 2, 1],
              "inflate": 0.01,
              "uv": [18, 14]
            },
            {
              "origin": [-2.75, 13.5, -3.25],
              "size": [1, 1, 0],
              "inflate": 0.02,
              "uv": [5, 0]
            }
          ]
        },
        {
          "name": "eyelid_right",
          "parent": "eye_right",
          "pivot": [-2.4, 13.75, -2.65],
          "cubes": [
            {
              "origin": [-3.4, 12.75, -3.15],
              "size": [2, 2, 1],
              "inflate": 0.03,
              "uv": [6, 41]
            }
          ]
        },
        {
          "name": "eye_left",
          "parent": "eyes",
          "pivot": [2.5, 13.75, -2.75],
          "cubes": [
            {
              "origin": [1.5, 12.75, -3.25],
              "size": [2, 2, 1],
              "inflate": 0.01,
              "uv": [18, 17],
              "mirror": true
            },
            {
              "origin": [1.75, 13.5, -3.25],
              "size": [1, 1, 0],
              "inflate": 0.02,
              "uv": [5, 1],
              "mirror": true
            }
          ]
        },
        {
          "name": "eyelid_left",
          "parent": "eye_left",
          "pivot": [2.4, 13.75, -2.65],
          "cubes": [
            {
              "origin": [1.4, 12.75, -3.15],
              "size": [2, 2, 1],
              "inflate": 0.03,
              "uv": [0, 41],
              "mirror": true
            }
          ]
        },
        {
          "name": "helmet",
          "parent": "head",
          "pivot": [0, 10.75, 0.25],
          "cubes": [
            {
              "origin": [-4.5, 11.5, -3.75],
              "size": [0, 7, 8],
              "uv": [16, 28]
            },
            {
              "origin": [-4.5, 14.5, -3.75],
              "size": [9, 4, 0],
              "uv": [16, 43]
            },
            { "origin": [4.5, 11.5, -3.75], "size": [0, 7, 8], "uv": [16, 21] },
            { "origin": [-4.5, 11.5, 4.25], "size": [9, 7, 0], "uv": [14, 22] },
            {
              "origin": [-4.5, 18.5, -3.75],
              "size": [9, 0, 8],
              "uv": [-8, 14]
            },
            {
              "origin": [0, 13, -8.75],
              "size": [0, 8, 7],
              "pivot": [0, 16.5, -2.75],
              "rotation": [-5, 0, 0],
              "uv": [0, 15]
            }
          ]
        },
        {
          "name": "arm_right",
          "parent": "torso",
          "pivot": [-2.5, 9.5, 0.25],
          "cubes": [
            {
              "origin": [-6, 9, -0.25],
              "size": [4, 1, 1],
              "inflate": 0.01,
              "uv": [32, 22]
            }
          ]
        },
        {
          "name": "forearm_right",
          "parent": "arm_right",
          "pivot": [-6, 9.5, 0.75],
          "cubes": [
            { "origin": [-11, 9, -0.75], "size": [5, 1, 2], "uv": [0, 33] },
            { "origin": [-15.5, 9.5, -0.75], "size": [5, 0, 2], "uv": [30, 24] }
          ]
        },
        {
          "name": "arm_left",
          "parent": "torso",
          "pivot": [2.5, 9.5, 0.25],
          "cubes": [
            {
              "origin": [2, 9, -0.25],
              "size": [4, 1, 1],
              "inflate": 0.01,
              "uv": [32, 20],
              "mirror": true
            }
          ]
        },
        {
          "name": "forearm_left",
          "parent": "arm_left",
          "pivot": [6, 9.5, 0.75],
          "cubes": [
            {
              "origin": [6, 9, -0.75],
              "size": [5, 1, 2],
              "uv": [0, 30],
              "mirror": true
            },
            {
              "origin": [10.5, 9.5, -0.75],
              "size": [5, 0, 2],
              "uv": [30, 26],
              "mirror": true
            }
          ]
        },
        {
          "name": "leg_right",
          "parent": "body",
          "pivot": [-2.25, 4.75, 0.25],
          "rotation": [-20, 35, 0],
          "cubes": [
            {
              "origin": [-2.75, 3.25, -0.25],
              "size": [1, 2, 1],
              "inflate": 0.01,
              "uv": [0, 4]
            }
          ]
        },
        {
          "name": "leg_right2",
          "parent": "leg_right",
          "pivot": [-2.25, 3.25, -0.25],
          "rotation": [20, 0, 0],
          "cubes": [
            { "origin": [-2.75, 0.25, -0.25], "size": [1, 3, 1], "uv": [0, 0] }
          ]
        },
        {
          "name": "foot_right",
          "parent": "leg_right2",
          "pivot": [-2.25, 0.75, 0.25],
          "rotation": [0, -30, 0],
          "cubes": [
            { "origin": [-3.75, -0.25, -2], "size": [3, 1, 3], "uv": [28, 6] }
          ]
        },
        {
          "name": "leg_left",
          "parent": "body",
          "pivot": [2.25, 4.75, 0.25],
          "rotation": [-20, -35, 0],
          "cubes": [
            {
              "origin": [1.75, 3.25, -0.25],
              "size": [1, 2, 1],
              "inflate": 0.01,
              "uv": [36, 28],
              "mirror": true
            }
          ]
        },
        {
          "name": "leg_left2",
          "parent": "leg_left",
          "pivot": [2.25, 3.25, -0.25],
          "rotation": [20, 0, 0],
          "cubes": [
            {
              "origin": [1.75, 0.25, -0.25],
              "size": [1, 3, 1],
              "uv": [32, 28],
              "mirror": true
            }
          ]
        },
        {
          "name": "foot_left",
          "parent": "leg_left2",
          "pivot": [2.25, 0.75, 0.25],
          "rotation": [0, 30, 0],
          "cubes": [
            {
              "origin": [0.75, -0.25, -2],
              "size": [3, 1, 3],
              "uv": [40, 6],
              "mirror": true
            }
          ]
        }
      ]
    }
  ]
}
