{
  "format_version": "1.12.0",
  "minecraft:geometry": [
    {
      "description": {
        "identifier": "geometry.https://modrinth.com/datapack/alolamons",
        "texture_width": 64,
        "texture_height": 64,
        "visible_bounds_width": 4,
        "visible_bounds_height": 2.5,
        "visible_bounds_offset": [0, 0.75, 0]
      },
      "bones": [
        {
          "name": "vikavolt",
          "pivot": [0, 0, 0]
        },
        {
          "name": "body",
          "parent": "vikavolt",
          "pivot": [0, 0, 0]
        },
        {
          "name": "head",
          "parent": "body",
          "pivot": [0, 0, 0]
        },
        {
          "name": "head2",
          "parent": "head",
          "pivot": [-0.7, 9.95, -4],
          "rotation": [12.5, 0, 0],
          "cubes": [
            {
              "origin": [-3.7, 7.95, -7],
              "size": [6, 4, 6],
              "pivot": [-0.7, 9.95, -4],
              "rotation": [0, 45, 0],
              "uv": [36, 0]
            }
          ]
        },
        {
          "name": "head_top",
          "parent": "head2",
          "pivot": [-0.7, 10.55, -8.4],
          "rotation": [18, 0, 0],
          "cubes": [
            {
              "origin": [-4.7, 10.21223, -7.62444],
              "size": [7, 1, 7],
              "pivot": [-0.7, 10.71223, -4.62444],
              "rotation": [0, 45, 0],
              "uv": [27, 32]
            }
          ]
        },
        {
          "name": "bone6",
          "parent": "head2",
          "pivot": [-0.7, 9.95, -4]
        },
        {
          "name": "blades",
          "parent": "head2",
          "pivot": [0, 0, 0]
        },
        {
          "name": "blades_left",
          "parent": "blades",
          "pivot": [0, 7.8, -17]
        },
        {
          "name": "blade2",
          "parent": "blades_left",
          "pivot": [4.70967, 9.002, -7.45151],
          "cubes": [
            {
              "origin": [1.9769, 8.95729, -4.58831],
              "size": [2, 1, 15],
              "pivot": [3.14218, 9.5, -4.66346],
              "rotation": [170.25256, -5.62543, -179.47788],
              "uv": [0, 21]
            },
            {
              "origin": [5.02194, 8.3, -7.38175],
              "size": [1, 2, 7],
              "pivot": [6.02194, 10.1, -4.28175],
              "rotation": [102.5, 12.5, -90],
              "uv": [39, 44]
            },
            {
              "origin": [4.7476, 8.71903, -3.99578],
              "size": [1, 2, 4],
              "pivot": [5.45438, 9.91197, -3.81238],
              "rotation": [145.12268, 11.68023, -89.41431],
              "uv": [0, 0]
            }
          ]
        },
        {
          "name": "spikes2",
          "parent": "blade2",
          "pivot": [0, 7.8, -17],
          "cubes": [
            {
              "origin": [-0.01637, 6.8164, -19.34054],
              "size": [1, 0, 1],
              "pivot": [0.68363, 7.0164, -19.04054],
              "rotation": [0, 5, 0],
              "uv": [5, 3]
            },
            {
              "origin": [0.52988, 7.83324, -15.00797],
              "size": [1, 0, 1],
              "pivot": [0.82988, 7.83324, -14.50797],
              "rotation": [10.09626, 7.87768, 1.39801],
              "uv": [5, 2]
            },
            {
              "origin": [0.74488, 8.21383, -12.84952],
              "size": [1, 0, 1],
              "pivot": [1.04488, 8.21383, -12.34952],
              "rotation": [10.09626, 7.87768, 1.39801],
              "uv": [5, 1]
            },
            {
              "origin": [0.96512, 8.61177, -10.59272],
              "size": [1, 0, 1],
              "pivot": [1.26512, 8.61177, -10.09272],
              "rotation": [10.09626, 7.87768, 1.39801],
              "uv": [5, 0]
            }
          ]
        },
        {
          "name": "blades_right",
          "parent": "blades",
          "pivot": [0, 0, 0]
        },
        {
          "name": "blade",
          "parent": "blades_right",
          "pivot": [6.02194, 10.1, -4.28175],
          "cubes": [
            {
              "origin": [-7.97806, 7.48199, -9.35931],
              "size": [1, 2, 7],
              "pivot": [-7.47806, 9.48199, -4.75931],
              "rotation": [82.5, 12.5, -90],
              "uv": [44, 19]
            },
            {
              "origin": [-7.08326, 6.6, -8.3514],
              "size": [1, 2, 4],
              "pivot": [-6.58326, 9.13, -6.3514],
              "rotation": [37.5, 12.5, -90],
              "uv": [53, 58]
            },
            {
              "origin": [-6.21658, 9.02874, -2.86284],
              "size": [2, 1, 15],
              "pivot": [-4.95782, 9.3, -3.86346],
              "rotation": [170.18904, 8.58186, 178.96444],
              "uv": [17, 5]
            }
          ]
        },
        {
          "name": "spikes",
          "parent": "blades_right",
          "pivot": [0, 0, 0],
          "cubes": [
            {
              "origin": [-2.11183, 7.78591, -15.00052],
              "size": [1, 0, 1],
              "pivot": [-1.61183, 7.78591, -14.60052],
              "rotation": [145.73437, -72.03614, -147.05419],
              "uv": [0, 2]
            },
            {
              "origin": [-2.81449, 8.57549, -10.52257],
              "size": [1, 0, 1],
              "pivot": [-2.31449, 8.57549, -10.12257],
              "rotation": [144.84536, -72.44717, -146.12071],
              "uv": [0, 0]
            },
            {
              "origin": [-2.42338, 8.16471, -12.85223],
              "size": [1, 0, 1],
              "pivot": [-1.92338, 8.16471, -12.45223],
              "rotation": [144.84536, -72.44717, -146.12071],
              "uv": [0, 1]
            },
            {
              "origin": [-1.58733, 6.82219, -19.24057],
              "size": [1, 0, 1],
              "pivot": [-1.38733, 7.12219, -18.84057],
              "rotation": [0, -7.5, 0],
              "uv": [0, 3]
            }
          ]
        },
        {
          "name": "eyelids",
          "parent": "head2",
          "pivot": [-0.7, 9.95, -4]
        },
        {
          "name": "eyelid_left",
          "parent": "eyelids",
          "pivot": [-0.7, 9.95, -4],
          "cubes": [
            {
              "origin": [-0.6381, 9.95, -8],
              "size": [3, 2, 0],
              "pivot": [-0.44173, 11.05, -8.21295],
              "rotation": [0, -46, 0],
              "uv": [36, 62]
            }
          ]
        },
        {
          "name": "eyelid_right",
          "parent": "eyelids",
          "pivot": [-0.7, 9.95, -4],
          "cubes": [
            {
              "origin": [-2.88, 9.95, -6.231],
              "size": [3, 2, 0],
              "pivot": [-2.6, 10.25, -6.3],
              "rotation": [0, 45, 0],
              "uv": [36, 62]
            }
          ]
        },
        {
          "name": "body2",
          "parent": "body",
          "pivot": [-0.4, 0, 0]
        },
        {
          "name": "body1",
          "parent": "body2",
          "pivot": [-0.85591, 9.92887, 4.39428],
          "cubes": [
            {
              "origin": [-3.35591, 7.12887, -0.50572],
              "size": [6, 6, 5],
              "pivot": [-0.85591, 9.92887, 9.29428],
              "rotation": [-2.2449, 0.34443, -1.05173],
              "uv": [24, 40]
            }
          ]
        },
        {
          "name": "body3",
          "parent": "body2",
          "pivot": [-0.85591, 9.92887, 4.39428],
          "cubes": [
            {
              "origin": [-2.85591, 7.42887, 4.49428],
              "size": [5, 5, 5],
              "pivot": [-0.85591, 9.92887, 9.29428],
              "rotation": [-2.2449, 0.34443, -1.05173],
              "uv": [0, 46]
            }
          ]
        },
        {
          "name": "bone",
          "parent": "body2",
          "pivot": [-0.85591, 9.92887, 10.19428],
          "cubes": [
            {
              "origin": [-2.85591, 7.42887, 9.89428],
              "size": [5, 5, 3],
              "pivot": [-0.85591, 9.92887, 9.29428],
              "rotation": [-2.2449, 0.34443, -1.05173],
              "uv": [48, 40]
            }
          ]
        },
        {
          "name": "bone2",
          "parent": "body2",
          "pivot": [-0.85591, 9.92887, 13.49428],
          "cubes": [
            {
              "origin": [-2.85591, 7.42887, 13.29428],
              "size": [5, 5, 3],
              "pivot": [-0.85591, 9.92887, 9.29428],
              "rotation": [-2.2449, 0.34443, -1.05173],
              "uv": [48, 29]
            }
          ]
        },
        {
          "name": "bone3",
          "parent": "body2",
          "pivot": [-0.85591, 9.92887, 16.29428],
          "cubes": [
            {
              "origin": [-2.55591, 7.92887, 16.09428],
              "size": [4, 4, 1],
              "pivot": [-0.85591, 9.92887, 9.29428],
              "rotation": [-2.2449, 0.34443, -1.05173],
              "uv": [0, 6]
            }
          ]
        },
        {
          "name": "bone4",
          "parent": "body2",
          "pivot": [-0.85591, 9.92887, 9.39428],
          "cubes": [
            {
              "origin": [-2.45591, 7.92887, 9.49428],
              "size": [4, 4, 1],
              "pivot": [-0.85591, 9.92887, 9.29428],
              "rotation": [-2.2449, 0.34443, -1.05173],
              "uv": [0, 16]
            }
          ]
        },
        {
          "name": "bone5",
          "parent": "body2",
          "pivot": [-0.85591, 9.92887, 13.09428],
          "cubes": [
            {
              "origin": [-2.45591, 7.92887, 12.29428],
              "size": [4, 4, 1],
              "pivot": [-0.85591, 9.92887, 9.29428],
              "rotation": [-2.2449, 0.34443, -1.05173],
              "uv": [0, 11]
            }
          ]
        },
        {
          "name": "wings",
          "parent": "body2",
          "pivot": [0, 13.4, 8.4]
        },
        {
          "name": "wing_left",
          "parent": "wings",
          "pivot": [0, 13.3, 10.3],
          "cubes": [
            {
              "origin": [-11, 13.2, 5.9],
              "size": [11, 0, 10],
              "pivot": [-4.5, 12.8, 9.2],
              "rotation": [10, 0, 0],
              "uv": [0, 10]
            }
          ]
        },
        {
          "name": "wing_right",
          "parent": "wings",
          "pivot": [0, 13.4, 10.2],
          "cubes": [
            {
              "origin": [0, 13.2, 5.9],
              "size": [11, 0, 10],
              "pivot": [-4.5, 12.8, 9.2],
              "rotation": [10, 0, 0],
              "uv": [0, 0]
            }
          ]
        },
        {
          "name": "wing_cover",
          "parent": "body2",
          "pivot": [4.89034, 16.86366, 0.38187]
        },
        {
          "name": "wing_cover_right",
          "parent": "wing_cover",
          "pivot": [-5.79231, 13.77586, 2.36149],
          "cubes": [
            {
              "origin": [-9.60966, 18.16366, -9.81813],
              "size": [4, 1, 8],
              "pivot": [4.89034, 16.86366, 0.38187],
              "rotation": [-110.12102, -5.17628, -25.81371],
              "uv": [36, 10]
            }
          ]
        },
        {
          "name": "wing_cover_left",
          "parent": "wing_cover",
          "pivot": [4.878, 13.27165, 0.97839],
          "cubes": [
            {
              "origin": [6.178, 15.97165, -2.22161],
              "size": [4, 1, 8],
              "pivot": [8.178, 16.17165, 1.47839],
              "rotation": [-107.99418, 4.36293, 23.32674],
              "uv": [0, 37]
            }
          ]
        },
        {
          "name": "legs",
          "parent": "body2",
          "pivot": [0, 9, 5.6]
        },
        {
          "name": "leg_left",
          "parent": "legs",
          "pivot": [1.7, 5.79698, 3.40498]
        },
        {
          "name": "leg_front_left",
          "parent": "leg_left",
          "pivot": [1.7, 7, 2.2],
          "cubes": [
            {
              "origin": [1.2, 5.3, 2.2],
              "size": [1, 4, 1],
              "pivot": [1.7, 7, 2.2],
              "rotation": [27.5, 0, 0],
              "uv": [0, 27]
            }
          ]
        },
        {
          "name": "leg_front_left2",
          "parent": "leg_front_left",
          "pivot": [1.7, 4.36103, 2.00116],
          "cubes": [
            {
              "origin": [1.2, 1.28728, 2.80863],
              "size": [1, 5, 1],
              "pivot": [1.7, 6, 3.5],
              "rotation": [-37.5, 0, 0],
              "uv": [19, 21]
            }
          ]
        },
        {
          "name": "leg_front_left_toes",
          "parent": "leg_front_left2",
          "pivot": [1.7, 4.36103, 2.00116],
          "cubes": [
            {
              "origin": [1.2, 2.08, -1.09884],
              "size": [1, 1, 2],
              "inflate": 0.01,
              "uv": [22, 1]
            }
          ]
        },
        {
          "name": "leg_front_right",
          "parent": "legs",
          "pivot": [-2.4, 7.49698, 2.50498],
          "cubes": [
            {
              "origin": [-2.9, 5.3, 2.2],
              "size": [1, 4, 1],
              "pivot": [-2.4, 7, 2.2],
              "rotation": [27.5, 0, 0],
              "uv": [11, 26]
            }
          ]
        },
        {
          "name": "leg_front_right4",
          "parent": "leg_front_right",
          "pivot": [-2.4, 5.86103, 3.10116],
          "cubes": [
            {
              "origin": [-2.9, 1.28728, 2.80863],
              "size": [1, 5, 1],
              "pivot": [-2.4, 6, 3.5],
              "rotation": [-37.5, 0, 0],
              "uv": [4, 21]
            }
          ]
        },
        {
          "name": "leg_front_right_toes",
          "parent": "leg_front_right4",
          "pivot": [-2.4, 2.58, 0.80116],
          "cubes": [
            {
              "origin": [-2.9, 2.08, -1.09884],
              "size": [1, 1, 2],
              "inflate": 0.01,
              "uv": [22, 1]
            }
          ]
        },
        {
          "name": "leg_back_left",
          "parent": "legs",
          "pivot": [1.7, 5.79698, 3.40498]
        },
        {
          "name": "leg_back_left2",
          "parent": "leg_back_left",
          "pivot": [1.5, 8.09865, 8.09904],
          "cubes": [
            {
              "origin": [1, 3.09698, 8.60498],
              "size": [1, 4, 1],
              "pivot": [1.5, 5.79698, 7.40498],
              "rotation": [35, 0, 0],
              "uv": [7, 26]
            }
          ]
        },
        {
          "name": "leg_back_left3",
          "parent": "leg_back_left2",
          "pivot": [1.5, 4.59698, 10.00498],
          "cubes": [
            {
              "origin": [1, 4.1467, 9.7242],
              "size": [1, 5, 1],
              "pivot": [1.5, 4.69698, 10.10498],
              "rotation": [137.5, 0, 0],
              "uv": [0, 21]
            }
          ]
        },
        {
          "name": "leg_back_left_toes",
          "parent": "leg_back_left3",
          "pivot": [1.5, 1.68, 7.10116],
          "cubes": [
            {
              "origin": [1, 1.18, 5.40116],
              "size": [1, 1, 2],
              "inflate": 0.01,
              "uv": [22, 1]
            }
          ]
        },
        {
          "name": "leg_back_right",
          "parent": "legs",
          "pivot": [-2.3, 7.89865, 8.09904],
          "cubes": [
            {
              "origin": [-2.8, 3.09698, 8.60498],
              "size": [1, 4, 1],
              "pivot": [-2.3, 5.79698, 7.40498],
              "rotation": [35, 0, 0],
              "uv": [23, 21]
            }
          ]
        },
        {
          "name": "leg_back_right2",
          "parent": "leg_back_right",
          "pivot": [-2.3, 4.94004, 10.09987],
          "cubes": [
            {
              "origin": [-2.8, 4.1467, 9.7242],
              "size": [1, 5, 1],
              "pivot": [-2.3, 4.69698, 10.10498],
              "rotation": [137.5, 0, 0],
              "uv": [9, 20]
            }
          ]
        },
        {
          "name": "leg_back_right_toes",
          "parent": "leg_back_right2",
          "pivot": [-2.3, 1.68, 7.50116],
          "cubes": [
            {
              "origin": [-2.8, 1.18, 5.40116],
              "size": [1, 1, 2],
              "inflate": 0.01,
              "uv": [22, 1]
            }
          ]
        },
        {
          "name": "head_back",
          "parent": "body2",
          "pivot": [-0.9, 11.15, -2.2],
          "rotation": [23.5, 0, 0],
          "cubes": [
            {
              "origin": [-7.5694, 9.67902, -3.31797],
              "size": [8, 3, 8],
              "pivot": [-0.2, 10.96743, -1.96973],
              "rotation": [-8.79511, 49.20344, -4.47297],
              "uv": [19, 21]
            }
          ]
        }
      ]
    }
  ]
}
