{
  "format_version": "1.12.0",
  "minecraft:geometry": [
    {
      "description": {
        "identifier": "geometry.dialga",
        "texture_width": 256,
        "texture_height": 256,
        "visible_bounds_width": 10,
        "visible_bounds_height": 6.5,
        "visible_bounds_offset": [0, 2.75, 0]
      },
      "bones": [
        {
          "name": "dialga",
          "pivot": [0, 0, 0]
        },
        {
          "name": "dialga2",
          "parent": "dialga",
          "pivot": [0, 0, 0],
          "rotation": [0, 180, 0]
        },
        {
          "name": "body",
          "parent": "dialga2",
          "pivot": [0, 0, 0]
        },
        {
          "name": "torso",
          "parent": "body",
          "pivot": [0, 28, -8.2],
          "rotation": [2.5, 0, 0],
          "cubes": [
            {
              "origin": [-8, 20.07689, -10.00923],
              "size": [16, 15, 23],
              "uv": [0, 0]
            }
          ]
        },
        {
          "name": "neck",
          "parent": "torso",
          "pivot": [-0.05, 33.9965, 10.38707],
          "rotation": [9.5, 0, 0]
        },
        {
          "name": "lowerneck",
          "parent": "neck",
          "pivot": [-0.05, 32.36125, 10.92166],
          "cubes": [
            {
              "origin": [-5, 30.64164, 7.32536],
              "size": [10, 12, 7],
              "pivot": [0, 35.54164, 10.62536],
              "rotation": [-17.5, 0, 0],
              "uv": [99, 102]
            },
            {
              "origin": [0, 34.04164, -2.67464],
              "size": [0, 7, 10],
              "pivot": [0, 35.54164, 10.62536],
              "rotation": [-17.5, 0, 0],
              "uv": [0, 0]
            }
          ]
        },
        {
          "name": "topneck",
          "parent": "neck",
          "pivot": [0, 40.84164, 13.62536],
          "rotation": [-2.5, 0, 0],
          "cubes": [
            {
              "origin": [-4.1, 41.13773, 9.74109],
              "size": [8, 18, 6],
              "pivot": [0, 40.86333, 13.12022],
              "rotation": [-17.5, 0, 0],
              "uv": [70, 109]
            },
            {
              "origin": [0, 49.64164, -2.67464],
              "size": [0, 7, 12],
              "pivot": [0, 35.54164, 10.62536],
              "rotation": [-17.5, 0, 0],
              "uv": [98, 43]
            },
            {
              "origin": [0, 41.84164, -2.67464],
              "size": [0, 7, 12],
              "pivot": [0, 35.54164, 10.62536],
              "rotation": [-17.5, 0, 0],
              "uv": [98, 43]
            }
          ]
        },
        {
          "name": "head",
          "parent": "topneck",
          "pivot": [0, 57.34164, 18.82536],
          "rotation": [-2.5, 0, 0]
        },
        {
          "name": "mainhead",
          "parent": "head",
          "pivot": [0, 38.14501, 8.19692],
          "cubes": [
            {
              "origin": [-4.5, 59.18139, 8.4762],
              "size": [9, 6, 13],
              "pivot": [0, 46.9667, 13.09179],
              "rotation": [-17.5, 0, 0],
              "uv": [55, 0]
            }
          ]
        },
        {
          "name": "jaw",
          "parent": "mainhead",
          "pivot": [0, 57.90802, 19.07833],
          "cubes": [
            {
              "origin": [-4.13926, 55.0004, 19.0268],
              "size": [8, 3, 6],
              "pivot": [-0.03926, 58.10802, 18.77918],
              "rotation": [-17.51565, 0, 0],
              "uv": [116, 56]
            }
          ]
        },
        {
          "name": "teefs3",
          "parent": "jaw",
          "pivot": [0, 57.90802, 19.07833]
        },
        {
          "name": "teefs2",
          "parent": "teefs3",
          "pivot": [-1.83685, 56.88776, 23.86067],
          "rotation": [30, 0, 0],
          "cubes": [
            {
              "origin": [-3.33287, 55.7275, 24.71103],
              "size": [2, 2, 0],
              "pivot": [-2.33287, 57.1275, 23.51103],
              "rotation": [-45, 0, 0],
              "uv": [55, 19]
            },
            {
              "origin": [1.26713, 55.7275, 24.71103],
              "size": [2, 2, 0],
              "pivot": [-2.33287, 57.1275, 23.51103],
              "rotation": [-45, 0, 0],
              "uv": [55, 19]
            }
          ]
        },
        {
          "name": "teefs",
          "parent": "teefs3",
          "pivot": [2.46074, 56.90802, 23.37918],
          "rotation": [34.95019, -0.1989, 0.45079]
        },
        {
          "name": "backhead",
          "parent": "mainhead",
          "pivot": [0, 39.84501, 19.09692],
          "cubes": [
            {
              "origin": [-4.1, 59.94501, -6.40308],
              "size": [8, 6, 12],
              "pivot": [0, 38.14501, 8.19692],
              "rotation": [-17.5, 0, 0],
              "uv": [98, 37]
            },
            {
              "origin": [-3.2, 64.85037, -5.12165],
              "size": [5, 6, 7],
              "pivot": [0, 67.85037, -5.87165],
              "rotation": [0, 17.5, 90],
              "uv": [112, 121]
            },
            {
              "origin": [0, 65.55037, -15.02165],
              "size": [0, 4, 4],
              "pivot": [0, 67.85037, -5.87165],
              "rotation": [17.5, 0, -180],
              "uv": [14, 15]
            },
            {
              "origin": [-1.5, 65.55037, -11.02165],
              "size": [3, 4, 6],
              "pivot": [0, 67.85037, -5.87165],
              "rotation": [17.5, 0, -180],
              "uv": [50, 110]
            }
          ]
        },
        {
          "name": "facemask",
          "parent": "mainhead",
          "pivot": [4.7, 61.92137, 16.10619]
        },
        {
          "name": "right_side",
          "parent": "facemask",
          "pivot": [4.7, 61.92137, 16.10619],
          "cubes": [
            {
              "origin": [4.7, 61.05843, 20.39276],
              "size": [0, 12, 7],
              "pivot": [4.7, 66.25843, 21.79276],
              "rotation": [-37.5, 0, 0],
              "uv": [31, 137]
            },
            {
              "origin": [-4.7, 60.25843, 20.39276],
              "size": [0, 12, 7],
              "pivot": [4.7, 66.25843, 21.79276],
              "rotation": [-37.5, 0, 0],
              "uv": [31, 141]
            },
            {
              "origin": [4.7, 42.99501, 19.96692],
              "size": [0, 12, 7],
              "pivot": [4.7, 48.73995, 26.41358],
              "rotation": [-27.5, 0, 0],
              "uv": [45, 127]
            },
            {
              "origin": [4.7, 58.95613, -21.58286],
              "size": [0, 8, 32],
              "pivot": [4.7, 58.05613, 17.81714],
              "rotation": [-27.5, 0, 0],
              "uv": [70, 130]
            },
            {
              "origin": [4.7, 55.05613, 10.31714],
              "size": [0, 8, 15],
              "pivot": [4.7, 58.05613, 17.81714],
              "rotation": [-27.5, 0, 0],
              "uv": [76, 86]
            }
          ]
        },
        {
          "name": "left_side",
          "parent": "facemask",
          "pivot": [-4.4, 61.92137, 16.10619],
          "cubes": [
            {
              "origin": [-4.6, 42.73995, 19.91358],
              "size": [0, 12, 7],
              "pivot": [-4.4, 48.73995, 26.41358],
              "rotation": [-27.5, 0, 0],
              "uv": [45, 127]
            },
            {
              "origin": [-4.6, 58.75613, -21.58286],
              "size": [0, 8, 32],
              "pivot": [-4.4, 58.05613, 17.81714],
              "rotation": [-27.5, 0, 0],
              "uv": [70, 130]
            },
            {
              "origin": [-4.6, 54.75613, 10.31714],
              "size": [0, 8, 15],
              "pivot": [-4.4, 58.05613, 17.81714],
              "rotation": [-27.5, 0, 0],
              "uv": [76, 86]
            }
          ]
        },
        {
          "name": "eyes",
          "parent": "head",
          "pivot": [0, 58.24501, 15.39692]
        },
        {
          "name": "eye_left",
          "parent": "eyes",
          "pivot": [-4.5, 60.83809, 21.90365],
          "cubes": [
            {
              "origin": [-4.5, 53.94501, 20.39692],
              "size": [0, 2, 5],
              "inflate": 0.01,
              "pivot": [1, 59.74501, 33.39692],
              "rotation": [-30, 0, 0],
              "uv": [0, 53]
            }
          ]
        },
        {
          "name": "eyelid_right2",
          "parent": "eye_left",
          "pivot": [-4.4, 60.83809, 21.90365],
          "cubes": [
            {
              "origin": [-4.4, 53.94501, 20.39692],
              "size": [0, 2, 5],
              "pivot": [-7.9, 59.74501, 33.39692],
              "rotation": [-30, 0, 0],
              "uv": [12, 12]
            }
          ]
        },
        {
          "name": "eye_right",
          "parent": "eyes",
          "pivot": [4.6, 60.83809, 21.90365],
          "cubes": [
            {
              "origin": [4.6, 53.94501, 20.39692],
              "size": [0, 2, 5],
              "pivot": [1, 59.74501, 33.39692],
              "rotation": [-30, 0, 0],
              "uv": [46, 53]
            }
          ]
        },
        {
          "name": "eyelid_right",
          "parent": "eye_right",
          "pivot": [4.4, 60.83809, 21.90365],
          "cubes": [
            {
              "origin": [4.4, 53.94501, 20.39692],
              "size": [0, 2, 5],
              "pivot": [1, 59.74501, 33.39692],
              "rotation": [-30, 0, 0],
              "uv": [12, 12]
            }
          ]
        },
        {
          "name": "frontshield",
          "parent": "torso",
          "pivot": [0, 27.57689, 1.49077],
          "cubes": [
            {
              "origin": [-3, 14.01765, 6.19583],
              "size": [6, 7, 4],
              "pivot": [0, 16.91765, 12.59583],
              "rotation": [-65, 0, 0],
              "uv": [86, 0]
            },
            {
              "origin": [-4, 19.17791, 8.79759],
              "size": [8, 8, 8],
              "pivot": [0, 22.17791, 18.19759],
              "rotation": [-42.5, 0, 0],
              "uv": [109, 70]
            },
            {
              "origin": [-4.5, 35.84089, 11.16683],
              "size": [9, 6, 6],
              "pivot": [0, 38.84089, 18.36683],
              "rotation": [12.5, 0, 0],
              "uv": [115, 14]
            },
            {
              "origin": [-1.5, 28.46578, 19.79207],
              "size": [4, 4, 1],
              "inflate": 0.01,
              "pivot": [0, 30.96578, 20.29207],
              "rotation": [-1.60757, -1.91486, 45],
              "uv": [80, 70]
            },
            {
              "origin": [-2, 28.46578, 19.79207],
              "size": [4, 4, 1],
              "pivot": [0, 30.96578, 20.29207],
              "rotation": [0.21803, -2.49048, -0.03161],
              "uv": [55, 8]
            },
            {
              "origin": [2.49856, 32.46813, 16.74504],
              "size": [6, 17, 0],
              "pivot": [6.1, 33.79948, 16.38158],
              "rotation": [32.48326, 8.80684, 41.94735],
              "uv": [126, 27],
              "mirror": true
            },
            {
              "origin": [-8.56982, 32.16342, 16.76864],
              "size": [6, 18, 0],
              "pivot": [-5.79145, 34.08011, 15.67766],
              "rotation": [32.4833, -8.8068, -41.9474],
              "uv": [126, 27]
            },
            {
              "origin": [-7.5, 24.71471, 11.5495],
              "size": [15, 11, 7],
              "uv": [78, 19]
            },
            {
              "origin": [-4.5, 26.71471, 18.5495],
              "size": [9, 7, 2],
              "uv": [0, 0]
            },
            {
              "origin": [-9.18155, 28.71471, 18.49022],
              "size": [5, 3, 2],
              "pivot": [-4.5, 30.61471, 19.3495],
              "rotation": [0, -15.5, 0],
              "uv": [0, 17],
              "mirror": true
            },
            {
              "origin": [4.22669, 28.71471, 18.52465],
              "size": [5, 3, 2],
              "pivot": [4.5, 30.21471, 19.7495],
              "rotation": [0, 20, 0],
              "uv": [0, 17]
            }
          ]
        },
        {
          "name": "lower_torso",
          "parent": "body",
          "pivot": [0, 28.1, -10.7],
          "cubes": [
            {
              "origin": [-8, 20, -23.9],
              "size": [16, 14, 14],
              "pivot": [0, 27.5, -14.9],
              "rotation": [2.5, 0, 0],
              "uv": [0, 46]
            }
          ]
        },
        {
          "name": "tail",
          "parent": "lower_torso",
          "pivot": [0, 0, -3.5]
        },
        {
          "name": "tail2",
          "parent": "tail",
          "pivot": [0, 26.3, -23.6],
          "cubes": [
            {
              "origin": [-5, 22.27012, -34.29629],
              "size": [10, 10, 11],
              "pivot": [0, 26.1, -23.9],
              "rotation": [2.5, 0, 0],
              "uv": [49, 65]
            }
          ]
        },
        {
          "name": "tail3",
          "parent": "tail2",
          "pivot": [0, 26.1, -33.7],
          "cubes": [
            {
              "origin": [-4, 23.1, -44.8],
              "size": [8, 8, 11],
              "pivot": [0, 26.1, -27.5],
              "rotation": [2.5, 0, 0],
              "uv": [0, 99]
            }
          ]
        },
        {
          "name": "tail4",
          "parent": "tail3",
          "pivot": [0, 26.11761, -44.3222],
          "cubes": [
            {
              "origin": [-3, 24.1, -55.5],
              "size": [6, 6, 11],
              "pivot": [0, 26.1, -27.5],
              "rotation": [2.5, 0, 0],
              "uv": [27, 110]
            }
          ]
        },
        {
          "name": "tail5",
          "parent": "tail4",
          "pivot": [0, 25.64216, -53.31183],
          "cubes": [
            {
              "origin": [-2, 25.1, -66.4],
              "size": [4, 4, 11],
              "pivot": [0, 26.1, -27.5],
              "rotation": [2.5, 0, 0],
              "uv": [119, 86]
            }
          ]
        },
        {
          "name": "shieldthing",
          "parent": "lower_torso",
          "pivot": [-0.35698, 34.05417, -16.02028],
          "rotation": [7.5, 0, 0],
          "cubes": [
            {
              "origin": [6.27819, 33.47863, -15.40749],
              "size": [7, 29, 0],
              "pivot": [10.1, 34.2101, -18.02958],
              "rotation": [8.45862, -5.35355, 32.10382],
              "uv": [142, 134]
            },
            {
              "origin": [-12.58416, 35.04454, -15.4075],
              "size": [7, 29, 0],
              "pivot": [-6.9, 34.2101, -18.02958],
              "rotation": [7.96341, 6.06805, -37.07721],
              "uv": [142, 134]
            },
            {
              "origin": [-4.80479, 35.49938, -15.43503],
              "size": [8, 33, 0],
              "pivot": [-0.65543, 34.52143, -16.28374],
              "rotation": [10, 0, 0],
              "uv": [0, 118]
            },
            {
              "origin": [-0.50479, 35.49938, -15.43503],
              "size": [8, 33, 0],
              "pivot": [-0.65543, 34.52143, -16.28374],
              "rotation": [9.54589, -2.99318, 17.25002],
              "uv": [0, 118]
            },
            {
              "origin": [-8.80479, 35.49938, -15.43503],
              "size": [8, 33, 0],
              "pivot": [-0.65543, 34.52143, -16.28374],
              "rotation": [9.54589, 2.9932, -17.25],
              "uv": [0, 118]
            },
            {
              "origin": [-13, 34.3, -18.3],
              "size": [26, 4, 1],
              "pivot": [0, 47.6, -9.3],
              "rotation": [10, 0, 0],
              "uv": [80, 65]
            },
            {
              "origin": [7.9, 31.3, -18.3],
              "size": [3, 7, 1],
              "inflate": -0.01,
              "pivot": [0, 47.6, -9.3],
              "rotation": [10, 0, 0],
              "uv": [0, 74]
            },
            {
              "origin": [-10.9, 31.3, -18.3],
              "size": [3, 7, 1],
              "inflate": -0.01,
              "pivot": [0, 47.6, -9.3],
              "rotation": [10, 0, 0],
              "uv": [55, 0]
            }
          ]
        },
        {
          "name": "legs",
          "parent": "dialga2",
          "pivot": [0, 0, 0]
        },
        {
          "name": "front_right",
          "parent": "legs",
          "pivot": [0, 0, 0]
        },
        {
          "name": "front_right_leg",
          "parent": "front_right",
          "pivot": [5, 26.5, 7.7],
          "cubes": [
            {
              "origin": [1.64282, 9.96366, 3],
              "size": [9, 17, 10],
              "pivot": [5.80429, 24.85, 7.6],
              "rotation": [0, 180, -30],
              "uv": [60, 38],
              "mirror": true
            }
          ]
        },
        {
          "name": "front_right_leg2",
          "parent": "front_right_leg",
          "pivot": [12.2, 12.4, 10.9],
          "cubes": [
            {
              "origin": [7.29399, 6.75352, 1.7],
              "size": [10, 3, 11],
              "pivot": [12.29399, 8.75352, 7.2],
              "rotation": [0, 180, 0],
              "uv": [99, 0],
              "mirror": true
            }
          ]
        },
        {
          "name": "brace",
          "parent": "front_right_leg2",
          "pivot": [5.5, 17.3, 7.7],
          "cubes": [
            {
              "origin": [7.89399, 0.05352, 2.2],
              "size": [9, 14, 10],
              "inflate": 0.01,
              "pivot": [12.39399, 11.45352, 7.2],
              "rotation": [0, 180, 0],
              "uv": [38, 86],
              "mirror": true
            }
          ]
        },
        {
          "name": "toebeans",
          "parent": "front_right_leg2",
          "pivot": [5.5, 17.3, 7.7],
          "cubes": [
            { "origin": [15.3, 0, 12.1], "size": [0, 11, 8], "uv": [88, 29] },
            { "origin": [9.3, 0, 12.1], "size": [0, 11, 8], "uv": [88, 29] },
            { "origin": [12.2, 0, 12.1], "size": [0, 7, 8], "uv": [28, 66] }
          ]
        },
        {
          "name": "flatpart",
          "parent": "toebeans",
          "pivot": [5.5, 17.3, 7.7]
        },
        {
          "name": "back_right2",
          "parent": "legs",
          "pivot": [0, 1.3, -22.4]
        },
        {
          "name": "back_right_leg3",
          "parent": "back_right2",
          "pivot": [3.8, 23.5, -14.7],
          "cubes": [
            {
              "origin": [-0.51903, 8.87245, -22.4],
              "size": [9, 15, 10],
              "pivot": [4.3855, 23.23731, -17.4],
              "rotation": [0, 180, -37.5],
              "uv": [81, 76],
              "mirror": true
            }
          ]
        },
        {
          "name": "back_right_leg4",
          "parent": "back_right_leg3",
          "pivot": [12.4, 11.4, -18.1],
          "cubes": [
            {
              "origin": [7.99399, -0.14648, -22.4],
              "size": [9, 15, 10],
              "inflate": 0.01,
              "pivot": [12.49399, 11.75352, -17.4],
              "rotation": [0, 180, 0],
              "uv": [0, 74],
              "mirror": true
            }
          ]
        },
        {
          "name": "brace2",
          "parent": "back_right_leg4",
          "pivot": [5.5, 18.6, -14.7],
          "cubes": [
            {
              "origin": [7.29399, 6.55352, -22.9],
              "size": [10, 3, 11],
              "pivot": [12.29399, 8.55352, -17.4],
              "rotation": [0, 180, 0],
              "uv": [99, 0]
            }
          ]
        },
        {
          "name": "toebeans4",
          "parent": "back_right_leg4",
          "pivot": [6.1, 17.3, -16.7],
          "cubes": [
            { "origin": [15.3, 0, -12.3], "size": [0, 11, 8], "uv": [88, 29] },
            { "origin": [9.3, 0, -12.3], "size": [0, 11, 8], "uv": [88, 29] },
            { "origin": [12.4, 0, -12.3], "size": [0, 7, 8], "uv": [28, 66] }
          ]
        },
        {
          "name": "back_left",
          "parent": "legs",
          "pivot": [0, 0, -29],
          "rotation": [0, 180, 0]
        },
        {
          "name": "back_left_leg2",
          "parent": "back_left",
          "pivot": [2.6, 21.7, -43.7],
          "cubes": [
            {
              "origin": [0.23867, 9.64653, -45.7],
              "size": [9, 15, 10],
              "pivot": [5.5, 23.7, -40.5],
              "rotation": [0, 0, -37.5],
              "uv": [81, 76]
            }
          ]
        },
        {
          "name": "back_left_leg5",
          "parent": "back_left_leg2",
          "pivot": [12.99399, 12.05352, -43.7],
          "cubes": [
            {
              "origin": [7.99399, -0.14648, -45.7],
              "size": [9, 15, 10],
              "inflate": 0.01,
              "uv": [0, 74]
            }
          ]
        },
        {
          "name": "brace3",
          "parent": "back_left_leg5",
          "pivot": [12.99399, 7.35352, -43.7],
          "cubes": [
            {
              "origin": [7.69399, 6.55352, -46.2],
              "size": [10, 3, 11],
              "uv": [99, 0]
            }
          ]
        },
        {
          "name": "toebeans3",
          "parent": "back_left_leg5",
          "pivot": [12.66667, 4.66667, -49.6],
          "rotation": [0, 180, 0],
          "cubes": [
            { "origin": [15.6, 0, -53.6], "size": [0, 11, 8], "uv": [88, 29] },
            { "origin": [9.7, 0, -53.6], "size": [0, 11, 8], "uv": [88, 29] },
            { "origin": [12.8, 0, -53.6], "size": [0, 7, 8], "uv": [28, 66] }
          ]
        },
        {
          "name": "front_left",
          "parent": "legs",
          "pivot": [-20.9, 0, 15.5],
          "rotation": [0, 180, 0]
        },
        {
          "name": "front_left_leg3",
          "parent": "front_left",
          "pivot": [-35.9, 26, 23.2],
          "cubes": [
            {
              "origin": [-42.05981, 10.26295, 18.7],
              "size": [9, 17, 10],
              "pivot": [-36.1, 27.1, 23.2],
              "rotation": [0, 0, -30],
              "uv": [60, 38]
            }
          ]
        },
        {
          "name": "front_left_leg4",
          "parent": "front_left_leg3",
          "pivot": [-29, 12, 22.6],
          "cubes": [
            {
              "origin": [-34.00601, 0.05352, 18.7],
              "size": [9, 14, 10],
              "inflate": 0.01,
              "uv": [38, 86]
            }
          ]
        },
        {
          "name": "brace4",
          "parent": "front_left_leg4",
          "pivot": [-35.6, 17.3, 23.2],
          "cubes": [
            {
              "origin": [-34.50601, 6.65352, 18.3],
              "size": [10, 3, 11],
              "uv": [99, 0]
            }
          ]
        },
        {
          "name": "toebeans2",
          "parent": "front_left_leg4",
          "pivot": [-29.33333, 4.66667, 15],
          "rotation": [0, 180, 0],
          "cubes": [
            { "origin": [-26.155, 0, 11], "size": [0, 11, 8], "uv": [88, 29] },
            { "origin": [-32.148, 0, 11], "size": [0, 11, 8], "uv": [88, 29] },
            { "origin": [-29.2, 0, 11], "size": [0, 7, 8], "uv": [28, 66] }
          ]
        }
      ]
    }
  ]
}
