{
  "format_version": "1.12.0",
  "minecraft:geometry": [
    {
      "description": {
        "identifier": "geometry.unknown",
        "texture_width": 128,
        "texture_height": 128,
        "visible_bounds_width": 2,
        "visible_bounds_height": 2.5,
        "visible_bounds_offset": [0, 0.75, 0]
      },
      "bones": [
        {
          "name": "body",
          "pivot": [0, 0, 0]
        },
        {
          "name": "torso",
          "parent": "body",
          "pivot": [0, 0, 0]
        },
        {
          "name": "shelltop",
          "parent": "torso",
          "pivot": [0, 6.875, 0],
          "cubes": [
            {
              "origin": [-5.1, 3.375, -7],
              "size": [10, 6, 14],
              "pivot": [0, 6.875, 0],
              "rotation": [-5, 0, 0],
              "uv": [0, 20]
            },
            {
              "origin": [-5.1, 3.375, 7.1],
              "size": [10, 6, 0],
              "pivot": [0, 6.875, 0],
              "rotation": [-5, 0, 0],
              "uv": [58, 0]
            },
            {
              "origin": [5, 3.375, -7],
              "size": [0, 6, 14],
              "pivot": [0, 6.875, 0],
              "rotation": [-5, 0, 0],
              "uv": [0, 40]
            },
            {
              "origin": [-5.2, 3.375, -7],
              "size": [0, 6, 14],
              "pivot": [0, 6.875, 0],
              "rotation": [-5, 0, 0],
              "uv": [0, 40],
              "mirror": true
            }
          ]
        },
        {
          "name": "back_part_2",
          "parent": "shelltop",
          "pivot": [0, 6.875, 0],
          "cubes": [
            {
              "origin": [1.925, 9.375, -2],
              "size": [2, 3, 2],
              "pivot": [0, 6.875, 0],
              "rotation": [-5, 0, 0],
              "uv": [81, 11]
            },
            {
              "origin": [-4.1, 9.375, -2],
              "size": [2, 3, 2],
              "pivot": [0, 6.875, 0],
              "rotation": [-5, 0, 0],
              "uv": [81, 11],
              "mirror": true
            },
            {
              "origin": [-2.5, 8.375, 0.625],
              "size": [2, 3, 2],
              "pivot": [0, 6.875, 0],
              "rotation": [-5, 0, 0],
              "uv": [81, 11],
              "mirror": true
            },
            {
              "origin": [0.5, 8.375, 0.625],
              "size": [2, 3, 2],
              "pivot": [0, 6.875, 0],
              "rotation": [-5, 0, 0],
              "uv": [81, 11]
            },
            {
              "origin": [-1.1, 8.375, 4],
              "size": [2, 3, 2],
              "pivot": [0, 6.875, 0],
              "rotation": [-5, 0, 0],
              "uv": [81, 11]
            }
          ]
        },
        {
          "name": "body_bot",
          "parent": "torso",
          "pivot": [-0.1, 3.61246, -0.28544],
          "cubes": [
            {
              "origin": [-5.1, 0.88746, -7.28544],
              "size": [10, 6, 14],
              "inflate": -0.5,
              "pivot": [-0.1, 3.61246, -0.28544],
              "rotation": [-1.25, 0, 0],
              "uv": [0, 0]
            }
          ]
        },
        {
          "name": "neck_head",
          "parent": "torso",
          "pivot": [0.5, 12.88631, -5.26081]
        },
        {
          "name": "neck",
          "parent": "neck_head",
          "pivot": [0, 8.92439, -4.08306],
          "cubes": [
            {
              "origin": [-2.5, 7.92439, -8.48306],
              "size": [5, 8, 5],
              "pivot": [-1, 12.92439, -6.08306],
              "rotation": [22.5, 0, 0],
              "uv": [34, 20]
            }
          ]
        },
        {
          "name": "head",
          "parent": "neck",
          "pivot": [0.5, 11.88631, -4.98581],
          "rotation": [-17.5, 0, 0],
          "cubes": [
            {
              "origin": [-3.5, 11.89031, -10.04925],
              "size": [7, 6, 8],
              "pivot": [-1, 10.92439, -5.80806],
              "rotation": [22.5, 0, 0],
              "uv": [34, 0]
            },
            {
              "origin": [-0.5, 13.84031, -10.3142],
              "size": [1, 1, 1],
              "inflate": -0.25,
              "pivot": [-1, 10.92439, -5.80806],
              "rotation": [22.5, 0, 0],
              "uv": [9, 6]
            }
          ]
        },
        {
          "name": "left_eye2",
          "parent": "head",
          "pivot": [-1, 10.92439, -5.80806],
          "cubes": [
            {
              "origin": [-2.975, 15.34183, -10.29778],
              "size": [1, 1, 1],
              "inflate": -0.175,
              "pivot": [1, 10.92439, -5.80806],
              "rotation": [22.5, 0, 0],
              "uv": [9, 20],
              "mirror": true
            },
            {
              "origin": [-3.5, 13.89183, -10.08283],
              "size": [2, 3, 0],
              "pivot": [1, 10.92439, -5.80806],
              "rotation": [22.5, 0, 0],
              "uv": [9, 0],
              "mirror": true
            },
            {
              "origin": [-3.5, 13.89183, -10.45783],
              "size": [2, 3, 1],
              "inflate": -0.35,
              "pivot": [1, 10.92439, -5.80806],
              "rotation": [22.5, 0, 0],
              "uv": [34, 0],
              "mirror": true
            }
          ]
        },
        {
          "name": "left_eye",
          "parent": "head",
          "pivot": [-1, 10.92439, -5.80806],
          "cubes": [
            {
              "origin": [1.975, 15.34183, -10.29778],
              "size": [1, 1, 1],
              "inflate": -0.175,
              "pivot": [-1, 10.92439, -5.80806],
              "rotation": [22.5, 0, 0],
              "uv": [9, 20]
            },
            {
              "origin": [1.5, 13.89183, -10.08283],
              "size": [2, 3, 0],
              "pivot": [-1, 10.92439, -5.80806],
              "rotation": [22.5, 0, 0],
              "uv": [9, 0]
            },
            {
              "origin": [1.5, 13.89183, -10.45783],
              "size": [2, 3, 1],
              "inflate": -0.35,
              "pivot": [-1, 10.92439, -5.80806],
              "rotation": [22.5, 0, 0],
              "uv": [34, 0]
            }
          ]
        },
        {
          "name": "mouth",
          "parent": "head",
          "pivot": [-1, 10.92439, -5.80806],
          "cubes": [
            {
              "origin": [-2, 11.96531, -11.24925],
              "size": [4, 1, 1],
              "inflate": -0.15,
              "pivot": [-1, 10.92439, -5.80806],
              "rotation": [22.5, 0, 0],
              "uv": [48, 14]
            },
            {
              "origin": [1.675, 12.34031, -11.24925],
              "size": [2, 1, 1],
              "inflate": -0.15,
              "pivot": [-1, 10.92439, -5.80806],
              "rotation": [22.5, 0, 0],
              "uv": [48, 14]
            },
            {
              "origin": [-3.675, 12.34031, -11.24925],
              "size": [2, 1, 1],
              "inflate": -0.15,
              "pivot": [1, 10.92439, -5.80806],
              "rotation": [22.5, 0, 0],
              "uv": [48, 14],
              "mirror": true
            },
            {
              "origin": [-4, 11.84031, -11.04925],
              "size": [8, 2, 2],
              "pivot": [-1, 10.92439, -5.80806],
              "rotation": [22.5, 0, 0],
              "uv": [42, 44]
            },
            {
              "origin": [3.175, 12.5225, -11.45095],
              "size": [1, 1, 1],
              "inflate": -0.15,
              "pivot": [-0.625, 11.5225, -5.45095],
              "rotation": [22.5, 0, 0],
              "uv": [54, 25]
            },
            {
              "origin": [3.175, 12.8475, -10.75095],
              "size": [1, 1, 1],
              "inflate": -0.15,
              "pivot": [-0.625, 11.5225, -5.45095],
              "rotation": [22.5, 0, 0],
              "uv": [54, 25]
            },
            {
              "origin": [-4.175, 12.5225, -11.45095],
              "size": [1, 1, 1],
              "inflate": -0.15,
              "pivot": [0.625, 11.5225, -5.45095],
              "rotation": [22.5, 0, 0],
              "uv": [54, 25],
              "mirror": true
            },
            {
              "origin": [-4.175, 12.8725, -10.75095],
              "size": [1, 1, 1],
              "inflate": -0.15,
              "pivot": [0.625, 11.5225, -5.45095],
              "rotation": [22.5, 0, 0],
              "uv": [54, 25],
              "mirror": true
            }
          ]
        },
        {
          "name": "head_part_2",
          "parent": "head",
          "pivot": [-2.5, 16.57117, -9.34391]
        },
        {
          "name": "headpiece_3",
          "parent": "head_part_2",
          "pivot": [-1.975, 16.55811, -8.66025],
          "rotation": [1.40817, 4.42082, -16.04424],
          "cubes": [
            {
              "origin": [-2.975, 15.7581, -9.63097],
              "size": [2, 4, 2],
              "inflate": 0.075,
              "pivot": [-1.975, 16.42117, -8.81891],
              "rotation": [22.5, 0, 0],
              "uv": [89, 2],
              "mirror": true
            },
            {
              "origin": [-2.975, 18.7581, -9.63097],
              "size": [2, 3, 2],
              "inflate": 0.5,
              "pivot": [-1.975, 16.42117, -8.81891],
              "rotation": [22.5, 0, 0],
              "uv": [81, 2],
              "mirror": true
            }
          ]
        },
        {
          "name": "headpiece_2",
          "parent": "head_part_2",
          "pivot": [1.975, 16.55811, -8.66025],
          "rotation": [1.40817, -4.42082, 16.04424],
          "cubes": [
            {
              "origin": [0.975, 15.7581, -9.63097],
              "size": [2, 4, 2],
              "inflate": 0.075,
              "pivot": [1.975, 16.42117, -8.81891],
              "rotation": [22.5, 0, 0],
              "uv": [89, 2]
            },
            {
              "origin": [0.975, 18.7581, -9.63097],
              "size": [2, 3, 2],
              "inflate": 0.5,
              "pivot": [1.975, 16.42117, -8.81891],
              "rotation": [22.5, 0, 0],
              "uv": [81, 2]
            }
          ]
        },
        {
          "name": "headpiece_5",
          "parent": "head_part_2",
          "pivot": [-1.45, 17.53311, -6.18525],
          "rotation": [-6.4116, -1.07057, -9.44004],
          "cubes": [
            {
              "origin": [-2.45, 16.7331, -7.15597],
              "size": [2, 4, 2],
              "inflate": 0.075,
              "pivot": [-1.45, 17.39617, -6.34391],
              "rotation": [22.5, 0, 0],
              "uv": [89, 2],
              "mirror": true
            },
            {
              "origin": [-2.45, 19.7331, -7.15597],
              "size": [2, 3, 2],
              "inflate": 0.5,
              "pivot": [-1.45, 17.39617, -6.34391],
              "rotation": [22.5, 0, 0],
              "uv": [81, 2],
              "mirror": true
            }
          ]
        },
        {
          "name": "headpiece_4",
          "parent": "head_part_2",
          "pivot": [1.45, 17.53311, -6.18525],
          "rotation": [-6.4116, 1.07057, 9.44004],
          "cubes": [
            {
              "origin": [0.45, 16.7331, -7.15597],
              "size": [2, 4, 2],
              "inflate": 0.075,
              "pivot": [1.45, 17.39617, -6.34391],
              "rotation": [22.5, 0, 0],
              "uv": [89, 2]
            },
            {
              "origin": [0.45, 19.7331, -7.15597],
              "size": [2, 3, 2],
              "inflate": 0.5,
              "pivot": [1.45, 17.39617, -6.34391],
              "rotation": [22.5, 0, 0],
              "uv": [81, 2]
            }
          ]
        },
        {
          "name": "headpiece_1",
          "parent": "head_part_2",
          "pivot": [-0.025, 16.63311, -9.43525],
          "cubes": [
            {
              "origin": [-1.025, 15.8331, -10.40597],
              "size": [2, 4, 2],
              "inflate": 0.075,
              "pivot": [-0.025, 16.49617, -9.59391],
              "rotation": [22.5, 0, 0],
              "uv": [89, 2]
            },
            {
              "origin": [-1.025, 18.8331, -10.40597],
              "size": [2, 3, 2],
              "inflate": 0.5,
              "pivot": [-0.025, 16.49617, -9.59391],
              "rotation": [22.5, 0, 0],
              "uv": [81, 2]
            }
          ]
        },
        {
          "name": "ri9ght_back_leg",
          "parent": "body",
          "pivot": [-2.5, 1.5, 4.5],
          "cubes": [{ "origin": [-4, 0, 3], "size": [3, 3, 3], "uv": [0, 26] }]
        },
        {
          "name": "right_front_leg",
          "parent": "body",
          "pivot": [-2.675, 2.5, -4.5],
          "cubes": [
            { "origin": [-4.175, 0, -6], "size": [3, 3, 3], "uv": [0, 6] }
          ]
        },
        {
          "name": "left_back_leg",
          "parent": "body",
          "pivot": [2.5, 2.43691, 4.28092],
          "cubes": [
            {
              "origin": [1, -0.06309, 2.78092],
              "size": [3, 3, 3],
              "uv": [0, 26],
              "mirror": true
            }
          ]
        },
        {
          "name": "left_front_leg",
          "parent": "body",
          "pivot": [2.675, 2.5, -4.5],
          "cubes": [
            {
              "origin": [1.175, 0, -6],
              "size": [3, 3, 3],
              "uv": [0, 6],
              "mirror": true
            }
          ]
        }
      ]
    }
  ]
}
