{
  "format_version": "1.12.0",
  "minecraft:geometry": [
    {
      "description": {
        "identifier": "geometry.houndour",
        "texture_width": 128,
        "texture_height": 128,
        "visible_bounds_width": 4,
        "visible_bounds_height": 3.5,
        "visible_bounds_offset": [0, 1.25, 0]
      },
      "bones": [
        {
          "name": "houndour",
          "pivot": [0, 0, 0]
        },
        {
          "name": "leg",
          "parent": "houndour",
          "pivot": [3.5, 17.67565, -4.93922],
          "cubes": [
            {
              "origin": [1, 9.3, -9],
              "size": [5, 9, 6],
              "inflate": 0.01,
              "pivot": [0, 23.3, -6],
              "rotation": [12.5, 0, 0],
              "uv": [44, 61]
            }
          ]
        },
        {
          "name": "knee2",
          "parent": "leg",
          "pivot": [3.5, 10.2258, -0.93769],
          "cubes": [
            {
              "origin": [1, 3.03218, -5.37397],
              "size": [5, 8, 5],
              "pivot": [0, 21.03218, -6.77397],
              "rotation": [-2.5, 0, 0],
              "uv": [0, 64]
            },
            {
              "origin": [0, 3.03218, -6.37397],
              "size": [7, 3, 7],
              "pivot": [0, 21.03218, -6.77397],
              "rotation": [-2.5, 0, 0],
              "uv": [0, 54]
            }
          ]
        },
        {
          "name": "foot",
          "parent": "knee2",
          "pivot": [3.5, 1.42425, -4.72731],
          "cubes": [
            {
              "origin": [1, 0.03218, -7.37397],
              "size": [5, 3, 7],
              "pivot": [0, 21.03218, -6.77397],
              "rotation": [-2.5, 0, 0],
              "uv": [65, 54]
            }
          ]
        },
        {
          "name": "leg2",
          "parent": "houndour",
          "pivot": [-3.5, 17.67565, -4.93922],
          "cubes": [
            {
              "origin": [-6, 9.3, -9],
              "size": [5, 9, 6],
              "inflate": 0.01,
              "pivot": [0, 23.3, -6],
              "rotation": [12.5, 0, 0],
              "uv": [22, 58]
            }
          ]
        },
        {
          "name": "knee",
          "parent": "leg2",
          "pivot": [-3.5, 10.2258, -1.93769],
          "cubes": [
            {
              "origin": [-6, 3.03218, -5.37397],
              "size": [5, 8, 5],
              "pivot": [0, 21.03218, -6.77397],
              "rotation": [-2.5, 0, 0],
              "uv": [66, 64]
            },
            {
              "origin": [-7, 3.03218, -6.37397],
              "size": [7, 3, 7],
              "pivot": [0, 21.03218, -6.77397],
              "rotation": [-2.5, 0, 0],
              "uv": [44, 51]
            }
          ]
        },
        {
          "name": "foot2",
          "parent": "knee",
          "pivot": [-3.5, 1.42425, -4.72731],
          "cubes": [
            {
              "origin": [-6, 0.03218, -7.37397],
              "size": [5, 3, 7],
              "pivot": [0, 21.03218, -6.77397],
              "rotation": [-2.5, 0, 0],
              "uv": [65, 6]
            }
          ]
        },
        {
          "name": "leg4",
          "parent": "houndour",
          "pivot": [-4.55885, 18.4224, 6.31065],
          "cubes": [
            {
              "origin": [-9.25, 21.06152, -5.35336],
              "size": [10, 8, 5],
              "pivot": [-0.25, 18.7463, 0.8787],
              "rotation": [-90.88045, -9.96156, -84.92327],
              "uv": [40, 0]
            }
          ]
        },
        {
          "name": "knee4",
          "parent": "leg4",
          "pivot": [-4.61944, 9.51656, 2.27268],
          "cubes": [
            {
              "origin": [-15.25, 15.06152, -6.15336],
              "size": [7, 5, 5],
              "pivot": [-0.25, 18.7463, 0.8787],
              "rotation": [-93.87945, 29.82038, -91.3416],
              "uv": [54, 26]
            },
            {
              "origin": [-16.25, 21.06152, -7.15336],
              "size": [2, 7, 7],
              "pivot": [-0.25, 18.7463, 0.8787],
              "rotation": [-93.36514, -0.12267, -89.40298],
              "uv": [13, 73]
            },
            {
              "origin": [-16.25, 22.06152, -6.15336],
              "size": [4, 5, 5],
              "pivot": [-0.25, 18.7463, 0.8787],
              "rotation": [-93.36514, -0.12267, -89.40298],
              "uv": [0, 82]
            },
            {
              "origin": [-19.25, 19.06152, -6.15336],
              "size": [3, 8, 5],
              "pivot": [-0.25, 18.7463, 0.8787],
              "rotation": [-93.36514, -0.12267, -89.40298],
              "uv": [67, 77]
            }
          ]
        },
        {
          "name": "leg3",
          "parent": "houndour",
          "pivot": [4.55885, 18.4224, 7.31065],
          "cubes": [
            {
              "origin": [-0.75, 21.06152, -5.35336],
              "size": [10, 8, 5],
              "pivot": [0.25, 18.7463, 0.8787],
              "rotation": [-90.88045, 9.96156, 84.92327],
              "uv": [40, 13]
            }
          ]
        },
        {
          "name": "knee3",
          "parent": "leg3",
          "pivot": [4.61944, 9.51656, 3.27268],
          "cubes": [
            {
              "origin": [8.25, 15.06152, -6.15336],
              "size": [7, 5, 5],
              "pivot": [0.25, 18.7463, 0.8787],
              "rotation": [-93.87945, -29.82038, 91.3416],
              "uv": [59, 41]
            },
            {
              "origin": [12.25, 22.06152, -6.15336],
              "size": [4, 5, 5],
              "pivot": [0.25, 18.7463, 0.8787],
              "rotation": [-93.36514, 0.12267, 89.40298],
              "uv": [81, 72]
            },
            {
              "origin": [14.25, 21.06152, -7.15336],
              "size": [2, 7, 7],
              "pivot": [0.25, 18.7463, 0.8787],
              "rotation": [-93.36514, 0.12267, 89.40298],
              "uv": [73, 16]
            },
            {
              "origin": [16.25, 19.06152, -6.15336],
              "size": [3, 8, 5],
              "pivot": [0.25, 18.7463, 0.8787],
              "rotation": [-93.36514, 0.12267, 89.40298],
              "uv": [51, 76]
            }
          ]
        },
        {
          "name": "body",
          "parent": "houndour",
          "pivot": [0.33748, 15.60204, 8.33731],
          "cubes": [
            {
              "origin": [-4.75, 9.42537, -3.22263],
              "size": [10, 11, 10],
              "pivot": [0.25, 18.7463, 0.8787],
              "rotation": [-95, 0, 0],
              "uv": [0, 0]
            },
            {
              "origin": [-4.75, 20.06152, -3.35336],
              "size": [10, 8, 9],
              "pivot": [0.25, 18.7463, 0.8787],
              "rotation": [-100, 0, 0],
              "uv": [0, 21]
            },
            {
              "origin": [-3.65, 23.06152, -5.35336],
              "size": [8, 4, 2],
              "pivot": [0.25, 18.7463, 0.8787],
              "rotation": [-100, 0, 0],
              "uv": [82, 6]
            },
            {
              "origin": [-4.15, 18.06152, -7.15336],
              "size": [9, 4, 2],
              "pivot": [0.25, 18.7463, -1.1213],
              "rotation": [-95, 0, 0],
              "uv": [70, 0]
            },
            {
              "origin": [-1.47085, 28.29348, -5.81434],
              "size": [3, 4, 1],
              "pivot": [0.52915, 21.97825, -0.58227],
              "rotation": [-94.65468, -8.86042, -62.13918],
              "uv": [0, 38]
            },
            {
              "origin": [-0.82915, 28.29348, -5.81434],
              "size": [3, 4, 1],
              "pivot": [0.17085, 21.97825, -0.58227],
              "rotation": [-94.65468, 8.86042, 62.13918],
              "uv": [30, 5]
            },
            {
              "origin": [-0.41642, 22.86034, -8.18793],
              "size": [3, 4, 1],
              "pivot": [0.58358, 21.54512, -2.85587],
              "rotation": [-92.10959, 3.87673, 62.54534],
              "uv": [30, 0]
            },
            {
              "origin": [3.53969, 20.02128, -6.73713],
              "size": [3, 4, 1],
              "pivot": [4.53969, 18.70606, 3.59493],
              "rotation": [91.97131, 3.94876, 117.68471],
              "uv": [0, 21]
            }
          ]
        },
        {
          "name": "tail",
          "parent": "body",
          "pivot": [0.15, 16.96624, 10.27722],
          "cubes": [
            {
              "origin": [-2.35, 28.06152, -3.35336],
              "size": [5, 6, 5],
              "pivot": [-0.25, 18.7463, 0.8787],
              "rotation": [-100, 0, 0],
              "uv": [31, 76]
            },
            {
              "origin": [-1.35, 34.06152, -2.35336],
              "size": [3, 2, 3],
              "pivot": [-0.25, 18.7463, 0.8787],
              "rotation": [-100, 0, 0],
              "uv": [29, 23]
            }
          ]
        },
        {
          "name": "head",
          "parent": "body",
          "pivot": [0.25, 23.13509, -4.81961],
          "cubes": [
            {
              "origin": [-3.75, 28.96544, -16.32108],
              "size": [8, 8, 10],
              "pivot": [0.25, 25.96544, -13.02108],
              "rotation": [-75, 0, 0],
              "uv": [28, 28]
            }
          ]
        },
        {
          "name": "neck2",
          "parent": "head",
          "pivot": [0.251, 26.85652, -5.03916],
          "cubes": [
            {
              "origin": [-4, 26, -13],
              "size": [3, 3, 6],
              "inflate": 0.01,
              "pivot": [0.25, 28.56949, -10],
              "rotation": [0, -90, 0],
              "uv": [77, 45]
            },
            {
              "origin": [-0.22787, 30.18511, -14.23762],
              "size": [5, 3, 9],
              "pivot": [0.75, 30.56537, -10.23762],
              "rotation": [90, -77.5, -90],
              "uv": [23, 46]
            },
            {
              "origin": [-4.62522, 28.13123, -15.78691],
              "size": [2, 4, 7],
              "inflate": 0.01,
              "pivot": [-1.74, 28.49174, -10.28691],
              "rotation": [-90, -70, 90],
              "uv": [71, 30]
            },
            {
              "origin": [-1, 24, -14],
              "size": [8, 8, 8],
              "inflate": 0.01,
              "pivot": [0.25, 28.56949, -10],
              "rotation": [0, -90, 0],
              "uv": [0, 38]
            },
            {
              "origin": [-2, 25, -13],
              "size": [1, 1, 0],
              "inflate": 0.02,
              "pivot": [0.25, 28.56949, -10],
              "rotation": [0, -90, 0],
              "uv": [60, 54]
            },
            {
              "origin": [-2, 25, -7],
              "size": [1, 1, 0],
              "inflate": 0.02,
              "pivot": [0.25, 28.56949, -10],
              "rotation": [0, -90, 0],
              "uv": [60, 54]
            }
          ]
        },
        {
          "name": "jaw",
          "parent": "neck2",
          "pivot": [0.25, 25.08603, -11.46261],
          "cubes": [
            {
              "origin": [-3.39964, 23.88465, -13],
              "size": [3, 2, 6],
              "pivot": [0.25, 28.56949, -10],
              "rotation": [-90, -85, 90],
              "uv": [83, 35]
            }
          ]
        },
        {
          "name": "ear",
          "parent": "neck2",
          "pivot": [-3.56507, 31.23285, -4.84397],
          "cubes": [
            {
              "origin": [-2, 32, -9],
              "size": [4, 6, 3],
              "pivot": [0.25, 28.56949, -9],
              "rotation": [-95, -40, 75],
              "uv": [83, 82]
            },
            {
              "origin": [-1, 38, -8],
              "size": [2, 2, 2],
              "pivot": [0.25, 28.56949, -9],
              "rotation": [-95, -40, 75],
              "uv": [42, 46]
            }
          ]
        },
        {
          "name": "ear2",
          "parent": "neck2",
          "pivot": [3.56507, 31.23285, -4.84397],
          "cubes": [
            {
              "origin": [-1, 38, -8],
              "size": [2, 2, 2],
              "pivot": [-0.25, 28.56949, -9],
              "rotation": [-95, 40, -75],
              "uv": [0, 26]
            },
            {
              "origin": [-2, 32, -9],
              "size": [4, 6, 3],
              "pivot": [-0.25, 28.56949, -9],
              "rotation": [-95, 40, -75],
              "uv": [86, 13]
            }
          ]
        },
        {
          "name": "eye",
          "parent": "neck2",
          "pivot": [3.75, 29.85, -9.1],
          "cubes": [
            {
              "origin": [-0.9, 28.5, -14],
              "size": [4, 3, 1],
              "inflate": 0.02,
              "pivot": [0.25, 28.56949, -10],
              "rotation": [0, -90, 0],
              "uv": [0, 4]
            },
            {
              "origin": [0.7, 29.2, -14],
              "size": [1, 1, 1],
              "inflate": 0.03,
              "pivot": [0.25, 28.56949, -10],
              "rotation": [0, -90, 0],
              "uv": [4, 8]
            }
          ]
        },
        {
          "name": "eye2",
          "parent": "neck2",
          "pivot": [-3.25, 29.85, -9.1],
          "cubes": [
            {
              "origin": [-3.1, 28.5, -13.5],
              "size": [4, 3, 1],
              "inflate": 0.02,
              "pivot": [-0.25, 28.56949, -10],
              "rotation": [0, 90, 0],
              "uv": [0, 0]
            },
            {
              "origin": [-1.7, 29.2, -13.5],
              "size": [1, 1, 1],
              "inflate": 0.03,
              "pivot": [-0.25, 28.56949, -10],
              "rotation": [0, 90, 0],
              "uv": [0, 8]
            }
          ]
        }
      ]
    }
  ]
}
