{
  "format_version": "1.12.0",
  "minecraft:geometry": [
    {
      "description": {
        "identifier": "geometry.ledian",
        "texture_width": 128,
        "texture_height": 128,
        "visible_bounds_width": 4,
        "visible_bounds_height": 4.5,
        "visible_bounds_offset": [0, 1.75, 0]
      },
      "bones": [
        {
          "name": "ledian",
          "pivot": [0, 0, 0]
        },
        {
          "name": "body_position",
          "parent": "ledian",
          "pivot": [1.5, 8, -3]
        },
        {
          "name": "body",
          "parent": "body_position",
          "pivot": [0, 18, 0]
        },
        {
          "name": "leg_right",
          "parent": "body",
          "pivot": [-3, 11.825, -2],
          "cubes": [
            { "origin": [-4.5, 7.325, -3.5], "size": [3, 5, 3], "uv": [0, 60] }
          ]
        },
        {
          "name": "leg_right_2",
          "parent": "leg_right",
          "pivot": [-3, 7.3, -3.525],
          "cubes": [
            { "origin": [-4.5, 2.325, -3.5], "size": [3, 5, 3], "uv": [46, 58] }
          ]
        },
        {
          "name": "leg_right_3",
          "parent": "leg_right_2",
          "pivot": [-3, 2.825, -2.5],
          "cubes": [
            { "origin": [-5.5, 1.325, -7], "size": [5, 3, 7], "uv": [28, 22] }
          ]
        },
        {
          "name": "leg_left",
          "parent": "body",
          "pivot": [3, 11.825, -2],
          "cubes": [
            { "origin": [1.5, 7.325, -3.5], "size": [3, 5, 3], "uv": [58, 61] }
          ]
        },
        {
          "name": "leg_left_2",
          "parent": "leg_left",
          "pivot": [3, 7.3, -3.5],
          "cubes": [
            { "origin": [1.5, 2.325, -3.5], "size": [3, 5, 3], "uv": [12, 60] }
          ]
        },
        {
          "name": "leg_left_3",
          "parent": "leg_left_2",
          "pivot": [3, 2.825, -2.5],
          "cubes": [
            { "origin": [0.5, 1.325, -7], "size": [5, 3, 7], "uv": [0, 42] }
          ]
        },
        {
          "name": "main_body",
          "parent": "body",
          "pivot": [4.85, 22.325, -2.35],
          "cubes": [
            { "origin": [-5.5, 11, -4], "size": [11, 14, 8], "uv": [0, 0] }
          ]
        },
        {
          "name": "arm_right",
          "parent": "main_body",
          "pivot": [-3.85, 22.325, -2.35]
        },
        {
          "name": "arm_top_right2",
          "parent": "arm_right",
          "pivot": [-4.85, 17.325, -2.35],
          "cubes": [
            {
              "origin": [-7.5, 16.325, -3.35],
              "size": [5, 2, 2],
              "uv": [59, 47],
              "mirror": true
            }
          ]
        },
        {
          "name": "arm1_bone3",
          "parent": "arm_top_right2",
          "pivot": [-7.48, 18.2925, -2.3575],
          "cubes": [
            {
              "origin": [-11.51, 16.335, -3.365],
              "size": [4, 2, 2],
              "inflate": 0.01,
              "uv": [64, 12],
              "mirror": true
            },
            {
              "origin": [-15.45, 15.25, -4.35],
              "size": [4, 4, 4],
              "uv": [30, 57],
              "mirror": true
            }
          ]
        },
        {
          "name": "arm_top_right",
          "parent": "arm_right",
          "pivot": [-4.85, 22.325, -2.35],
          "cubes": [
            {
              "origin": [-8.5, 21.325, -3.35],
              "size": [5, 2, 2],
              "uv": [59, 47],
              "mirror": true
            }
          ]
        },
        {
          "name": "arm1_bone4",
          "parent": "arm_top_right",
          "pivot": [-8.48, 23.2925, -2.3575],
          "cubes": [
            {
              "origin": [-12.51, 21.335, -3.365],
              "size": [4, 2, 2],
              "inflate": 0.01,
              "uv": [64, 12],
              "mirror": true
            },
            {
              "origin": [-16.45, 20.25, -4.35],
              "size": [4, 4, 4],
              "uv": [0, 52]
            }
          ]
        },
        {
          "name": "arm_left",
          "parent": "main_body",
          "pivot": [3.85, 22.325, -2.35]
        },
        {
          "name": "arm_top_left2",
          "parent": "arm_left",
          "pivot": [4.85, 17.325, -2.35],
          "cubes": [
            {
              "origin": [2.5, 16.325, -3.35],
              "size": [5, 2, 2],
              "uv": [59, 47]
            }
          ]
        },
        {
          "name": "arm1_bone2",
          "parent": "arm_top_left2",
          "pivot": [7.48, 18.2925, -2.3575],
          "cubes": [
            {
              "origin": [7.51, 16.335, -3.365],
              "size": [4, 2, 2],
              "inflate": 0.01,
              "uv": [64, 12]
            },
            {
              "origin": [11.45, 15.25, -4.35],
              "size": [4, 4, 4],
              "uv": [30, 57]
            }
          ]
        },
        {
          "name": "arm_top_left",
          "parent": "arm_left",
          "pivot": [4.85, 22.325, -2.35],
          "cubes": [
            {
              "origin": [3.5, 21.325, -3.35],
              "size": [5, 2, 2],
              "uv": [59, 47]
            }
          ]
        },
        {
          "name": "arm1_bone",
          "parent": "arm_top_left",
          "pivot": [8.48, 23.2925, -2.3575],
          "cubes": [
            {
              "origin": [8.51, 21.335, -3.365],
              "size": [4, 2, 2],
              "inflate": 0.01,
              "uv": [64, 12]
            },
            {
              "origin": [12.45, 20.25, -4.35],
              "size": [4, 4, 4],
              "uv": [30, 57]
            }
          ]
        },
        {
          "name": "wings2",
          "parent": "body",
          "pivot": [0, 11.325, 2.5]
        },
        {
          "name": "left_wing2",
          "parent": "wings2",
          "pivot": [1, 24.81535, 4.8277],
          "cubes": [
            {
              "origin": [0.5, 12.825, 3.975],
              "size": [5, 12, 0],
              "pivot": [0, 25.325, 4.475],
              "rotation": [7.5, 0, 0],
              "uv": [59, 35]
            }
          ]
        },
        {
          "name": "right_wing2",
          "parent": "wings2",
          "pivot": [-1, 24.81535, 4.8277],
          "cubes": [
            {
              "origin": [-5.5, 12.825, 3.975],
              "size": [5, 12, 0],
              "pivot": [0, 25.325, 4.475],
              "rotation": [7.5, 0, 0],
              "uv": [0, 22]
            }
          ]
        },
        {
          "name": "left_wing",
          "parent": "body",
          "pivot": [0, 24.55, 2.5],
          "cubes": [
            { "origin": [0, 10.05, -1], "size": [6, 15, 7], "uv": [38, 0] }
          ]
        },
        {
          "name": "right_wing",
          "parent": "body",
          "pivot": [0, 24.55, 2.5],
          "cubes": [
            { "origin": [-6, 10.05, -1], "size": [6, 15, 7], "uv": [33, 35] }
          ]
        },
        {
          "name": "neck",
          "parent": "body",
          "pivot": [0, 24.5, 0],
          "cubes": [
            { "origin": [-1.5, 23, -1.5], "size": [3, 5, 3], "uv": [64, 0] }
          ]
        },
        {
          "name": "head",
          "parent": "neck",
          "pivot": [0, 27.27545, -0.32827],
          "rotation": [15, 0, 0],
          "cubes": [
            {
              "origin": [3, 30, -6],
              "size": [2, 3, 6],
              "pivot": [4, 31.5, -2.5],
              "rotation": [10, 0, 0],
              "uv": [18, 51]
            },
            { "origin": [-4, 27, -7], "size": [8, 8, 12], "uv": [0, 22] },
            {
              "origin": [-5, 30, -6],
              "size": [2, 3, 6],
              "pivot": [-4, 31.5, -2.5],
              "rotation": [10, 0, 0],
              "uv": [46, 26]
            }
          ]
        },
        {
          "name": "antennae",
          "parent": "head",
          "pivot": [-1, 18.9, -0.5]
        },
        {
          "name": "anthena_right",
          "parent": "antennae",
          "pivot": [-2.79451, 35.05353, -3.92535],
          "cubes": [
            {
              "origin": [-2.5, 34.4, -4],
              "size": [1, 4, 0],
              "pivot": [0, 18.9, -0.5],
              "rotation": [0, 0, -2.5],
              "uv": [10, 22]
            },
            {
              "origin": [-3.78722, 37.87563, -5.05507],
              "size": [2, 6, 0],
              "pivot": [-2.88186, 36.88461, -4.05507],
              "rotation": [-47.5, 0, -2.5],
              "uv": [0, 0]
            }
          ]
        },
        {
          "name": "anthena_left",
          "parent": "antennae",
          "pivot": [2.79451, 35.05353, -3.92535],
          "cubes": [
            {
              "origin": [1.5, 34.4, -4],
              "size": [1, 4, 0],
              "pivot": [0, 18.9, -0.5],
              "rotation": [0, 0, 2.5],
              "uv": [10, 26]
            },
            {
              "origin": [1.78722, 37.87563, -5.05507],
              "size": [2, 6, 0],
              "pivot": [2.88186, 36.88461, -4.05507],
              "rotation": [-47.5, 0, 2.5],
              "uv": [4, 0]
            }
          ]
        }
      ]
    }
  ]
}
