{
  "format_version": "1.12.0",
  "minecraft:geometry": [
    {
      "description": {
        "identifier": "geometry.slowbro",
        "texture_width": 128,
        "texture_height": 64,
        "visible_bounds_width": 4,
        "visible_bounds_height": 2.5,
        "visible_bounds_offset": [0, 0.75, 0]
      },
      "bones": [
        {
          "name": "slowbro",
          "pivot": [0, 0, 0]
        },
        {
          "name": "body",
          "parent": "slowbro",
          "pivot": [0, 11, 1]
        },
        {
          "name": "torso",
          "parent": "body",
          "pivot": [-0.5, 5, 0.5],
          "rotation": [7.5, 0, 0],
          "cubes": [
            { "origin": [-4.5, 3, -3.5], "size": [9, 11, 8], "uv": [0, 0] }
          ]
        },
        {
          "name": "head",
          "parent": "torso",
          "pivot": [0, 13.5, 0],
          "cubes": [
            { "origin": [-3.5, 15, -6.5], "size": [7, 2, 3], "uv": [50, 0] },
            {
              "origin": [1.5, 14.75, -6.25],
              "size": [1, 1, 0],
              "pivot": [2, 15.25, -6.25],
              "rotation": [0, 0, 45],
              "uv": [34, 9]
            },
            {
              "origin": [-2.5, 14.75, -6.25],
              "size": [1, 1, 0],
              "pivot": [-2, 15.25, -6.25],
              "rotation": [0, 0, -45],
              "uv": [34, 8]
            },
            { "origin": [-4, 13.5, -4], "size": [8, 7, 7], "uv": [23, 27] }
          ]
        },
        {
          "name": "ear_left",
          "parent": "head",
          "pivot": [3.38388, 19.88388, -1],
          "rotation": [0, 0, 45],
          "cubes": [
            {
              "origin": [1.88388, 19.7981, -1.5],
              "size": [3, 3, 1],
              "uv": [0, 4]
            }
          ]
        },
        {
          "name": "ear_right",
          "parent": "head",
          "pivot": [-3.38388, 19.88388, -1],
          "rotation": [0, 0, -45],
          "cubes": [
            {
              "origin": [-4.88388, 19.7981, -1.5],
              "size": [3, 3, 1],
              "uv": [0, 0]
            }
          ]
        },
        {
          "name": "eye_left",
          "parent": "head",
          "pivot": [3.135, 18.375, -3.5125],
          "cubes": [
            {
              "origin": [2.01, 16.75, -4.01],
              "size": [2, 3, 1],
              "uv": [32, 41]
            },
            {
              "origin": [2.76, 17.50428, -4.011],
              "size": [1, 1, 1],
              "uv": [38, 41]
            }
          ]
        },
        {
          "name": "eyelid_left",
          "parent": "eye_left",
          "pivot": [2.91, 18.25, -3.41],
          "cubes": [
            {
              "origin": [1.91, 16.75, -3.91],
              "size": [2, 3, 1],
              "inflate": 0.01,
              "uv": [15, 34]
            }
          ]
        },
        {
          "name": "eye_right",
          "parent": "head",
          "pivot": [-3.135, 18.375, -3.5125],
          "cubes": [
            {
              "origin": [-4.01, 16.75, -4.01],
              "size": [2, 3, 1],
              "uv": [0, 34]
            },
            {
              "origin": [-3.76, 17.50428, -4.011],
              "size": [1, 1, 1],
              "uv": [19, 38]
            }
          ]
        },
        {
          "name": "eyelid_right",
          "parent": "eye_right",
          "pivot": [-2.91, 18.25, -3.41],
          "cubes": [
            {
              "origin": [-3.91, 16.75, -3.91],
              "size": [2, 3, 1],
              "inflate": 0.01,
              "uv": [26, 0]
            }
          ]
        },
        {
          "name": "jaw",
          "parent": "head",
          "pivot": [0, 15, -4],
          "cubes": [
            { "origin": [-3, 14, -6], "size": [6, 1, 2], "uv": [50, 43] }
          ]
        },
        {
          "name": "arm_left",
          "parent": "torso",
          "pivot": [4, 11.25, -1.75],
          "cubes": [
            {
              "origin": [1.5, 9.75, -3.25],
              "size": [5, 3, 3],
              "inflate": 0.001,
              "uv": [18, 51]
            }
          ]
        },
        {
          "name": "arm_left2",
          "parent": "arm_left",
          "pivot": [6.5, 12.75, -1.75],
          "cubes": [
            {
              "origin": [6, 9.35, -3.25],
              "size": [4, 3, 3],
              "inflate": -0.1,
              "pivot": [4, 11.75, -12.25],
              "rotation": [0, 0, -10],
              "uv": [48, 51]
            }
          ]
        },
        {
          "name": "shell",
          "parent": "arm_left2",
          "pivot": [7.2, 10.7, -1.8],
          "rotation": [22.50384, 81.14303, 16.97282],
          "cubes": [
            {
              "origin": [2.2, 5.7, -2.5],
              "size": [10, 10, 5],
              "inflate": -1.45,
              "uv": [0, 19]
            },
            {
              "origin": [9.7, 5.4, -1],
              "size": [0, 2, 2],
              "pivot": [9.7, 5.7, -0.5],
              "rotation": [0, 0, -27.5],
              "uv": [0, 19]
            },
            {
              "origin": [3, 4.7, -1.1],
              "size": [0, 2, 2],
              "pivot": [4.7, 5.7, -0.5],
              "rotation": [0, 0, 27.5],
              "uv": [0, 17]
            },
            { "origin": [3.4, 6.7, 0.9], "size": [8, 8, 4], "uv": [30, 15] },
            { "origin": [11.15, 10.7, 1.7], "size": [2, 0, 2], "uv": [23, 21] },
            { "origin": [1.45, 10.7, 1.7], "size": [2, 0, 2], "uv": [23, 19] },
            { "origin": [7.2, 14.45, 1.7], "size": [0, 2, 2], "uv": [26, 2] },
            {
              "origin": [4.2, 7.7, 3.8],
              "size": [6, 6, 3],
              "inflate": -0.4,
              "uv": [50, 8]
            },
            {
              "origin": [9.6, 11.7, 5.5],
              "size": [1, 0, 1],
              "pivot": [10.2, 11.7, 8],
              "rotation": [0, 0, -20],
              "uv": [29, 5]
            },
            {
              "origin": [4, 11.7, 5.4],
              "size": [1, 0, 1],
              "pivot": [4.2, 11.7, 8],
              "rotation": [0, 0, 20],
              "uv": [29, 4]
            },
            { "origin": [5.4, 9.2, 5.3], "size": [3, 3, 3], "uv": [71, 0] },
            { "origin": [7.2, 13, 5.35], "size": [0, 1, 1], "uv": [20, 33] },
            { "origin": [7.2, 7.45, 5.25], "size": [0, 1, 1], "uv": [5, 33] }
          ]
        },
        {
          "name": "shell_jaw",
          "parent": "shell",
          "pivot": [7.2, 6.7, -2.5],
          "rotation": [-25, 0, 0],
          "cubes": [
            {
              "origin": [4.1, 8.5, -6],
              "size": [7, 2, 6],
              "inflate": -0.9,
              "pivot": [7.7, 6.7, -2.5],
              "rotation": [17, 0, 0],
              "uv": [26, 0]
            }
          ]
        },
        {
          "name": "arm_right",
          "parent": "torso",
          "pivot": [-4, 11.25, -1.75],
          "cubes": [
            {
              "origin": [-6.5, 9.75, -3.25],
              "size": [5, 3, 3],
              "inflate": 0.001,
              "uv": [34, 8]
            }
          ]
        },
        {
          "name": "arm_right2",
          "parent": "arm_right",
          "pivot": [-6.5, 12.75, -1.75],
          "cubes": [
            {
              "origin": [-10.5, 9.75, -3.25],
              "size": [4, 3, 3],
              "uv": [34, 51]
            }
          ]
        },
        {
          "name": "finger_right",
          "parent": "arm_right2",
          "pivot": [-10, 11.25, -3],
          "cubes": [
            { "origin": [-11.5, 10.75, -3], "size": [2, 1, 0], "uv": [34, 14] }
          ]
        },
        {
          "name": "finger_right2",
          "parent": "arm_right2",
          "pivot": [-10, 11.25, -1.75],
          "cubes": [
            {
              "origin": [-11.5, 10.75, -1.75],
              "size": [2, 1, 0],
              "uv": [25, 23]
            }
          ]
        },
        {
          "name": "finger_right3",
          "parent": "arm_right2",
          "pivot": [-10, 11.25, -0.5],
          "cubes": [
            { "origin": [-11.5, 10.75, -0.5], "size": [2, 1, 0], "uv": [0, 23] }
          ]
        },
        {
          "name": "tail",
          "parent": "torso",
          "pivot": [0, 6.5, 3.5],
          "cubes": [
            { "origin": [-2.5, 4, 2.5], "size": [5, 5, 5], "uv": [17, 41] }
          ]
        },
        {
          "name": "tail2",
          "parent": "tail",
          "pivot": [0, 6.5, 6.6],
          "cubes": [
            { "origin": [-2, 4.5, 5.5], "size": [4, 4, 7], "uv": [0, 34] }
          ]
        },
        {
          "name": "leg_left",
          "parent": "body",
          "pivot": [4, 5, 0.5],
          "cubes": [
            { "origin": [2.5, 2.5, -2], "size": [4, 5, 5], "uv": [0, 46] }
          ]
        },
        {
          "name": "leg_left2",
          "parent": "leg_left",
          "pivot": [4.5, 2.5, -0.5],
          "cubes": [
            { "origin": [3, 0.5, -0.5], "size": [3, 3, 3], "uv": [69, 8] }
          ]
        },
        {
          "name": "foot_left",
          "parent": "leg_left2",
          "pivot": [4.5, 1.5, 2],
          "cubes": [
            {
              "origin": [2.5, 0, -2],
              "size": [4, 2, 5],
              "inflate": 0.001,
              "uv": [50, 36]
            },
            { "origin": [5, 0, -3.5], "size": [1, 1, 2], "uv": [36, 43] },
            { "origin": [3, 0, -3.5], "size": [1, 1, 2], "uv": [47, 8] }
          ]
        },
        {
          "name": "leg_right",
          "parent": "body",
          "pivot": [-4, 5, 0.5],
          "cubes": [
            { "origin": [-6.5, 2.5, -2], "size": [4, 5, 5], "uv": [37, 41] }
          ]
        },
        {
          "name": "leg_right2",
          "parent": "leg_right",
          "pivot": [-4.5, 2.5, -0.5],
          "cubes": [
            { "origin": [-6, 0.5, -0.5], "size": [3, 3, 3], "uv": [54, 17] }
          ]
        },
        {
          "name": "foot_right",
          "parent": "leg_right2",
          "pivot": [-4.5, 1.5, 2],
          "cubes": [
            {
              "origin": [-6.5, 0, -2],
              "size": [4, 2, 5],
              "inflate": 0.001,
              "uv": [46, 27]
            },
            { "origin": [-6, 0, -3.5], "size": [1, 1, 2], "uv": [15, 38] },
            { "origin": [-4, 0, -3.5], "size": [1, 1, 2], "uv": [0, 38] }
          ]
        }
      ]
    }
  ]
}
