{
  "format_version": "1.8.0",
  "animations": {
    "animation.veluza.water_swim": {
      "loop": true,
      "bones": {
        "bodysec_1": {
          "rotation": [
            "math.sin(q.anim_time*90*2)*1",
            "math.sin(q.anim_time*90*4-30)*4",
            0
          ],
          "position": [
            "math.sin(q.anim_time*90*4+30)*2",
            "math.sin(q.anim_time*90*2+60)*2.4",
            0
          ]
        },
        "fin_2": {
          "rotation": [0, "math.sin(q.anim_time*90*4-30)*4", 0]
        },
        "fin_1": {
          "rotation": [0, "math.sin(q.anim_time*90*4-30)*4", 0]
        },
        "head": {
          "rotation": [
            "math.sin(q.anim_time*90*2+30)*2",
            "math.sin(q.anim_time*90*4)*4",
            0
          ]
        },
        "jaw_bot": {
          "rotation": ["2.5+math.sin(q.anim_time*90*2+60)*2", 0, 0]
        },
        "bodysec_2": {
          "rotation": [
            "math.sin(q.anim_time*90*2-30)*2",
            "math.sin(q.anim_time*90*4-60)*3",
            0
          ]
        },
        "bodysec_3": {
          "rotation": [
            "math.sin(q.anim_time*90*2-60)*4",
            "math.sin(q.anim_time*90*4-90)*5",
            0
          ]
        },
        "tail": {
          "rotation": [
            "math.sin(q.anim_time*90*2-90)*6",
            "math.sin(q.anim_time*90*4-120)*7",
            0
          ]
        }
      }
    },
    "animation.veluza.water_idle": {
      "loop": true,
      "bones": {
        "bodysec_1": {
          "rotation": [
            "math.sin(q.anim_time*90*1-30)*2",
            "math.sin(q.anim_time*90*2-60)*-2",
            0
          ],
          "position": [
            "math.sin(q.anim_time*90*1+30)*0.3",
            "math.sin(q.anim_time*90*2)*0.2",
            "math.sin(q.anim_time*90*2-90)*1.2"
          ]
        },
        "fin_2": {
          "rotation": [0, "math.sin(q.anim_time*90*2-30)*-4", 0]
        },
        "fin_1": {
          "rotation": [0, "math.sin(q.anim_time*90*2-30)*4", 0]
        },
        "head": {
          "rotation": [
            "math.sin(q.anim_time*90*1-30)*-2",
            "math.sin(q.anim_time*90*2-60)*2",
            0
          ]
        },
        "jaw_bot": {
          "rotation": ["4+math.sin(q.anim_time*90*2+30)*1", 0, 0]
        },
        "bodysec_2": {
          "rotation": [
            "math.sin(q.anim_time*90*1)*-2",
            "math.sin(q.anim_time*90*2-30)*-1",
            0
          ]
        },
        "bodysec_3": {
          "rotation": [
            "math.sin(q.anim_time*90*1+30)*-4",
            "math.sin(q.anim_time*90*2)*-2",
            0
          ]
        },
        "tail": {
          "rotation": [
            "math.sin(q.anim_time*90*1)*-3",
            "math.sin(q.anim_time*90*2-60)*-2",
            0
          ]
        }
      }
    }
  }
}
