{
  "format_version": "1.12.0",
  "minecraft:geometry": [
    {
      "description": {
        "identifier": "geometry.unknown",
        "texture_width": 256,
        "texture_height": 256,
        "visible_bounds_width": 13,
        "visible_bounds_height": 8.5,
        "visible_bounds_offset": [0, 3.75, 0]
      },
      "bones": [
        {
          "name": "reshiram",
          "pivot": [0, 0, 0]
        },
        {
          "name": "mainthing",
          "parent": "reshiram",
          "pivot": [-0.54425, 32.2719, 3.72771]
        },
        {
          "name": "upper",
          "parent": "mainthing",
          "pivot": [-0.5, 27, 0]
        },
        {
          "name": "body2",
          "parent": "upper",
          "pivot": [-3.8, 28.1, -2.1],
          "cubes": [
            {
              "origin": [-8, 23.90415, -4.94362],
              "size": [15, 21, 15],
              "pivot": [6, 23.90415, -3.94362],
              "rotation": [17.5, 0, 0],
              "uv": [74, 0]
            },
            {
              "origin": [-0.5, 14.90415, -15.94362],
              "size": [0, 11, 21],
              "uv": [88, 15]
            }
          ]
        },
        {
          "name": "body3",
          "parent": "body2",
          "pivot": [-0.6, 44.90415, -5.04362],
          "cubes": [
            {
              "origin": [-7, 43.90415, -10.94362],
              "size": [13, 15, 13],
              "pivot": [5, 43.90415, -9.94362],
              "rotation": [7.56314, 0.94556, 0.32797],
              "uv": [58, 94]
            },
            {
              "origin": [-2.7, 48.90415, -11.14362],
              "size": [7, 9, 0],
              "pivot": [3.3, 48.90415, -10.14362],
              "rotation": [19.99902, -1.36574, 17.67596],
              "uv": [154, 113]
            },
            {
              "origin": [-4.6, 48.90415, -11.04362],
              "size": [7, 9, 0],
              "pivot": [-3.6, 48.90415, -10.04362],
              "rotation": [19.99902, 1.36574, -17.67596],
              "uv": [154, 113],
              "mirror": true
            }
          ]
        },
        {
          "name": "right_arm",
          "parent": "body3",
          "pivot": [-6.15, 55.55344, -6.39734],
          "cubes": [
            {
              "origin": [-13, 53.50344, -8.19734],
              "size": [7, 4, 4],
              "uv": [154, 46],
              "mirror": true
            }
          ]
        },
        {
          "name": "right_arm2",
          "parent": "right_arm",
          "pivot": [-13, 55.25344, -6.19734],
          "cubes": [
            {
              "origin": [-29, 54.00344, -9.19734],
              "size": [16, 3, 9],
              "uv": [17, 52],
              "mirror": true
            }
          ]
        },
        {
          "name": "rarm1memb",
          "parent": "right_arm2",
          "pivot": [-27, 54.00344, -7.19734],
          "cubes": [
            {
              "origin": [-27, 54.00344, -0.19734],
              "size": [10, 0, 12],
              "uv": [190, 52],
              "mirror": true
            }
          ]
        },
        {
          "name": "right_arm2half",
          "parent": "right_arm2",
          "pivot": [-27.89971, 54.55344, -6.47876],
          "rotation": [0, 2.5, 0],
          "cubes": [
            {
              "origin": [-44.31705, 54.05344, -10.78497],
              "size": [17, 3, 14],
              "pivot": [-43, 54.05344, 0.20266],
              "rotation": [0, -2.5, 0],
              "uv": [10, 47],
              "mirror": true
            }
          ]
        },
        {
          "name": "rarm2memb",
          "parent": "right_arm2half",
          "pivot": [-43, 54.05344, -12.79734],
          "cubes": [
            {
              "origin": [-43.75, 54.05344, 3.20266],
              "size": [17, 0, 12],
              "pivot": [-43, 54.05344, -12.79734],
              "rotation": [0, -2.5, 0],
              "uv": [178, 5],
              "mirror": true
            }
          ]
        },
        {
          "name": "right_arm3",
          "parent": "right_arm2half",
          "pivot": [-44.18236, 55.65244, -9.62919],
          "rotation": [0, 10, 0],
          "cubes": [
            {
              "origin": [-59.18884, 54.05344, -17.63889],
              "size": [17, 3, 22],
              "inflate": 0.1,
              "pivot": [-58.18884, 54.05344, -16.63889],
              "rotation": [0, -12.5, 0],
              "uv": [2, 39],
              "mirror": true
            },
            {
              "origin": [-53.48884, 57.05344, -15.63889],
              "size": [5, 1, 3],
              "pivot": [-52.48884, 57.05344, -14.63889],
              "rotation": [0, -12.5, 0],
              "uv": [120, 77],
              "mirror": true
            },
            {
              "origin": [-48.48884, 55.15344, -16.83889],
              "size": [1, 1, 2],
              "pivot": [-47.48884, 55.15344, -16.83889],
              "rotation": [0, -15, 0],
              "uv": [14, 16],
              "mirror": true
            },
            {
              "origin": [-49.98884, 55.65344, -17.23889],
              "size": [1, 1, 2],
              "pivot": [-48.98884, 55.65344, -17.23889],
              "rotation": [0, -15, 0],
              "uv": [0, 40],
              "mirror": true
            },
            {
              "origin": [-51.38884, 55.65344, -17.63889],
              "size": [1, 1, 2],
              "pivot": [-50.38884, 55.65344, -17.63889],
              "rotation": [0, -15, 0],
              "uv": [54, 5],
              "mirror": true
            },
            {
              "origin": [-52.88884, 55.15344, -18.03889],
              "size": [1, 1, 2],
              "pivot": [-51.88884, 55.15344, -18.03889],
              "rotation": [0, -15, 0],
              "uv": [0, 37],
              "mirror": true
            },
            {
              "origin": [-50.8712, 56.15244, -19.57074],
              "size": [1, 0, 2],
              "pivot": [-49.8712, 56.15244, -19.57074],
              "rotation": [0, -15, 0],
              "uv": [12, 16],
              "mirror": true
            },
            {
              "origin": [-49.4712, 56.15244, -19.17074],
              "size": [1, 0, 2],
              "pivot": [-48.4712, 56.15244, -19.17074],
              "rotation": [0, -15, 0],
              "uv": [2, 13],
              "mirror": true
            },
            {
              "origin": [-47.9712, 55.65244, -18.77074],
              "size": [1, 0, 2],
              "pivot": [-46.9712, 55.65244, -18.77074],
              "rotation": [0, -15, 0],
              "uv": [3, 0],
              "mirror": true
            },
            {
              "origin": [-47.38884, 55.15344, -18.83889],
              "size": [0, 1, 2],
              "pivot": [-47.38884, 55.15344, -18.83889],
              "rotation": [0, -15, 0],
              "uv": [5, 0],
              "mirror": true
            },
            {
              "origin": [-48.98884, 55.65344, -19.23889],
              "size": [0, 1, 2],
              "pivot": [-48.98884, 55.65344, -19.23889],
              "rotation": [0, -15, 0],
              "uv": [54, 17],
              "mirror": true
            },
            {
              "origin": [-50.28884, 55.65344, -19.63889],
              "size": [0, 1, 2],
              "pivot": [-50.28884, 55.65344, -19.63889],
              "rotation": [0, -15, 0],
              "uv": [0, 58],
              "mirror": true
            },
            {
              "origin": [-51.78884, 55.15344, -20.03889],
              "size": [0, 1, 2],
              "pivot": [-51.78884, 55.15344, -20.03889],
              "rotation": [0, -15, 0],
              "uv": [14, 17],
              "mirror": true
            },
            {
              "origin": [-52.3712, 55.65244, -19.97074],
              "size": [1, 0, 2],
              "pivot": [-51.3712, 55.65244, -19.97074],
              "rotation": [0, -15, 0],
              "uv": [5, 0],
              "mirror": true
            }
          ]
        },
        {
          "name": "rarm3memb",
          "parent": "right_arm3",
          "pivot": [-58.18884, 54.05344, -16.63889],
          "cubes": [
            {
              "origin": [-60.18884, 54.05344, 4.36111],
              "size": [18, 0, 10],
              "pivot": [-58.18884, 54.05344, -16.63889],
              "rotation": [0, -12.5, 0],
              "uv": [181, 36],
              "mirror": true
            }
          ]
        },
        {
          "name": "right_arm3half",
          "parent": "right_arm3",
          "pivot": [-57.11397, 55.55344, -14.17034],
          "rotation": [-7.07076, 49.5725, -10.1807],
          "cubes": [
            {
              "origin": [-59.18884, 54.05344, -17.63889],
              "size": [17, 3, 24],
              "inflate": -0.01,
              "pivot": [-58.18884, 54.05344, -16.63889],
              "rotation": [0, -105, 0],
              "uv": [0, 37],
              "mirror": true
            },
            {
              "origin": [-42.18884, 54.05344, -17.63889],
              "size": [3, 3, 24],
              "inflate": -0.01,
              "pivot": [-58.18884, 54.05344, -16.63889],
              "rotation": [0, -105, 0],
              "uv": [17, 37],
              "mirror": true
            }
          ]
        },
        {
          "name": "right_arm4",
          "parent": "right_arm3half",
          "pivot": [-83.58884, 55.55344, -13.43889],
          "rotation": [0, -92.5, 0],
          "cubes": [
            {
              "origin": [-93.18884, 54.55344, -17.13889],
              "size": [6, 2, 8],
              "inflate": -0.01,
              "pivot": [-92.18884, 54.55344, -16.13889],
              "rotation": [0, -15, 0],
              "uv": [143, 103],
              "mirror": true
            },
            {
              "origin": [-87.38884, 54.55344, -15.63889],
              "size": [5, 2, 6],
              "inflate": -0.01,
              "pivot": [-86.38884, 54.55344, -14.63889],
              "rotation": [0, -12.5, 0],
              "uv": [152, 69],
              "mirror": true
            },
            {
              "origin": [-77.98884, 55.05344, -13.23889],
              "size": [3, 1, 5],
              "inflate": -0.01,
              "pivot": [-76.98884, 55.05344, -12.23889],
              "rotation": [0, -7.5, 0],
              "uv": [47, 117],
              "mirror": true
            },
            {
              "origin": [-82.58884, 54.55344, -14.43889],
              "size": [4, 2, 5],
              "inflate": -0.01,
              "pivot": [-81.58884, 54.55344, -13.43889],
              "rotation": [0, -12.5, 0],
              "uv": [83, 122],
              "mirror": true
            }
          ]
        },
        {
          "name": "right_arm5",
          "parent": "right_arm4",
          "pivot": [-83.58884, 55.55344, -9.33889],
          "cubes": [
            {
              "origin": [-94.68884, 55.55344, -3.43889],
              "size": [3, 0, 5],
              "inflate": -0.01,
              "pivot": [-93.68884, 55.55344, -2.43889],
              "rotation": [0, -5, 0],
              "uv": [61, 15],
              "mirror": true
            },
            {
              "origin": [-94.68884, 55.05344, -9.43889],
              "size": [5, 1, 6],
              "inflate": -0.01,
              "pivot": [-93.68884, 55.05344, -8.43889],
              "rotation": [0, -10, 0],
              "uv": [154, 20],
              "mirror": true
            },
            {
              "origin": [-88.38884, 55.55344, -3.93889],
              "size": [3, 0, 6],
              "inflate": -0.01,
              "pivot": [-87.38884, 55.55344, -2.93889],
              "rotation": [0, -7.5, 0],
              "uv": [12, 37],
              "mirror": true
            },
            {
              "origin": [-88.08884, 55.05344, -9.83889],
              "size": [4, 1, 6],
              "inflate": -0.01,
              "pivot": [-87.08884, 55.05344, -8.83889],
              "rotation": [0, -7.5, 0],
              "uv": [0, 9],
              "mirror": true
            },
            {
              "origin": [-83.08884, 55.05344, -9.63889],
              "size": [3, 1, 5],
              "inflate": -0.01,
              "pivot": [-82.08884, 55.05344, -8.63889],
              "rotation": [0, -5, 0],
              "uv": [119, 9],
              "mirror": true
            },
            {
              "origin": [-83.58884, 55.55344, -4.83889],
              "size": [3, 0, 6],
              "inflate": -0.01,
              "pivot": [-82.58884, 55.55344, -3.83889],
              "rotation": [0, -7.5, 0],
              "uv": [8, 9],
              "mirror": true
            },
            {
              "origin": [-78.58884, 55.55344, -8.33889],
              "size": [3, 0, 5],
              "inflate": -0.01,
              "pivot": [-77.58884, 54.55344, -7.33889],
              "rotation": [0, -7.5, 0],
              "uv": [49, 0],
              "mirror": true
            }
          ]
        },
        {
          "name": "left_arm",
          "parent": "body3",
          "pivot": [6.15, 55.55344, -6.39734],
          "cubes": [
            {
              "origin": [6, 53.50344, -8.19734],
              "size": [7, 4, 4],
              "uv": [154, 46]
            }
          ]
        },
        {
          "name": "left_arm2",
          "parent": "left_arm",
          "pivot": [13, 55.25344, -6.19734],
          "cubes": [
            {
              "origin": [13, 54.00344, -9.19734],
              "size": [16, 3, 9],
              "uv": [17, 52]
            }
          ]
        },
        {
          "name": "larm1memb",
          "parent": "left_arm2",
          "pivot": [27, 54.00344, -7.19734],
          "cubes": [
            {
              "origin": [17, 54.00344, -0.19734],
              "size": [10, 0, 12],
              "uv": [190, 52]
            }
          ]
        },
        {
          "name": "left_arm2half",
          "parent": "left_arm2",
          "pivot": [27, 53.05344, -4.79734],
          "rotation": [0, -2.5, 0],
          "cubes": [
            {
              "origin": [26.76667, 54.05344, -11.49049],
              "size": [17, 3, 14],
              "pivot": [42.76667, 54.05344, -10.49049],
              "rotation": [0, 2.5, 0],
              "uv": [10, 47]
            }
          ]
        },
        {
          "name": "larm2memb",
          "parent": "left_arm2half",
          "pivot": [42.76667, 54.05344, -10.49049],
          "cubes": [
            {
              "origin": [26.76667, 54.05344, 2.50951],
              "size": [17, 0, 12],
              "pivot": [42.76667, 54.05344, -10.49049],
              "rotation": [0, 2.5, 0],
              "uv": [178, 5]
            }
          ]
        },
        {
          "name": "left_arm3",
          "parent": "left_arm2half",
          "pivot": [43.94904, 53.65244, -8.32234],
          "rotation": [0, -10, 0],
          "cubes": [
            {
              "origin": [41.78187, 54.05344, -17.31685],
              "size": [17, 3, 22],
              "inflate": 0.1,
              "pivot": [57.78187, 54.05344, -16.31685],
              "rotation": [0, 12.5, 0],
              "uv": [2, 39]
            },
            {
              "origin": [48.08187, 57.05344, -15.31685],
              "size": [5, 1, 3],
              "pivot": [52.08187, 57.05344, -14.31685],
              "rotation": [0, 12.5, 0],
              "uv": [120, 77]
            },
            {
              "origin": [47.08187, 55.15344, -16.51685],
              "size": [1, 1, 2],
              "pivot": [47.08187, 55.15344, -16.51685],
              "rotation": [0, 15, 0],
              "uv": [14, 16]
            },
            {
              "origin": [48.58187, 55.65344, -16.91685],
              "size": [1, 1, 2],
              "pivot": [48.58187, 55.65344, -16.91685],
              "rotation": [0, 15, 0],
              "uv": [0, 40]
            },
            {
              "origin": [49.98187, 55.65344, -17.31685],
              "size": [1, 1, 2],
              "pivot": [49.98187, 55.65344, -17.31685],
              "rotation": [0, 15, 0],
              "uv": [54, 5]
            },
            {
              "origin": [51.48187, 55.15344, -17.71685],
              "size": [1, 1, 2],
              "pivot": [51.48187, 55.15344, -17.71685],
              "rotation": [0, 15, 0],
              "uv": [0, 37]
            },
            {
              "origin": [49.46423, 56.15244, -19.2487],
              "size": [1, 0, 2],
              "pivot": [49.46423, 56.15244, -19.2487],
              "rotation": [0, 15, 0],
              "uv": [12, 16]
            },
            {
              "origin": [48.06423, 56.15244, -18.8487],
              "size": [1, 0, 2],
              "pivot": [48.06423, 56.15244, -18.8487],
              "rotation": [0, 15, 0],
              "uv": [2, 13]
            },
            {
              "origin": [46.56423, 55.65244, -18.4487],
              "size": [1, 0, 2],
              "pivot": [46.56423, 55.65244, -18.4487],
              "rotation": [0, 15, 0],
              "uv": [3, 0]
            },
            {
              "origin": [46.98187, 55.15344, -18.51685],
              "size": [0, 1, 2],
              "pivot": [46.98187, 55.15344, -18.51685],
              "rotation": [0, 15, 0],
              "uv": [5, 0]
            },
            {
              "origin": [48.58187, 55.65344, -18.91685],
              "size": [0, 1, 2],
              "pivot": [48.58187, 55.65344, -18.91685],
              "rotation": [0, 15, 0],
              "uv": [54, 17]
            },
            {
              "origin": [49.88187, 55.65344, -19.31685],
              "size": [0, 1, 2],
              "pivot": [49.88187, 55.65344, -19.31685],
              "rotation": [0, 15, 0],
              "uv": [0, 58]
            },
            {
              "origin": [51.38187, 55.15344, -19.71685],
              "size": [0, 1, 2],
              "pivot": [51.38187, 55.15344, -19.71685],
              "rotation": [0, 15, 0],
              "uv": [14, 17]
            },
            {
              "origin": [50.96423, 55.65244, -19.6487],
              "size": [1, 0, 2],
              "pivot": [50.96423, 55.65244, -19.6487],
              "rotation": [0, 15, 0],
              "uv": [5, 0]
            }
          ]
        },
        {
          "name": "larm3memb",
          "parent": "left_arm3",
          "pivot": [57.78187, 54.05344, -16.31685],
          "cubes": [
            {
              "origin": [41.78187, 54.05344, 4.68315],
              "size": [18, 0, 10],
              "pivot": [57.78187, 54.05344, -16.31685],
              "rotation": [0, 12.5, 0],
              "uv": [181, 36]
            }
          ]
        },
        {
          "name": "left_arm3half",
          "parent": "left_arm3",
          "pivot": [58.78187, 54.05344, -12.31685],
          "rotation": [-6.23153, -39.48202, 9.73319],
          "cubes": [
            {
              "origin": [45.78187, 54.05344, -13.31685],
              "size": [15, 3, 24],
              "inflate": -0.001,
              "pivot": [58.78187, 54.05344, -12.31685],
              "rotation": [0, 95, 0],
              "uv": [4, 37]
            },
            {
              "origin": [41.78187, 54.05344, -13.31685],
              "size": [4, 3, 24],
              "inflate": -0.01,
              "pivot": [58.78187, 54.05344, -12.31685],
              "rotation": [0, 95, 0],
              "uv": [0, 37]
            }
          ]
        },
        {
          "name": "left_arm4",
          "parent": "left_arm3half",
          "pivot": [82.18187, 55.55344, -6.11685],
          "rotation": [0, 85, 0],
          "cubes": [
            {
              "origin": [85.78187, 54.55344, -9.81685],
              "size": [6, 2, 8],
              "pivot": [90.78187, 54.55344, -8.81685],
              "rotation": [0, 15, 0],
              "uv": [143, 103]
            },
            {
              "origin": [80.98187, 54.55344, -8.31685],
              "size": [5, 2, 6],
              "pivot": [84.98187, 54.55344, -7.31685],
              "rotation": [0, 12.5, 0],
              "uv": [152, 69]
            },
            {
              "origin": [73.58187, 55.05344, -5.91685],
              "size": [3, 1, 5],
              "pivot": [75.58187, 55.05344, -4.91685],
              "rotation": [0, 7.5, 0],
              "uv": [47, 117]
            },
            {
              "origin": [77.18187, 54.55344, -7.11685],
              "size": [4, 2, 5],
              "pivot": [80.18187, 54.55344, -6.11685],
              "rotation": [0, 12.5, 0],
              "uv": [83, 122]
            }
          ]
        },
        {
          "name": "left_arm5",
          "parent": "left_arm4",
          "pivot": [82.18187, 55.55344, -2.01685],
          "cubes": [
            {
              "origin": [90.28187, 55.55344, 3.88315],
              "size": [3, 0, 5],
              "pivot": [92.28187, 55.55344, 4.88315],
              "rotation": [0, 5, 0],
              "uv": [61, 15]
            },
            {
              "origin": [88.28187, 55.05344, -2.11685],
              "size": [5, 1, 6],
              "pivot": [92.28187, 55.05344, -1.11685],
              "rotation": [0, 10, 0],
              "uv": [154, 20]
            },
            {
              "origin": [83.98187, 55.55344, 3.38315],
              "size": [3, 0, 6],
              "pivot": [85.98187, 55.55344, 4.38315],
              "rotation": [0, 7.5, 0],
              "uv": [12, 37]
            },
            {
              "origin": [82.68187, 55.05344, -2.51685],
              "size": [4, 1, 6],
              "pivot": [85.68187, 55.05344, -1.51685],
              "rotation": [0, 7.5, 0],
              "uv": [0, 9]
            },
            {
              "origin": [78.68187, 55.05344, -2.31685],
              "size": [3, 1, 5],
              "pivot": [80.68187, 55.05344, -1.31685],
              "rotation": [0, 5, 0],
              "uv": [119, 9]
            },
            {
              "origin": [79.18187, 55.55344, 2.48315],
              "size": [3, 0, 6],
              "pivot": [81.18187, 55.55344, 3.48315],
              "rotation": [0, 7.5, 0],
              "uv": [8, 9]
            },
            {
              "origin": [74.18187, 55.55344, -1.01685],
              "size": [3, 0, 5],
              "pivot": [76.18187, 54.55344, -0.01685],
              "rotation": [0, 7.5, 0],
              "uv": [49, 0]
            }
          ]
        },
        {
          "name": "neck",
          "parent": "body3",
          "pivot": [7.5, 59.60415, -7.24362],
          "cubes": [
            {
              "origin": [-3, 59.10415, -10.24362],
              "size": [6, 17, 6],
              "pivot": [7, 59.10415, -9.24362],
              "rotation": [7.56314, 0.94556, 0.32797],
              "uv": [0, 37]
            },
            {
              "origin": [3.79005, 72.27842, -12.37687],
              "size": [0, 4, 6],
              "pivot": [3.7, 75.10415, -9.44362],
              "rotation": [7.77291, 13.33468, 2.00565],
              "uv": [58, 94]
            },
            {
              "origin": [-3.49005, 72.27842, -12.37687],
              "size": [0, 4, 6],
              "pivot": [-3.4, 75.10415, -9.44362],
              "rotation": [7.77291, -13.33468, -2.00565],
              "uv": [54, 9]
            },
            {
              "origin": [-3.9027, 71.2521, -12.47951],
              "size": [8, 5, 0],
              "pivot": [7, 76.10415, -15.24362],
              "rotation": [-2.43686, 0.94556, 0.32797],
              "uv": [114, 130]
            },
            {
              "origin": [-2.90623, 66.6036, -5.09818],
              "size": [6, 8, 0],
              "pivot": [-3, 67.10415, -6.24362],
              "rotation": [-4.93686, 0.94556, 0.32797],
              "uv": [76, 0]
            },
            {
              "origin": [3.04518, 67.18778, -11.22736],
              "size": [0, 6, 6],
              "pivot": [3, 67.10415, -9.24362],
              "rotation": [7.58883, -0.7089, 12.71845],
              "uv": [58, 88]
            },
            {
              "origin": [-3.04518, 67.18778, -11.22736],
              "size": [0, 6, 6],
              "pivot": [-3, 67.10415, -9.24362],
              "rotation": [7.58883, 0.7089, -12.71845],
              "uv": [0, 82]
            },
            {
              "origin": [-4, 59.10415, -11.24362],
              "size": [8, 3, 8],
              "pivot": [7, 59.10415, -9.24362],
              "rotation": [7.56314, 0.94556, 0.32797],
              "uv": [28, 137]
            },
            {
              "origin": [-3.5, 64.10415, -10.74362],
              "size": [7, 3, 7],
              "pivot": [7.5, 59.10415, -8.74362],
              "rotation": [7.56314, 0.94556, 0.32797],
              "uv": [143, 125]
            }
          ]
        },
        {
          "name": "head",
          "parent": "neck",
          "pivot": [0.1, 75.15344, -9.39734],
          "cubes": [
            {
              "origin": [-3.9, 74.60344, -14.39734],
              "size": [8, 8, 10],
              "uv": [113, 84]
            },
            {
              "origin": [-2.9, 79.60344, -11.39734],
              "size": [6, 5, 7],
              "uv": [119, 87]
            },
            {
              "origin": [-2.9, 75.35344, -5.39734],
              "size": [6, 8, 4],
              "pivot": [3.1, 80.35344, -3.39734],
              "rotation": [10, 0, 0],
              "uv": [88, 47]
            },
            {
              "origin": [-1.9, 77.35344, -1.39734],
              "size": [4, 6, 3],
              "pivot": [3.1, 80.35344, 0.60266],
              "rotation": [15, 0, 0],
              "uv": [154, 135]
            },
            {
              "origin": [0.1, 79.15344, 1.60266],
              "size": [0, 4, 4],
              "pivot": [3.1, 81.15344, 3.60266],
              "rotation": [15, 0, 0],
              "uv": [47, 109]
            },
            {
              "origin": [4.1, 76.15344, -9.39734],
              "size": [0, 4, 7],
              "pivot": [3.1, 76.15344, -8.39734],
              "rotation": [-8.44236, 27.24513, -3.88714],
              "uv": [0, 9]
            },
            {
              "origin": [-3.9, 76.15344, -9.39734],
              "size": [0, 4, 7],
              "pivot": [-4.9, 76.15344, -8.39734],
              "rotation": [-8.26511, -24.77164, 3.48303],
              "uv": [0, 9]
            }
          ]
        },
        {
          "name": "mouth",
          "parent": "head",
          "pivot": [3.6, 77.90344, -13.79734]
        },
        {
          "name": "topjaw2",
          "parent": "mouth",
          "pivot": [3.6, 77.60344, -14.79734],
          "cubes": [
            {
              "origin": [-2.4, 77.50344, -20.79734],
              "size": [5, 4, 9],
              "inflate": 0.002,
              "pivot": [3.6, 77.60344, -14.79734],
              "rotation": [2.5, 0, 0],
              "uv": [83, 142]
            },
            {
              "origin": [2.1, 76.75344, -19.99734],
              "size": [0, 1, 1],
              "pivot": [1.1, 76.75344, -18.99734],
              "rotation": [-45, 0, 0],
              "uv": [125, 18]
            },
            {
              "origin": [-2.1, 76.75344, -19.99734],
              "size": [0, 1, 1],
              "pivot": [-1.1, 76.75344, -18.99734],
              "rotation": [-45, 0, 0],
              "uv": [125, 18],
              "mirror": true
            }
          ]
        },
        {
          "name": "bottomjaw",
          "parent": "mouth",
          "pivot": [0.1, 76.99059, -13.79354],
          "rotation": [5, 0, 0],
          "cubes": [
            {
              "origin": [-2.4, 75.35344, -19.77832],
              "size": [5, 2, 6],
              "pivot": [0.1, 76.99059, -11.79354],
              "rotation": [-5, 0, 0],
              "uv": [22, 150]
            }
          ]
        },
        {
          "name": "hairleft",
          "parent": "head",
          "pivot": [5.1, 82.70344, -13.39734],
          "cubes": [
            {
              "origin": [4.45008, 81.8979, -9.059],
              "size": [0, 4, 12],
              "pivot": [5.45008, 82.8979, -8.059],
              "rotation": [32.5, 0, 0],
              "uv": [96, 65]
            },
            {
              "origin": [0.1, 79.70344, -13.39734],
              "size": [5, 5, 8],
              "pivot": [5.1, 82.70344, -13.39734],
              "rotation": [10, 17.5, 0],
              "uv": [17, 113]
            },
            {
              "origin": [0.6, 79.80344, -17.39734],
              "size": [4, 4, 5],
              "pivot": [5.1, 82.70344, -13.39734],
              "rotation": [30, 17.5, 0],
              "uv": [20, 116]
            },
            {
              "origin": [2.29997, 80.55475, -6.48693],
              "size": [5, 6, 9],
              "pivot": [7.29997, 84.55475, -6.48693],
              "rotation": [0.14613, 17.46148, 0.45495],
              "uv": [0, 137]
            }
          ]
        },
        {
          "name": "left_head2",
          "parent": "hairleft",
          "pivot": [7.68043, 82.36929, 2.57247],
          "cubes": [
            {
              "origin": [5.61876, 78.88324, 0.78009],
              "size": [3, 8, 11],
              "pivot": [7.43043, 83.36929, 1.32247],
              "rotation": [-31.9621, 15.34491, 1.84197],
              "uv": [126, 125]
            }
          ]
        },
        {
          "name": "left_head3",
          "parent": "left_head2",
          "pivot": [9.28043, 77.91929, 8.37247],
          "cubes": [
            {
              "origin": [7.29997, 73.65475, 5.81307],
              "size": [2, 6, 11],
              "pivot": [9.29997, 77.65475, 5.81307],
              "rotation": [22.64831, 19.96147, 0.46173],
              "uv": [134, 9]
            }
          ]
        },
        {
          "name": "left_head4",
          "parent": "left_head3",
          "pivot": [11.53043, 79.41929, 16.12247],
          "cubes": [
            {
              "origin": [10.78043, 76.66929, 13.87247],
              "size": [1, 7, 11],
              "pivot": [12.78043, 81.66929, 13.87247],
              "rotation": [-16.9621, 15.34491, 1.84197],
              "uv": [141, 51]
            }
          ]
        },
        {
          "name": "left_head5",
          "parent": "left_head4",
          "pivot": [13.99997, 77.15475, 25.41307],
          "cubes": [
            {
              "origin": [13.49997, 73.65475, 21.91307],
              "size": [0, 5, 11],
              "pivot": [13.49997, 76.65475, 21.91307],
              "rotation": [22.64831, 19.96147, 0.46173],
              "uv": [114, 114]
            }
          ]
        },
        {
          "name": "left_head6",
          "parent": "left_head5",
          "pivot": [16.75008, 81.6479, 31.691],
          "cubes": [
            {
              "origin": [16.75008, 79.8979, 30.941],
              "size": [0, 5, 11],
              "pivot": [16.75008, 82.8979, 30.941],
              "rotation": [-24.85169, 19.96147, 0.46173],
              "uv": [96, 70]
            }
          ]
        },
        {
          "name": "left_head",
          "parent": "hairleft",
          "pivot": [16.45008, 82.4979, 0.941]
        },
        {
          "name": "hairright2",
          "parent": "head",
          "pivot": [3.1, 81.15344, 6.60266],
          "cubes": [
            {
              "origin": [-4.45008, 81.8979, -9.059],
              "size": [0, 4, 12],
              "pivot": [-5.45008, 82.8979, -8.059],
              "rotation": [32.5, 0, 0],
              "uv": [96, 65],
              "mirror": true
            },
            {
              "origin": [-4.6, 79.90344, -17.39734],
              "size": [4, 4, 5],
              "pivot": [-5.1, 82.70344, -13.39734],
              "rotation": [32.5, -17.5, 0],
              "uv": [21, 116],
              "mirror": true
            },
            {
              "origin": [-7.29997, 80.55475, -6.48693],
              "size": [5, 6, 9],
              "pivot": [-7.29997, 84.55475, -6.48693],
              "rotation": [0.14613, -17.46148, -0.45495],
              "uv": [0, 137],
              "mirror": true
            },
            {
              "origin": [-5.1, 79.70344, -13.39734],
              "size": [5, 5, 8],
              "pivot": [-5.1, 82.70344, -13.39734],
              "rotation": [7.5, -17.5, 0],
              "uv": [17, 113],
              "mirror": true
            }
          ]
        },
        {
          "name": "right_head2",
          "parent": "hairright2",
          "pivot": [-7.68043, 82.36929, 2.57247],
          "cubes": [
            {
              "origin": [-8.61876, 78.88324, 0.78009],
              "size": [3, 8, 11],
              "pivot": [-7.43043, 83.36929, 1.32247],
              "rotation": [-31.9621, -15.34491, -1.84197],
              "uv": [126, 125],
              "mirror": true
            }
          ]
        },
        {
          "name": "right_head3",
          "parent": "right_head2",
          "pivot": [-9.28043, 77.91929, 8.37247],
          "cubes": [
            {
              "origin": [-9.29997, 73.65475, 5.81307],
              "size": [2, 6, 11],
              "pivot": [-9.29997, 77.65475, 5.81307],
              "rotation": [22.64831, -19.96147, -0.46173],
              "uv": [134, 9],
              "mirror": true
            }
          ]
        },
        {
          "name": "right_head4",
          "parent": "right_head3",
          "pivot": [-11.53043, 79.41929, 16.12247],
          "cubes": [
            {
              "origin": [-11.78043, 76.66929, 13.87247],
              "size": [1, 7, 11],
              "pivot": [-12.78043, 81.66929, 13.87247],
              "rotation": [-16.9621, -15.34491, -1.84197],
              "uv": [141, 51],
              "mirror": true
            }
          ]
        },
        {
          "name": "right_head5",
          "parent": "right_head4",
          "pivot": [-13.99997, 77.15475, 25.41307],
          "cubes": [
            {
              "origin": [-13.49997, 73.65475, 21.91307],
              "size": [0, 5, 11],
              "pivot": [-13.49997, 76.65475, 21.91307],
              "rotation": [22.64831, -19.96147, -0.46173],
              "uv": [114, 114],
              "mirror": true
            }
          ]
        },
        {
          "name": "right_head6",
          "parent": "right_head5",
          "pivot": [-16.75008, 81.6479, 31.691],
          "cubes": [
            {
              "origin": [-16.75008, 79.8979, 30.941],
              "size": [0, 5, 11],
              "pivot": [-16.75008, 82.8979, 30.941],
              "rotation": [-24.85169, -19.96147, -0.46173],
              "uv": [96, 70],
              "mirror": true
            }
          ]
        },
        {
          "name": "left_eyes",
          "parent": "head",
          "pivot": [4.2, 79.55344, -10.54734],
          "cubes": [
            {
              "origin": [4.11, 78.55344, -12.19734],
              "size": [0, 3, 5],
              "pivot": [3.1, 78.55344, -11.19734],
              "rotation": [7.5, 0, 0],
              "uv": [97, 89]
            },
            {
              "origin": [4.12, 78.95344, -11.29734],
              "size": [0, 2, 2],
              "pivot": [3.2, 77.95344, -10.29734],
              "rotation": [7.5, 0, 0],
              "uv": [0, 11]
            },
            {
              "origin": [4.13, 79.55344, -10.79734],
              "size": [0, 1, 1],
              "pivot": [3.2, 77.55344, -9.79734],
              "rotation": [7.5, 0, 0],
              "uv": [0, 0]
            }
          ]
        },
        {
          "name": "right_eyes",
          "parent": "head",
          "pivot": [-4.2, 79.55344, -10.54734],
          "cubes": [
            {
              "origin": [-4.1, 78.55344, -12.19734],
              "size": [0, 3, 5],
              "pivot": [-3.1, 78.55344, -11.19734],
              "rotation": [7.5, 0, 0],
              "uv": [97, 89],
              "mirror": true
            },
            {
              "origin": [-4.11, 78.95344, -11.29734],
              "size": [0, 2, 2],
              "pivot": [-3.2, 77.95344, -10.29734],
              "rotation": [7.5, 0, 0],
              "uv": [0, 11],
              "mirror": true
            },
            {
              "origin": [-4.12, 79.55344, -10.79734],
              "size": [0, 1, 1],
              "pivot": [-3.2, 77.55344, -9.79734],
              "rotation": [7.5, 0, 0],
              "uv": [0, 0],
              "mirror": true
            }
          ]
        },
        {
          "name": "right_leg",
          "parent": "mainthing",
          "pivot": [-8.20274, 35.53802, 7.19744],
          "cubes": [
            {
              "origin": [-16.05, 20, -2],
              "size": [10, 19, 19],
              "pivot": [-11.05, 36, 7],
              "rotation": [-14.95716, -2.58492, -0.64751],
              "uv": [0, 75],
              "mirror": true
            }
          ]
        },
        {
          "name": "right_leg2",
          "parent": "right_leg",
          "pivot": [-10.8, 20.95, 5],
          "cubes": [
            {
              "origin": [-14.3, 11.7, 1],
              "size": [7, 12, 9],
              "pivot": [-13.3, 22.7, 2],
              "rotation": [10, 0, 0],
              "uv": [60, 122],
              "mirror": true
            }
          ]
        },
        {
          "name": "right_leg3",
          "parent": "right_leg2",
          "pivot": [-10.8, 13.5, 7.25],
          "cubes": [
            {
              "origin": [-13.3, 4, 4],
              "size": [5, 12, 6],
              "pivot": [-12.3, 15, 5],
              "rotation": [-15, 0, 0],
              "uv": [54, 143],
              "mirror": true
            }
          ]
        },
        {
          "name": "right_leg4",
          "parent": "right_leg3",
          "pivot": [-10.8, 4.01175, 4.33701],
          "cubes": [
            {
              "origin": [-14.3, 0, -0.7],
              "size": [7, 5, 5],
              "uv": [149, 9],
              "mirror": true
            },
            {
              "origin": [-14.3, 0.46175, 4.18701],
              "size": [7, 5, 6],
              "pivot": [-13.3, 0.46175, 5.18701],
              "rotation": [27.5, 0, 0],
              "uv": [137, 144],
              "mirror": true
            },
            {
              "origin": [-12.3, 3.86175, 6.38701],
              "size": [3, 3, 4],
              "pivot": [-12.3, 3.86175, 7.38701],
              "rotation": [-17.5, 0, 0],
              "uv": [19, 137],
              "mirror": true
            },
            {
              "origin": [-11.3, 4.26175, 8.58701],
              "size": [1, 1, 3],
              "pivot": [-12.3, 3.26175, 9.58701],
              "rotation": [-47.5, 0, 0],
              "uv": [0, 0],
              "mirror": true
            }
          ]
        },
        {
          "name": "right_leg5",
          "parent": "right_leg4",
          "pivot": [-10.71665, 3.75, -0.59096],
          "cubes": [
            {
              "origin": [-13.88335, 0, -6.59096],
              "size": [2, 4, 6],
              "pivot": [-12.88335, 0, -5.59096],
              "rotation": [0, -5, 0],
              "uv": [39, 84],
              "mirror": true
            },
            {
              "origin": [-11.8, 0, -6.5],
              "size": [2, 4, 6],
              "uv": [97, 97],
              "mirror": true
            },
            {
              "origin": [-9.71665, 0, -6.59096],
              "size": [2, 4, 6],
              "pivot": [-8.71665, 0, -5.59096],
              "rotation": [0, 5, 0],
              "uv": [65, 64],
              "mirror": true
            }
          ]
        },
        {
          "name": "right_leghair",
          "parent": "right_leg",
          "pivot": [-10.55, 39.8, 10.4],
          "cubes": [
            {
              "origin": [-10.53115, 35.98563, 13.70107],
              "size": [0, 5, 4],
              "pivot": [-11.05, 36.4, 15.6],
              "rotation": [-39.95716, -2.58492, -0.64751],
              "uv": [0, 0],
              "mirror": true
            },
            {
              "origin": [-10.53115, 39.78563, 0.70107],
              "size": [0, 6, 4],
              "pivot": [-11.05, 40.2, 2.6],
              "rotation": [-22.45716, -2.58492, -0.64751],
              "uv": [35, 109],
              "mirror": true
            },
            {
              "origin": [-10.53115, 37.28563, 8.70107],
              "size": [0, 7, 5],
              "pivot": [-11.05, 37.7, 10.6],
              "rotation": [-34.95716, -2.58492, -0.64751],
              "uv": [96, 57],
              "mirror": true
            },
            {
              "origin": [-10.53115, 38.78563, 4.50107],
              "size": [0, 8, 5],
              "pivot": [-11.05, 39.2, 6.4],
              "rotation": [-27.45716, -2.58492, -0.64751],
              "uv": [71, 69],
              "mirror": true
            }
          ]
        },
        {
          "name": "right_leghair2",
          "parent": "right_leghair",
          "pivot": [-10.55, 44.95, 13],
          "cubes": [
            {
              "origin": [-10.53115, 45.18563, 8.40107],
              "size": [0, 10, 4],
              "pivot": [-11.05, 45.6, 10.3],
              "rotation": [-42.45716, -2.58492, -0.64751],
              "uv": [0, 109],
              "mirror": true
            },
            {
              "origin": [-10.53115, 42.58563, 12.50107],
              "size": [0, 6, 5],
              "pivot": [-11.05, 43, 14.4],
              "rotation": [-47.45716, -2.58492, -0.64751],
              "uv": [96, 64],
              "mirror": true
            },
            {
              "origin": [-10.53115, 45.88563, 16.50107],
              "size": [0, 8, 4],
              "pivot": [-11.05, 46.3, 18.4],
              "rotation": [-69.95716, -2.58492, -0.64751],
              "uv": [17, 109],
              "mirror": true
            },
            {
              "origin": [-10.68388, 39.12365, 16.29852],
              "size": [0, 6, 4],
              "pivot": [-11.20274, 39.53802, 18.19744],
              "rotation": [-67.45716, -2.58492, -0.64751],
              "uv": [10, 69],
              "mirror": true
            },
            {
              "origin": [-10.53115, 45.28563, 3.60107],
              "size": [0, 4, 3],
              "pivot": [-11.05, 45.7, 4.5],
              "rotation": [-32.45716, -2.58492, -0.64751],
              "uv": [0, 6],
              "mirror": true
            }
          ]
        },
        {
          "name": "left_leg",
          "parent": "mainthing",
          "pivot": [8.20274, 35.53802, 7.19744],
          "cubes": [
            {
              "origin": [6.05, 20, -2],
              "size": [10, 19, 19],
              "pivot": [11.05, 36, 7],
              "rotation": [-14.95716, 2.58492, 0.64751],
              "uv": [0, 75]
            }
          ]
        },
        {
          "name": "left_leg2",
          "parent": "left_leg",
          "pivot": [10.8, 20.95, 5],
          "cubes": [
            {
              "origin": [7.3, 11.7, 1],
              "size": [7, 12, 9],
              "pivot": [13.3, 22.7, 2],
              "rotation": [10, 0, 0],
              "uv": [60, 122]
            }
          ]
        },
        {
          "name": "left_leg3",
          "parent": "left_leg2",
          "pivot": [10.8, 13.5, 7.25],
          "cubes": [
            {
              "origin": [8.3, 4, 4],
              "size": [5, 12, 6],
              "pivot": [12.3, 15, 5],
              "rotation": [-15, 0, 0],
              "uv": [54, 143]
            }
          ]
        },
        {
          "name": "left_leg4",
          "parent": "left_leg3",
          "pivot": [10.8, 4.01175, 4.33701],
          "cubes": [
            { "origin": [7.3, 0, -0.7], "size": [7, 5, 5], "uv": [149, 9] },
            {
              "origin": [7.3, 0.46175, 4.18701],
              "size": [7, 5, 6],
              "pivot": [13.3, 0.46175, 5.18701],
              "rotation": [27.5, 0, 0],
              "uv": [137, 144]
            },
            {
              "origin": [9.3, 3.86175, 6.38701],
              "size": [3, 3, 4],
              "pivot": [12.3, 3.86175, 7.38701],
              "rotation": [-17.5, 0, 0],
              "uv": [19, 137]
            },
            {
              "origin": [10.3, 4.26175, 8.58701],
              "size": [1, 1, 3],
              "pivot": [12.3, 3.26175, 9.58701],
              "rotation": [-47.5, 0, 0],
              "uv": [0, 0]
            }
          ]
        },
        {
          "name": "left_leg5",
          "parent": "left_leg4",
          "pivot": [10.71665, 3.75, -0.59096],
          "cubes": [
            {
              "origin": [11.88335, 0, -6.59096],
              "size": [2, 4, 6],
              "pivot": [12.88335, 0, -5.59096],
              "rotation": [0, 5, 0],
              "uv": [39, 84]
            },
            { "origin": [9.8, 0, -6.5], "size": [2, 4, 6], "uv": [97, 97] },
            {
              "origin": [7.71665, 0, -6.59096],
              "size": [2, 4, 6],
              "pivot": [8.71665, 0, -5.59096],
              "rotation": [0, -5, 0],
              "uv": [65, 64]
            }
          ]
        },
        {
          "name": "left_leghair",
          "parent": "left_leg",
          "pivot": [10.55, 39.8, 10.4],
          "cubes": [
            {
              "origin": [10.53115, 35.98563, 13.70107],
              "size": [0, 5, 4],
              "pivot": [11.05, 36.4, 15.6],
              "rotation": [-39.95716, 2.58492, 0.64751],
              "uv": [0, 0]
            },
            {
              "origin": [10.53115, 39.78563, 0.70107],
              "size": [0, 6, 4],
              "pivot": [11.05, 40.2, 2.6],
              "rotation": [-22.45716, 2.58492, 0.64751],
              "uv": [35, 109]
            },
            {
              "origin": [10.53115, 37.28563, 8.70107],
              "size": [0, 7, 5],
              "pivot": [11.05, 37.7, 10.6],
              "rotation": [-34.95716, 2.58492, 0.64751],
              "uv": [96, 57]
            },
            {
              "origin": [10.53115, 38.78563, 4.50107],
              "size": [0, 8, 5],
              "pivot": [11.05, 39.2, 6.4],
              "rotation": [-27.45716, 2.58492, 0.64751],
              "uv": [71, 69]
            }
          ]
        },
        {
          "name": "left_leghair2",
          "parent": "left_leghair",
          "pivot": [10.55, 44.95, 13],
          "cubes": [
            {
              "origin": [10.53115, 45.18563, 8.40107],
              "size": [0, 10, 4],
              "pivot": [11.05, 45.6, 10.3],
              "rotation": [-42.45716, 2.58492, 0.64751],
              "uv": [0, 109]
            },
            {
              "origin": [10.53115, 42.58563, 12.50107],
              "size": [0, 6, 5],
              "pivot": [11.05, 43, 14.4],
              "rotation": [-47.45716, 2.58492, 0.64751],
              "uv": [96, 64]
            },
            {
              "origin": [10.53115, 45.88563, 16.50107],
              "size": [0, 8, 4],
              "pivot": [11.05, 46.3, 18.4],
              "rotation": [-69.95716, 2.58492, 0.64751],
              "uv": [17, 109]
            },
            {
              "origin": [10.68388, 39.12365, 16.29852],
              "size": [0, 6, 4],
              "pivot": [11.20274, 39.53802, 18.19744],
              "rotation": [-67.45716, 2.58492, 0.64751],
              "uv": [10, 69]
            },
            {
              "origin": [10.53115, 45.28563, 3.60107],
              "size": [0, 4, 3],
              "pivot": [11.05, 45.7, 4.5],
              "rotation": [-32.45716, 2.58492, 0.64751],
              "uv": [0, 6]
            }
          ]
        },
        {
          "name": "body",
          "parent": "mainthing",
          "pivot": [-0.54425, 32.2719, 3.72771],
          "cubes": [
            { "origin": [-9, 23, -6], "size": [17, 17, 20], "uv": [0, 0] },
            { "origin": [-5.5, 26, 14], "size": [11, 11, 2], "uv": [111, 144] }
          ]
        },
        {
          "name": "tail",
          "parent": "body",
          "pivot": [-1.02257, 31.16521, 17.13318]
        },
        {
          "name": "smolone",
          "parent": "tail",
          "pivot": [-0.96105, 24.18289, 24],
          "cubes": [
            {
              "origin": [-11.96105, 34.18289, 27],
              "size": [13, 2, 6],
              "pivot": [-0.96105, 24.18289, 24],
              "rotation": [0, 0, 45],
              "uv": [130, 38]
            },
            {
              "origin": [-4.18288, 17.40472, 27],
              "size": [2, 9, 6],
              "pivot": [6.81712, 16.40472, 24],
              "rotation": [0, 0, 45],
              "uv": [0, 152]
            },
            {
              "origin": [-19.73923, 26.40472, 27],
              "size": [13, 2, 6],
              "pivot": [-8.73923, 16.40472, 24],
              "rotation": [0, 0, 45],
              "uv": [130, 30]
            },
            {
              "origin": [-11.96105, 25.18289, 27],
              "size": [2, 9, 6],
              "pivot": [-0.96105, 24.18289, 24],
              "rotation": [0, 0, 45],
              "uv": [0, 73]
            },
            {
              "origin": [-6.96105, 27.08289, 16],
              "size": [7, 7, 8],
              "pivot": [-0.96105, 27.08289, 16],
              "rotation": [0, 0, 45],
              "uv": [54, 0]
            },
            {
              "origin": [-7.96105, 26.18289, 18],
              "size": [9, 9, 5],
              "pivot": [-0.96105, 27.18289, 16],
              "rotation": [0, 0, 45],
              "uv": [142, 77]
            },
            {
              "origin": [-10.96105, 24.18289, 24],
              "size": [11, 11, 11],
              "pivot": [-0.96105, 24.18289, 24],
              "rotation": [0, 0, 45],
              "uv": [110, 103]
            }
          ]
        },
        {
          "name": "bigoen",
          "parent": "smolone",
          "pivot": [-6.28362, 35.1481, 38.13318],
          "cubes": [
            {
              "origin": [-1.78948, 25.76868, 35],
              "size": [2, 11, 13],
              "pivot": [-3.78948, 22.76868, 38],
              "rotation": [0, 0, 45],
              "uv": [30, 113]
            },
            {
              "origin": [-17.03212, 39.35446, 35],
              "size": [15, 2, 13],
              "pivot": [-8.03212, 21.35446, 38],
              "rotation": [0, 0, 45],
              "uv": [96, 62]
            },
            {
              "origin": [-2.23848, 36.17754, 35.13318],
              "size": [13, 0, 20],
              "pivot": [5.76152, 35.1481, 38.13318],
              "rotation": [10, 0, 45],
              "uv": [19, 64]
            },
            {
              "origin": [-2.8053, 22.25479, 35.72771],
              "size": [0, 9, 18],
              "pivot": [1.1947, 24.25479, 38.72771],
              "rotation": [-7.56397, -7.43547, -44.01552],
              "uv": [0, 46]
            },
            {
              "origin": [2.29812, 22.25411, 35.72758],
              "size": [0, 9, 18],
              "pivot": [-1.70188, 24.25411, 38.72758],
              "rotation": [-7.56397, 7.43547, 44.01552],
              "uv": [0, 46],
              "mirror": true
            },
            {
              "origin": [-17.61791, 24.94025, 35],
              "size": [15, 2, 13],
              "pivot": [-6.61791, 19.94025, 38],
              "rotation": [0, 0, 45],
              "uv": [96, 47]
            },
            {
              "origin": [-10.39608, 36.37528, 35],
              "size": [2, 11, 13],
              "pivot": [-14.39608, 33.37528, 38],
              "rotation": [0, 0, 45],
              "uv": [0, 113]
            },
            {
              "origin": [-11.28362, 36.17754, 35.13318],
              "size": [13, 0, 20],
              "pivot": [-6.28362, 35.1481, 38.13318],
              "rotation": [10, 0, -45],
              "uv": [19, 64],
              "mirror": true
            }
          ]
        },
        {
          "name": "tail2",
          "parent": "bigoen",
          "pivot": [-0.21105, 31.33289, 34.9],
          "cubes": [
            {
              "origin": [-6.96105, 27.08289, 34.9],
              "size": [7, 7, 26],
              "pivot": [-0.96105, 27.08289, 34.9],
              "rotation": [0, 0, 45],
              "uv": [56, 61]
            }
          ]
        },
        {
          "name": "tail3",
          "parent": "tail2",
          "pivot": [-0.21105, 31.23289, 60.9],
          "cubes": [
            {
              "origin": [-4.96105, 28.48289, 60.9],
              "size": [5, 5, 12],
              "pivot": [-0.96105, 28.48289, 60.9],
              "rotation": [0, 0, 45],
              "uv": [92, 125]
            }
          ]
        },
        {
          "name": "tail4",
          "parent": "tail3",
          "pivot": [-0.21105, 31.38289, 72.9],
          "cubes": [
            {
              "origin": [-2.96105, 29.88289, 72.9],
              "size": [3, 3, 8],
              "pivot": [-0.96105, 29.88289, 72.9],
              "rotation": [0, 0, 45],
              "uv": [57, 76]
            }
          ]
        },
        {
          "name": "tail5",
          "parent": "tail4",
          "pivot": [-0.36105, 31.23289, 80.9],
          "cubes": [
            {
              "origin": [-4.36105, 31.48289, 80.9],
              "size": [5, 0, 9],
              "pivot": [-1.36105, 29.48289, 80.9],
              "rotation": [0, 0, 45],
              "uv": [0, 0]
            }
          ]
        }
      ]
    }
  ]
}
