{
  "format_version": "1.12.0",
  "minecraft:geometry": [
    {
      "description": {
        "identifier": "geometry.gothorita",
        "texture_width": 128,
        "texture_height": 128,
        "visible_bounds_width": 4,
        "visible_bounds_height": 3.5,
        "visible_bounds_offset": [0, 1.25, 0]
      },
      "bones": [
        {
          "name": "gothorita",
          "pivot": [0, 0, 0]
        },
        {
          "name": "body",
          "parent": "gothorita",
          "pivot": [0, 24, 0]
        },
        {
          "name": "torso",
          "parent": "body",
          "pivot": [0, 12, 0],
          "cubes": [
            { "origin": [-3, 15, -2.5], "size": [6, 3, 5], "uv": [0, 37] },
            { "origin": [-5.5, 12, -5], "size": [11, 3, 10], "uv": [0, 24] },
            {
              "origin": [-3.25, 14, -5.25],
              "size": [3, 4, 2],
              "pivot": [-0.25, 15.5, -3.75],
              "rotation": [-22.37845, -15.15302, -22.26337],
              "uv": [20, 50],
              "mirror": true
            },
            {
              "origin": [0.25, 14, -5.25],
              "size": [3, 4, 2],
              "pivot": [0.25, 15.5, -3.75],
              "rotation": [-22.37845, 15.15302, 22.26337],
              "uv": [20, 50]
            },
            {
              "origin": [0.5, 14.85, 2.25],
              "size": [2, 3, 2],
              "pivot": [0.5, 16.35, 2.75],
              "rotation": [22.37845, -15.15302, 22.26337],
              "uv": [0, 54],
              "mirror": true
            },
            {
              "origin": [-2.5, 14.85, 2.25],
              "size": [2, 3, 2],
              "pivot": [-0.5, 16.35, 2.75],
              "rotation": [22.37845, 15.15302, -22.26337],
              "uv": [0, 54]
            }
          ]
        },
        {
          "name": "chest",
          "parent": "torso",
          "pivot": [0, 18, -1.5],
          "cubes": [
            { "origin": [-2, 17, -1.5], "size": [4, 5, 3], "uv": [19, 42] },
            {
              "origin": [0.25, 19, -3.26],
              "size": [3, 4, 2],
              "pivot": [0.25, 20.5, -1.75],
              "rotation": [-4.77264, 11.54158, 13.8603],
              "uv": [20, 50]
            },
            {
              "origin": [-3.25, 19, -3.26],
              "size": [3, 4, 2],
              "pivot": [-0.25, 20.5, -1.75],
              "rotation": [-4.77264, -11.54158, -13.8603],
              "uv": [20, 50],
              "mirror": true
            }
          ]
        },
        {
          "name": "neck",
          "parent": "chest",
          "pivot": [0, 22.01135, 0],
          "cubes": [
            { "origin": [-1, 21.5, -1], "size": [2, 2, 2], "uv": [8, 45] }
          ]
        },
        {
          "name": "head",
          "parent": "neck",
          "pivot": [0, 23.00993, 0],
          "cubes": [
            { "origin": [-6.5, 23, -6], "size": [13, 12, 12], "uv": [0, 0] },
            { "origin": [-4.5, 35, -4], "size": [9, 1, 8], "uv": [32, 24] },
            {
              "origin": [6, 32.5, 0],
              "size": [2, 5, 4],
              "pivot": [6.5, 35, 0],
              "rotation": [-15, 0, 0],
              "uv": [8, 50]
            },
            {
              "origin": [-16.51, 32.5, -4],
              "size": [2, 5, 4],
              "pivot": [-16, 35, 0],
              "rotation": [15, 0, 0],
              "uv": [0, 0],
              "mirror": true
            },
            {
              "origin": [-16.5, 32.5, 0],
              "size": [2, 5, 4],
              "pivot": [-16, 35, 0],
              "rotation": [-15, 0, 0],
              "uv": [8, 50],
              "mirror": true
            },
            {
              "origin": [-8, 32.5, 0],
              "size": [2, 5, 4],
              "pivot": [-6.5, 35, 0],
              "rotation": [-15, 0, 0],
              "uv": [8, 50],
              "mirror": true
            },
            {
              "origin": [-8.01, 32.5, -4],
              "size": [2, 5, 4],
              "pivot": [-7.5, 35, 0],
              "rotation": [15, 0, 0],
              "uv": [0, 0],
              "mirror": true
            },
            {
              "origin": [6.01, 32.5, -4],
              "size": [2, 5, 4],
              "pivot": [7.5, 35, 0],
              "rotation": [15, 0, 0],
              "uv": [0, 0]
            },
            {
              "origin": [-14.5, 28, -3.5],
              "size": [7, 7, 7],
              "uv": [35, 33],
              "mirror": true
            },
            { "origin": [7.5, 28, -3.5], "size": [7, 7, 7], "uv": [35, 33] },
            {
              "origin": [14.51, 32.5, -4],
              "size": [2, 5, 4],
              "pivot": [16, 35, 0],
              "rotation": [15, 0, 0],
              "uv": [0, 0]
            },
            {
              "origin": [14.5, 32.5, 0],
              "size": [2, 5, 4],
              "pivot": [16, 35, 0],
              "rotation": [-15, 0, 0],
              "uv": [8, 50]
            }
          ]
        },
        {
          "name": "ear_left",
          "parent": "head",
          "pivot": [11, 28, 0],
          "cubes": [
            { "origin": [10, 25.5, -1], "size": [2, 3, 2], "uv": [54, 47] },
            { "origin": [9.5, 22, -1.5], "size": [3, 4, 3], "uv": [50, 9] }
          ]
        },
        {
          "name": "ear_right",
          "parent": "head",
          "pivot": [-11, 28, 0],
          "cubes": [
            {
              "origin": [-12, 25.5, -1],
              "size": [2, 3, 2],
              "uv": [54, 47],
              "mirror": true
            },
            {
              "origin": [-12.5, 22, -1.5],
              "size": [3, 4, 3],
              "uv": [50, 9],
              "mirror": true
            }
          ]
        },
        {
          "name": "eye_left",
          "parent": "head",
          "pivot": [3, 24.75, 0.1],
          "cubes": [
            { "origin": [1, 27.25, -6.02], "size": [5, 3, 0], "uv": [0, 30] },
            {
              "origin": [1, 30, -6.06],
              "size": [5, 1, 0],
              "inflate": 0.02,
              "uv": [0, 11]
            }
          ]
        },
        {
          "name": "pupil_left",
          "parent": "eye_left",
          "pivot": [1.5, 24.75, 0],
          "cubes": [
            { "origin": [2, 27.75, -6.04], "size": [2, 3, 0], "uv": [0, 0] },
            { "origin": [2.5, 28.5, -6.06], "size": [1, 2, 0], "uv": [8, 0] }
          ]
        },
        {
          "name": "eye_right",
          "parent": "head",
          "pivot": [-3, 24.75, 0.1],
          "cubes": [
            {
              "origin": [-6, 27.25, -6.02],
              "size": [5, 3, 0],
              "uv": [0, 30],
              "mirror": true
            },
            {
              "origin": [-6, 30, -6.06],
              "size": [5, 1, 0],
              "inflate": 0.02,
              "uv": [0, 11],
              "mirror": true
            }
          ]
        },
        {
          "name": "pupil_right",
          "parent": "eye_right",
          "pivot": [-1.5, 24.75, 0],
          "cubes": [
            {
              "origin": [-4, 27.75, -6.04],
              "size": [2, 3, 0],
              "uv": [0, 0],
              "mirror": true
            },
            {
              "origin": [-3.5, 28.5, -6.06],
              "size": [1, 2, 0],
              "uv": [8, 0],
              "mirror": true
            }
          ]
        },
        {
          "name": "eyelid_left",
          "parent": "head",
          "pivot": [3, 24.75, 0.1],
          "cubes": [
            {
              "origin": [1, 27.25, -5.92],
              "size": [5, 3, 0],
              "uv": [31, 37],
              "mirror": true
            },
            {
              "origin": [1, 30, -5.96],
              "size": [5, 1, 0],
              "inflate": 0.02,
              "uv": [0, 11]
            }
          ]
        },
        {
          "name": "eyelid_right",
          "parent": "head",
          "pivot": [-3, 24.75, 0.1],
          "cubes": [
            { "origin": [-6, 27.25, -5.92], "size": [5, 3, 0], "uv": [31, 37] },
            {
              "origin": [-6, 30, -5.96],
              "size": [5, 1, 0],
              "inflate": 0.02,
              "uv": [0, 11],
              "mirror": true
            }
          ]
        },
        {
          "name": "lip_top",
          "parent": "head",
          "pivot": [0, 25.25, -6],
          "cubes": [
            {
              "origin": [-1, 25.25, -6.75],
              "size": [2, 1, 1],
              "inflate": 0.01,
              "pivot": [0, 25.25, -5.75],
              "rotation": [-2.5, 0, 0],
              "uv": [38, 4]
            }
          ]
        },
        {
          "name": "lip_bottom",
          "parent": "head",
          "pivot": [0, 25.25, -6],
          "cubes": [
            {
              "origin": [-1, 24.45, -6.75],
              "size": [2, 1, 1],
              "pivot": [0, 25.45, -5.75],
              "rotation": [12.5, 0, 0],
              "uv": [38, 2]
            }
          ]
        },
        {
          "name": "arm_left",
          "parent": "chest",
          "pivot": [2, 20.75, 0],
          "cubes": [
            { "origin": [1, 20.25, -0.5], "size": [6, 1, 1], "uv": [17, 37] }
          ]
        },
        {
          "name": "elbow_left",
          "parent": "arm_left",
          "pivot": [7, 20.25, 0.5],
          "cubes": [
            { "origin": [7, 20.25, -0.5], "size": [5, 1, 1], "uv": [0, 9] },
            { "origin": [10, 20.75, -1], "size": [3, 0, 2], "uv": [36, 0] }
          ]
        },
        {
          "name": "arm_right",
          "parent": "chest",
          "pivot": [-2, 20.75, 0],
          "cubes": [
            {
              "origin": [-7, 20.25, -0.5],
              "size": [6, 1, 1],
              "uv": [17, 37],
              "mirror": true
            }
          ]
        },
        {
          "name": "elbow_right",
          "parent": "arm_right",
          "pivot": [-7, 20.25, 0.5],
          "cubes": [
            {
              "origin": [-12, 20.25, -0.5],
              "size": [5, 1, 1],
              "uv": [0, 9],
              "mirror": true
            },
            {
              "origin": [-13, 20.75, -1],
              "size": [3, 0, 2],
              "uv": [36, 0],
              "mirror": true
            }
          ]
        },
        {
          "name": "leg_left",
          "parent": "body",
          "pivot": [2.25, 12, -0.5],
          "cubes": [
            {
              "origin": [1.25, 7.5, -1],
              "size": [2, 5, 2],
              "uv": [32, 24],
              "mirror": true
            }
          ]
        },
        {
          "name": "knee_left",
          "parent": "leg_left",
          "pivot": [2.25, 8, -1],
          "cubes": [
            {
              "origin": [1, 2, -1.5],
              "size": [3, 6, 3],
              "uv": [30, 47],
              "mirror": true
            }
          ]
        },
        {
          "name": "foot_left",
          "parent": "knee_left",
          "pivot": [2.5, 3, 0.5],
          "cubes": [
            {
              "origin": [0.5, 0, -3.5],
              "size": [4, 3, 6],
              "uv": [38, 0],
              "mirror": true
            }
          ]
        },
        {
          "name": "leg_right",
          "parent": "body",
          "pivot": [-2.25, 12, -0.5],
          "cubes": [
            { "origin": [-3.25, 7.5, -1], "size": [2, 5, 2], "uv": [32, 24] }
          ]
        },
        {
          "name": "knee_right",
          "parent": "leg_right",
          "pivot": [-2.25, 8, -1],
          "cubes": [
            { "origin": [-4, 2, -1.5], "size": [3, 6, 3], "uv": [30, 47] }
          ]
        },
        {
          "name": "foot_right",
          "parent": "knee_right",
          "pivot": [-2.5, 3, 0.5],
          "cubes": [
            { "origin": [-4.5, 0, -3.5], "size": [4, 3, 6], "uv": [38, 0] }
          ]
        }
      ]
    }
  ]
}
