{
  "format_version": "1.12.0",
  "minecraft:geometry": [
    {
      "description": {
        "identifier": "geometry.slowpoke",
        "texture_width": 64,
        "texture_height": 64,
        "visible_bounds_width": 5,
        "visible_bounds_height": 2.5,
        "visible_bounds_offset": [0, 0.75, 0]
      },
      "bones": [
        {
          "name": "slowpoke",
          "pivot": [0, 0, 0]
        },
        {
          "name": "body",
          "parent": "slowpoke",
          "pivot": [0, 6, 0]
        },
        {
          "name": "torso",
          "parent": "body",
          "pivot": [-2, 3.75, 4.75],
          "cubes": [
            { "origin": [-5, 1.5, -6.5], "size": [10, 9, 13], "uv": [0, 0] }
          ]
        },
        {
          "name": "tail",
          "parent": "torso",
          "pivot": [0, 5.5, 5.5],
          "cubes": [
            { "origin": [-2.5, 3, 4.5], "size": [5, 5, 7], "uv": [23, 29] }
          ]
        },
        {
          "name": "tail2",
          "parent": "tail",
          "pivot": [0, 5.5, 10.5],
          "cubes": [
            { "origin": [-2, 3.5, 9.5], "size": [4, 4, 7], "uv": [33, 0] }
          ]
        },
        {
          "name": "tail3",
          "parent": "tail2",
          "pivot": [0, 5.5, 15.5],
          "cubes": [
            { "origin": [-1.5, 4, 14.5], "size": [3, 3, 7], "uv": [0, 36] }
          ]
        },
        {
          "name": "tail4",
          "parent": "tail3",
          "pivot": [0, 5.5, 20.5],
          "cubes": [
            { "origin": [0, 4.5, 19.5], "size": [0, 2, 6], "uv": [24, 21] }
          ]
        },
        {
          "name": "head",
          "parent": "torso",
          "pivot": [0, 6, -7],
          "cubes": [
            { "origin": [-3.5, 3.5, -14.5], "size": [7, 2, 3], "uv": [23, 22] },
            {
              "origin": [1.5, 3.25, -14.25],
              "size": [1, 1, 0],
              "pivot": [2, 3.75, -14.25],
              "rotation": [0, 0, 45],
              "uv": [0, 1]
            },
            {
              "origin": [-2.5, 3.25, -14.25],
              "size": [1, 1, 0],
              "pivot": [-2, 3.75, -14.25],
              "rotation": [0, 0, -45],
              "uv": [0, 0]
            },
            { "origin": [-4, 2, -12], "size": [8, 7, 7], "uv": [0, 22] },
            {
              "origin": [-2, 7.6, -11.6],
              "size": [4, 1, 0],
              "inflate": 0.05,
              "pivot": [0, 2, -8],
              "rotation": [-8, 0, 0],
              "uv": [20, 50]
            },
            {
              "origin": [-3, 7.8, -10],
              "size": [6, 1, 0],
              "inflate": 0.05,
              "pivot": [0, 2, -8],
              "rotation": [-8, 0, 0],
              "uv": [20, 50]
            },
            {
              "origin": [-4, 8, -8.4],
              "size": [8, 1, 0],
              "inflate": 0.05,
              "pivot": [0, 2, -8],
              "rotation": [-8, 0, 0],
              "uv": [20, 50]
            }
          ]
        },
        {
          "name": "ear_left",
          "parent": "head",
          "pivot": [3.5, 8.5, -9],
          "rotation": [0, 0, 45],
          "cubes": [
            { "origin": [2, 8.25, -10.1], "size": [3, 3, 1], "uv": [13, 36] }
          ]
        },
        {
          "name": "ear_right",
          "parent": "head",
          "pivot": [-3.5, 8.5, -9],
          "rotation": [0, 0, -45],
          "cubes": [
            { "origin": [-5, 8.25, -10.1], "size": [3, 3, 1], "uv": [0, 8] }
          ]
        },
        {
          "name": "eye_left",
          "parent": "head",
          "pivot": [3.135, 6.25, -11.5125],
          "cubes": [
            {
              "origin": [2.01, 4.75, -12.01],
              "size": [2, 3, 1],
              "uv": [44, 41]
            },
            { "origin": [2.76, 5.75, -12.015], "size": [1, 1, 1], "uv": [9, 0] }
          ]
        },
        {
          "name": "eyelid_left",
          "parent": "eye_left",
          "pivot": [3.01, 6.25, -12.01],
          "cubes": [
            {
              "origin": [1.91, 4.75, -11.91],
              "size": [2, 3, 1],
              "inflate": 0.01,
              "uv": [0, 36]
            }
          ]
        },
        {
          "name": "eye_right",
          "parent": "head",
          "pivot": [-3.135, 6.25, -11.5125],
          "cubes": [
            {
              "origin": [-4.01, 4.75, -12.01],
              "size": [2, 3, 1],
              "uv": [33, 0]
            },
            {
              "origin": [-3.76, 5.75, -12.015],
              "size": [1, 1, 1],
              "uv": [8, 8]
            }
          ]
        },
        {
          "name": "eyelid_right",
          "parent": "eye_right",
          "pivot": [-2.91, 6.25, -11.41],
          "cubes": [
            {
              "origin": [-3.91, 4.75, -11.91],
              "size": [2, 3, 1],
              "inflate": 0.01,
              "uv": [0, 22]
            }
          ]
        },
        {
          "name": "jaw",
          "parent": "head",
          "pivot": [0, 3.5, -12],
          "cubes": [
            { "origin": [-3, 2.5, -14], "size": [6, 1, 2], "uv": [40, 32] }
          ]
        },
        {
          "name": "leftfrontleg",
          "parent": "body",
          "pivot": [4, 3.5, -3.5],
          "cubes": [
            {
              "origin": [3, 0, -5],
              "size": [3, 5, 3],
              "inflate": 0.001,
              "uv": [32, 41]
            },
            { "origin": [3.5, 0, -5.75], "size": [2, 1, 1], "uv": [33, 11] }
          ]
        },
        {
          "name": "leftbackleg",
          "parent": "body",
          "pivot": [4, 3.5, 4.5],
          "cubes": [
            {
              "origin": [3, 0, 3],
              "size": [3, 5, 3],
              "inflate": 0.001,
              "uv": [20, 41]
            },
            { "origin": [3.5, 0, 2.25], "size": [2, 1, 1], "uv": [33, 4] }
          ]
        },
        {
          "name": "rightfrontleg",
          "parent": "body",
          "pivot": [-4, 3.5, -3.5],
          "cubes": [
            {
              "origin": [-6, 0, -5],
              "size": [3, 5, 3],
              "inflate": 0.001,
              "uv": [40, 24]
            },
            { "origin": [-5.5, 0, -5.75], "size": [2, 1, 1], "uv": [0, 26] }
          ]
        },
        {
          "name": "rightbackleg",
          "parent": "body",
          "pivot": [-4, 3.5, 4.5],
          "cubes": [
            {
              "origin": [-6, 0, 3],
              "size": [3, 5, 3],
              "inflate": 0.001,
              "uv": [0, 0]
            },
            { "origin": [-5.5, 0, 2.25], "size": [2, 1, 1], "uv": [7, 11] }
          ]
        }
      ]
    }
  ]
}
