{
  "format_version": "1.12.0",
  "minecraft:geometry": [
    {
      "description": {
        "identifier": "geometry.skiploom",
        "texture_width": 64,
        "texture_height": 64,
        "visible_bounds_width": 3,
        "visible_bounds_height": 2.5,
        "visible_bounds_offset": [0, 0.75, 0]
      },
      "bones": [
        {
          "name": "skiploom",
          "pivot": [0, 0, 0]
        },
        {
          "name": "body",
          "parent": "skiploom",
          "pivot": [0, 6.67, -0.05]
        },
        {
          "name": "leg_left",
          "parent": "body",
          "pivot": [3.75, 2, 6],
          "cubes": [
            { "origin": [2.25, -1, 5], "size": [3, 4, 2], "uv": [35, 41] }
          ]
        },
        {
          "name": "leg_right",
          "parent": "body",
          "pivot": [-3.75, 2, 6],
          "cubes": [
            { "origin": [-5.25, -1, 5], "size": [3, 4, 2], "uv": [0, 40] }
          ]
        },
        {
          "name": "head",
          "parent": "body",
          "pivot": [0, 2.11772, 6],
          "cubes": [
            { "origin": [-6, 2, -6], "size": [12, 9, 12], "uv": [0, 0] },
            {
              "origin": [0.5, 5.25, -6],
              "size": [3, 1, 0],
              "inflate": 0.006,
              "pivot": [0.25, 5.25, -6],
              "rotation": [0, 0, -7.5],
              "uv": [0, 24]
            },
            {
              "origin": [3.47212, 5.67458, -6],
              "size": [1, 1, 0],
              "inflate": 0.003,
              "pivot": [3.475, 5.675, -6],
              "rotation": [0, 0, -47.5],
              "uv": [0, 9]
            },
            {
              "origin": [-0.5, 5, -6],
              "size": [1, 1, 0],
              "inflate": 0.003,
              "uv": [0, 10]
            },
            {
              "origin": [-3.5, 5.25, -6],
              "size": [3, 1, 0],
              "inflate": 0.006,
              "pivot": [-0.25, 5.25, -6],
              "rotation": [0, 0, 7.5],
              "uv": [24, 21]
            },
            {
              "origin": [-4.47212, 5.67458, -6],
              "size": [1, 1, 0],
              "inflate": 0.003,
              "pivot": [-3.475, 5.675, -6],
              "rotation": [0, 0, 47.5],
              "uv": [2, 9]
            },
            { "origin": [-1.5, 10.75, -1.5], "size": [3, 1, 3], "uv": [37, 37] }
          ]
        },
        {
          "name": "tail",
          "parent": "head",
          "pivot": [0, 3, 6],
          "cubes": [
            { "origin": [-1, 3, 5.75], "size": [2, 1, 2], "uv": [0, 21] }
          ]
        },
        {
          "name": "tail2",
          "parent": "tail",
          "pivot": [0, 3, 7.75],
          "cubes": [
            { "origin": [-1.5, 3, 7.75], "size": [3, 1, 3], "uv": [35, 33] }
          ]
        },
        {
          "name": "arm_right",
          "parent": "head",
          "pivot": [-4.75, 3.25, -6],
          "cubes": [
            { "origin": [-5.75, 2.25, -8.5], "size": [2, 2, 3], "uv": [41, 7] }
          ]
        },
        {
          "name": "arm_left",
          "parent": "head",
          "pivot": [4.75, 3.25, -6],
          "cubes": [
            { "origin": [3.75, 2.25, -8.5], "size": [2, 2, 3], "uv": [10, 42] }
          ]
        },
        {
          "name": "ear_right",
          "parent": "head",
          "pivot": [-6, 10.5, 0],
          "cubes": [
            { "origin": [-9, 8.5, -3.5], "size": [4, 2, 7], "uv": [0, 31] }
          ]
        },
        {
          "name": "ear_right2",
          "parent": "ear_right",
          "pivot": [-9, 8.5, 0],
          "cubes": [
            { "origin": [-14, 8.5, -4], "size": [5, 2, 8], "uv": [0, 21] }
          ]
        },
        {
          "name": "ear_left",
          "parent": "head",
          "pivot": [6, 10.5, 0],
          "cubes": [
            { "origin": [5, 8.5, -3.5], "size": [4, 2, 7], "uv": [15, 33] }
          ]
        },
        {
          "name": "ear_left2",
          "parent": "ear_left",
          "pivot": [9, 8.5, 0],
          "cubes": [
            { "origin": [9, 8.5, -4], "size": [5, 2, 8], "uv": [18, 23] }
          ]
        },
        {
          "name": "eye_left",
          "parent": "head",
          "pivot": [0, 0.75, 0],
          "cubes": [
            {
              "origin": [1.75, 7.45, -6],
              "size": [2, 2, 0],
              "inflate": 0.003,
              "uv": [0, 2]
            }
          ]
        },
        {
          "name": "eyelid_left",
          "parent": "eye_left",
          "pivot": [0, 0.75, -1],
          "cubes": [
            {
              "origin": [1.75, 7.45, -5.9],
              "size": [2, 2, 0],
              "inflate": 0.007,
              "uv": [0, 4]
            }
          ]
        },
        {
          "name": "pupil_left",
          "parent": "eye_left",
          "pivot": [0, 0.75, 0],
          "cubes": [
            {
              "origin": [2, 8.35, -6],
              "size": [1, 1, 0],
              "inflate": 0.006,
              "uv": [0, 8]
            }
          ]
        },
        {
          "name": "eye_right",
          "parent": "head",
          "pivot": [0, 0.75, 0],
          "cubes": [
            {
              "origin": [-3.75, 7.45, -6],
              "size": [2, 2, 0],
              "inflate": 0.003,
              "uv": [0, 6]
            }
          ]
        },
        {
          "name": "bone",
          "parent": "eye_right",
          "pivot": [0, 0.75, 0]
        },
        {
          "name": "eyelid_right",
          "parent": "eye_right",
          "pivot": [0, 0.75, -1],
          "cubes": [
            {
              "origin": [-3.75, 7.45, -5.9],
              "size": [2, 2, 0],
              "inflate": 0.007,
              "uv": [0, 0]
            }
          ]
        },
        {
          "name": "pupil_right",
          "parent": "eye_right",
          "pivot": [0, 0.75, 0],
          "cubes": [
            {
              "origin": [-3, 8.35, -6],
              "size": [1, 1, 0],
              "inflate": 0.006,
              "uv": [2, 8]
            }
          ]
        },
        {
          "name": "propeller",
          "parent": "head",
          "pivot": [0, 11, 0]
        },
        {
          "name": "petal_northeast",
          "parent": "propeller",
          "pivot": [-1.5, 11.2, -1.5],
          "rotation": [0, -45, 0],
          "cubes": [
            { "origin": [-3.87868, 11.2, -3], "size": [4, 0, 3], "uv": [33, 7] }
          ]
        },
        {
          "name": "petal_northeast2",
          "parent": "petal_northeast",
          "pivot": [-3.87868, 11.2, -1.5],
          "cubes": [
            {
              "origin": [-6.87868, 11.2, -3.5],
              "size": [3, 0, 4],
              "uv": [0, 4]
            }
          ]
        },
        {
          "name": "petal_northwest",
          "parent": "propeller",
          "pivot": [1.5, 11.1, -1.5],
          "rotation": [0, 45, 0],
          "cubes": [
            {
              "origin": [-0.12132, 11.1, -3],
              "size": [4, 0, 3],
              "uv": [33, 21]
            }
          ]
        },
        {
          "name": "petal_northwest2",
          "parent": "petal_northwest",
          "pivot": [3.87868, 11.1, -1.5],
          "cubes": [
            { "origin": [3.87868, 11.1, -3.5], "size": [3, 0, 4], "uv": [0, 8] }
          ]
        },
        {
          "name": "petal_southeast",
          "parent": "propeller",
          "pivot": [-1.5, 11.1, 1.5],
          "rotation": [0, 45, 0],
          "cubes": [
            { "origin": [-3.87868, 11.1, 0], "size": [4, 0, 3], "uv": [33, 4] }
          ]
        },
        {
          "name": "petal_southeast2",
          "parent": "petal_southeast",
          "pivot": [-3.87868, 11.1, 1.5],
          "cubes": [
            {
              "origin": [-6.87868, 11.1, -0.5],
              "size": [3, 0, 4],
              "uv": [0, 0]
            }
          ]
        },
        {
          "name": "petal_southwest",
          "parent": "propeller",
          "pivot": [1.5, 11.2, 1.5],
          "rotation": [0, -45, 0],
          "cubes": [
            { "origin": [-0.12132, 11.2, 0], "size": [4, 0, 3], "uv": [33, 24] }
          ]
        },
        {
          "name": "petal_southwest2",
          "parent": "petal_southwest",
          "pivot": [3.87868, 11.2, 1.5],
          "cubes": [
            {
              "origin": [3.87868, 11.2, -0.5],
              "size": [3, 0, 4],
              "uv": [14, 21]
            }
          ]
        },
        {
          "name": "petal_east",
          "parent": "propeller",
          "pivot": [-1.5, 11, 0],
          "cubes": [
            { "origin": [-4.5, 11, -1.5], "size": [3, 0, 3], "uv": [12, 33] }
          ]
        },
        {
          "name": "petal_east2",
          "parent": "petal_east",
          "pivot": [-4.5, 11, 0],
          "cubes": [
            { "origin": [-7.5, 11, -2], "size": [3, 0, 4], "uv": [14, 25] }
          ]
        },
        {
          "name": "petal_west",
          "parent": "propeller",
          "pivot": [1.5, 11, 0],
          "cubes": [
            { "origin": [1.5, 11, -1.5], "size": [3, 0, 3], "uv": [27, 37] }
          ]
        },
        {
          "name": "petal_west2",
          "parent": "petal_west",
          "pivot": [4.5, 11, 0],
          "cubes": [
            { "origin": [4.5, 11, -2], "size": [3, 0, 4], "uv": [32, 0] }
          ]
        },
        {
          "name": "petal_south",
          "parent": "propeller",
          "pivot": [0, 11, 1.5],
          "cubes": [
            { "origin": [-1.5, 11, 1.5], "size": [3, 0, 3], "uv": [39, 0] }
          ]
        },
        {
          "name": "petal_south2",
          "parent": "petal_south",
          "pivot": [0, 11, 4.5],
          "cubes": [
            { "origin": [-2, 11, 4.5], "size": [4, 0, 3], "uv": [27, 33] }
          ]
        },
        {
          "name": "petal_north",
          "parent": "propeller",
          "pivot": [0, 11, -1.5],
          "cubes": [
            { "origin": [-1.5, 11, -4.5], "size": [3, 0, 3], "uv": [41, 3] }
          ]
        },
        {
          "name": "petal_north2",
          "parent": "petal_north",
          "pivot": [0, 11, -4.5],
          "cubes": [
            { "origin": [-2, 11, -7.5], "size": [4, 0, 3], "uv": [33, 27] }
          ]
        }
      ]
    }
  ]
}
