{
  "format_version": "1.12.0",
  "minecraft:geometry": [
    {
      "description": {
        "identifier": "geometry.swanna",
        "texture_width": 128,
        "texture_height": 128,
        "visible_bounds_width": 6,
        "visible_bounds_height": 3.5,
        "visible_bounds_offset": [0, 1.25, 0]
      },
      "bones": [
        {
          "name": "swanna",
          "pivot": [0, 0, 0]
        },
        {
          "name": "body",
          "parent": "swanna",
          "pivot": [0, 0, 0]
        },
        {
          "name": "leftleg",
          "parent": "body",
          "pivot": [2.3, 5.84556, 2.12159],
          "cubes": [
            {
              "origin": [1.3, 0.5, 1.4],
              "size": [2, 3, 2],
              "pivot": [0, 2.5, -6],
              "rotation": [15, 0, 0],
              "uv": [0, 38]
            },
            { "origin": [0.3, 4.5, 0], "size": [4, 2, 4], "uv": [0, 75] }
          ]
        },
        {
          "name": "leftknee",
          "parent": "leftleg",
          "pivot": [0, 0.0692, -5.28502],
          "cubes": [
            {
              "origin": [1.3, 0.0692, 1.71498],
              "size": [2, 3, 2],
              "uv": [33, 0]
            }
          ]
        },
        {
          "name": "leftfoot",
          "parent": "leftknee",
          "pivot": [2.3, 0.5692, 2.96498],
          "cubes": [
            {
              "origin": [-0.7, 0.0692, -3.28502],
              "size": [6, 1, 3],
              "uv": [66, 58]
            },
            {
              "origin": [0.3, 0.0692, -0.28502],
              "size": [4, 1, 4],
              "uv": [75, 0]
            }
          ]
        },
        {
          "name": "rightleg",
          "parent": "body",
          "pivot": [-2.3, 5.84556, 2.12159],
          "cubes": [
            {
              "origin": [-3.3, 0.5, 1.4],
              "size": [2, 3, 2],
              "pivot": [0, 2.5, -6],
              "rotation": [15, 0, 0],
              "uv": [0, 28]
            },
            { "origin": [-4.3, 4.5, 0], "size": [4, 2, 4], "uv": [74, 40] }
          ]
        },
        {
          "name": "rightknee",
          "parent": "rightleg",
          "pivot": [0, 0.0692, -5.28502],
          "cubes": [
            {
              "origin": [-3.3, 0.0692, 1.71498],
              "size": [2, 3, 2],
              "uv": [0, 23]
            }
          ]
        },
        {
          "name": "rightfoot",
          "parent": "rightknee",
          "pivot": [-2.3, 0.5692, 2.96498],
          "cubes": [
            {
              "origin": [-4.3, 0.0692, -0.28502],
              "size": [4, 1, 4],
              "uv": [56, 47]
            },
            {
              "origin": [-5.3, 0.0692, -3.28502],
              "size": [6, 1, 3],
              "uv": [74, 46]
            }
          ]
        },
        {
          "name": "torso",
          "parent": "body",
          "pivot": [0.28641, 8.49508, 2.30518],
          "cubes": [
            {
              "origin": [-5, 6.5, -9],
              "size": [10, 10, 13],
              "pivot": [2, 2.5, -6],
              "rotation": [-10, 0, 0],
              "uv": [0, 0]
            }
          ]
        },
        {
          "name": "tail",
          "parent": "torso",
          "pivot": [0, 12.05879, 5.36953],
          "cubes": [
            {
              "origin": [-3, 10.24151, 4.81465],
              "size": [6, 5, 5],
              "pivot": [0, 11.74151, 7.81465],
              "rotation": [12.5, 0, 0],
              "uv": [15, 23]
            },
            {
              "origin": [0, 10.24151, 3.81465],
              "size": [0, 6, 8],
              "pivot": [0, 11.74151, 7.81465],
              "rotation": [12.5, 0, 0],
              "uv": [13, 44]
            },
            {
              "origin": [0, 6.24151, 6.81465],
              "size": [0, 9, 4],
              "pivot": [0, 11.74151, 7.81465],
              "rotation": [-57.5, 0, 0],
              "uv": [0, 0]
            }
          ]
        },
        {
          "name": "neck",
          "parent": "torso",
          "pivot": [0, 13.57333, -6.63736],
          "cubes": [
            {
              "origin": [-2, 19.52357, -22.65986],
              "size": [4, 3, 6],
              "pivot": [0, 7.52357, -18.65986],
              "rotation": [-62.5, 0, 0],
              "uv": [66, 31]
            }
          ]
        },
        {
          "name": "neck2",
          "parent": "neck",
          "pivot": [0, 16.87425, -8.19412],
          "cubes": [
            {
              "origin": [-2, 25.67369, -30.16568],
              "size": [4, 3, 4],
              "pivot": [0, 13.67369, -22.16568],
              "rotation": [-95, 0, 0],
              "uv": [74, 22]
            }
          ]
        },
        {
          "name": "neck3",
          "parent": "neck2",
          "pivot": [0, 20.52531, -7.91678],
          "cubes": [
            {
              "origin": [-2, 27.38428, -34.96117],
              "size": [4, 3, 4],
              "pivot": [0, 15.38428, -22.96117],
              "rotation": [-102.5, 0, 0],
              "uv": [46, 0]
            }
          ]
        },
        {
          "name": "neck4",
          "parent": "neck3",
          "pivot": [0, 23.98117, -7.61678],
          "cubes": [
            {
              "origin": [-2, 23.81998, -31.41594],
              "size": [4, 3, 4],
              "pivot": [0, 11.81998, -18.41594],
              "rotation": [-77.5, 0, 0],
              "uv": [73, 71]
            }
          ]
        },
        {
          "name": "neck5",
          "parent": "neck4",
          "pivot": [0, 27.93711, -7.78991],
          "cubes": [
            {
              "origin": [-2, 21.63715, -31.68579],
              "size": [4, 3, 4],
              "pivot": [0, 9.63715, -14.68579],
              "rotation": [-65, 0, 0],
              "uv": [72, 62]
            }
          ]
        },
        {
          "name": "head",
          "parent": "neck5",
          "pivot": [0, 28.78031, -8.89217],
          "cubes": [
            {
              "origin": [-2.5, 27.72873, -15.67523],
              "size": [5, 4, 6],
              "pivot": [-0.5, 9.72873, -15.67523],
              "rotation": [-2.5, 0, 0],
              "uv": [15, 38]
            },
            {
              "origin": [-1, 26.55727, -13.12699],
              "size": [2, 1, 6],
              "pivot": [1, 11.55727, -16.32699],
              "rotation": [22.5, 0, 0],
              "uv": [32, 71]
            },
            {
              "origin": [-0.7, 30.61675, -12.71751],
              "size": [1, 3, 0],
              "pivot": [-1, 31.61865, -12.63027],
              "rotation": [-2.41492, -0.64686, -14.98637],
              "uv": [6, 0]
            },
            {
              "origin": [0.60131, 32.81301, -12.62162],
              "size": [1, 1, 0],
              "pivot": [1.90131, 33.81492, -12.53438],
              "rotation": [-1.91561, 1.60667, 39.97314],
              "uv": [2, 0]
            },
            {
              "origin": [-1.60131, 32.81301, -12.62162],
              "size": [1, 1, 0],
              "pivot": [-1.90131, 33.81492, -12.53438],
              "rotation": [-1.91561, -1.60667, -39.97314],
              "uv": [0, 0]
            },
            {
              "origin": [-0.3, 30.61675, -12.71751],
              "size": [1, 3, 0],
              "pivot": [1, 31.61865, -12.63027],
              "rotation": [-2.41492, 0.64686, 14.98637],
              "uv": [4, 0]
            },
            {
              "origin": [3.5, 30.07884, -14.8057],
              "size": [0, 3, 1],
              "pivot": [3.5, 29.57884, -11.8057],
              "rotation": [-50, 0, 0],
              "uv": [2, 0]
            },
            {
              "origin": [-4.5, 29.57884, -13.8057],
              "size": [2, 4, 5],
              "pivot": [-3.5, 29.57884, -11.8057],
              "rotation": [-50, 0, 0],
              "uv": [63, 66]
            },
            {
              "origin": [-3.5, 30.07884, -14.8057],
              "size": [0, 3, 1],
              "pivot": [-3.5, 29.57884, -11.8057],
              "rotation": [-50, 0, 0],
              "uv": [0, 0]
            },
            {
              "origin": [2.5, 29.57884, -13.8057],
              "size": [2, 4, 5],
              "pivot": [3.5, 29.57884, -11.8057],
              "rotation": [-50, 0, 0],
              "uv": [46, 55]
            },
            {
              "origin": [-2.5, 28.42873, -11.27523],
              "size": [1, 1, 2],
              "inflate": 0.01,
              "pivot": [0.5, 9.72873, -15.67523],
              "rotation": [10, 0, 0],
              "uv": [112, 0],
              "mirror": true
            },
            {
              "origin": [1.5, 28.42873, -11.27523],
              "size": [1, 1, 2],
              "inflate": 0.01,
              "pivot": [-0.5, 9.72873, -15.67523],
              "rotation": [10, 0, 0],
              "uv": [112, 0]
            }
          ]
        },
        {
          "name": "beak",
          "parent": "head",
          "pivot": [0, 28.32616, -14.14785],
          "cubes": [
            {
              "origin": [-1, 25.55727, -13.12699],
              "size": [2, 1, 6],
              "pivot": [1, 11.55727, -16.32699],
              "rotation": [22.5, 0, 0],
              "uv": [11, 64]
            }
          ]
        },
        {
          "name": "eyes",
          "parent": "head",
          "pivot": [0, 29.18082, -13.62186],
          "cubes": [
            {
              "origin": [1.5, 28.02873, -11.27523],
              "size": [1, 1, 2],
              "inflate": 0.02,
              "pivot": [-0.5, 9.72873, -15.67523],
              "rotation": [10, 0, 0],
              "uv": [122, 0]
            },
            {
              "origin": [-2.5, 28.02873, -11.27523],
              "size": [1, 1, 2],
              "inflate": 0.02,
              "pivot": [0.5, 9.72873, -15.67523],
              "rotation": [10, 0, 0],
              "uv": [122, 0],
              "mirror": true
            }
          ]
        },
        {
          "name": "wingclosed",
          "parent": "torso",
          "pivot": [-4.11681, 15.68689, -3.41135],
          "cubes": [
            {
              "origin": [2.28469, 14.91291, -6.57454],
              "size": [4, 6, 8],
              "pivot": [1.28469, 3.91291, -5.57454],
              "rotation": [-7.96341, -6.06809, -37.07723],
              "uv": [92, 2],
              "mirror": true
            },
            {
              "origin": [15.11382, 37.14991, -3.71152],
              "size": [2, 4, 8],
              "pivot": [12.51382, 20.14991, -2.71152],
              "rotation": [2.61298, -9.65594, -105.22074],
              "uv": [92, 2],
              "mirror": true
            },
            {
              "origin": [25.58813, 33.85958, -3.76271],
              "size": [2, 4, 9],
              "pivot": [11.98813, 19.85958, -2.76271],
              "rotation": [7.69263, -6.40865, -140.43131],
              "uv": [91, 1],
              "mirror": true
            },
            {
              "origin": [12.73576, 47.92434, -1.28271],
              "size": [2, 4, 9],
              "pivot": [-0.86424, 33.92434, -0.28271],
              "rotation": [9.54589, 2.99318, 162.74998],
              "uv": [91, 1],
              "mirror": true
            },
            {
              "origin": [5.72488, 53.73109, -0.96414],
              "size": [2, 4, 8],
              "pivot": [-7.87512, 35.73109, 0.03586],
              "rotation": [8.21888, 5.71617, 145.41103],
              "uv": [92, 2],
              "mirror": true
            },
            {
              "origin": [-6.66953, 59.89219, -1.11206],
              "size": [2, 4, 7],
              "pivot": [-9.26953, 34.89219, -0.11206],
              "rotation": [9.76758, 2.15393, 167.68406],
              "uv": [93, 3],
              "mirror": true
            },
            {
              "origin": [18.48546, 44.41198, -3.84163],
              "size": [2, 4, 6],
              "pivot": [15.88546, 19.41198, -2.84163],
              "rotation": [6.12673, -7.9185, -127.92445],
              "uv": [94, 4],
              "mirror": true
            },
            {
              "origin": [22.98671, 34.24665, -6.33937],
              "size": [2, 4, 5],
              "pivot": [20.38671, 5.24665, -5.33937],
              "rotation": [1.31845, -9.91358, -97.61435],
              "uv": [95, 5],
              "mirror": true
            }
          ]
        },
        {
          "name": "closedwing",
          "parent": "torso",
          "pivot": [4.11681, 15.68689, -3.41135],
          "cubes": [
            {
              "origin": [-24.98671, 34.24665, -6.33937],
              "size": [2, 4, 5],
              "pivot": [-20.38671, 5.24665, -5.33937],
              "rotation": [1.31845, 9.91358, 97.61435],
              "uv": [95, 5]
            },
            {
              "origin": [-20.48546, 44.41198, -3.84163],
              "size": [2, 4, 6],
              "pivot": [-15.88546, 19.41198, -2.84163],
              "rotation": [6.12673, 7.9185, 127.92445],
              "uv": [94, 4]
            },
            {
              "origin": [4.66953, 59.89219, -1.11206],
              "size": [2, 4, 7],
              "pivot": [9.26953, 34.89219, -0.11206],
              "rotation": [9.76758, -2.15393, -167.68406],
              "uv": [93, 3]
            },
            {
              "origin": [-7.72488, 53.73109, -0.96414],
              "size": [2, 4, 8],
              "pivot": [7.87512, 35.73109, 0.03586],
              "rotation": [8.21888, -5.71617, -145.41103],
              "uv": [92, 2]
            },
            {
              "origin": [-14.73576, 47.92434, -1.28271],
              "size": [2, 4, 9],
              "pivot": [0.86424, 33.92434, -0.28271],
              "rotation": [9.54589, -2.99318, -162.74998],
              "uv": [91, 1]
            },
            {
              "origin": [-27.58813, 33.85958, -3.76271],
              "size": [2, 4, 9],
              "pivot": [-11.98813, 19.85958, -2.76271],
              "rotation": [7.69263, 6.40865, 140.43131],
              "uv": [91, 1]
            },
            {
              "origin": [-6.28469, 14.91291, -6.57454],
              "size": [4, 6, 8],
              "pivot": [-1.28469, 3.91291, -5.57454],
              "rotation": [-7.96341, 6.06809, 37.07723],
              "uv": [92, 2]
            },
            {
              "origin": [-17.11382, 37.14991, -3.71152],
              "size": [2, 4, 8],
              "pivot": [-12.51382, 20.14991, -2.71152],
              "rotation": [2.61298, 9.65594, 105.22074],
              "uv": [92, 2]
            }
          ]
        },
        {
          "name": "leftwing",
          "parent": "torso",
          "pivot": [5, 15.7949, -3.65575],
          "cubes": [
            {
              "origin": [5, 14.5, -9],
              "size": [4, 2, 6],
              "pivot": [2, 2.5, -6],
              "rotation": [-10, 0, 0],
              "uv": [108, 120]
            }
          ]
        },
        {
          "name": "leftwing2",
          "parent": "leftwing",
          "pivot": [9, 15.62126, -3.67094],
          "cubes": [
            {
              "origin": [9, 14.5, -9],
              "size": [4, 2, 8],
              "pivot": [2, 2.5, -6],
              "rotation": [-10, 0, 0],
              "uv": [94, 118]
            }
          ]
        },
        {
          "name": "leftwing3",
          "parent": "leftwing2",
          "pivot": [13, 15.53443, -3.17854],
          "cubes": [
            {
              "origin": [13, 14.5, -9],
              "size": [4, 2, 9],
              "pivot": [-3, 2.5, -6],
              "rotation": [-10, 0, 0],
              "uv": [92, 118]
            }
          ]
        },
        {
          "name": "leftwing4",
          "parent": "leftwing3",
          "pivot": [17, 15.53443, -2.17854]
        },
        {
          "name": "leftwing5",
          "parent": "leftwing4",
          "pivot": [17, 15.53443, -2.17854],
          "cubes": [
            {
              "origin": [17, 14.5, -9],
              "size": [5, 2, 9],
              "pivot": [-8, 2.5, -6],
              "rotation": [-10, 0, 0],
              "uv": [100, 117]
            }
          ]
        },
        {
          "name": "lefwing",
          "parent": "leftwing5",
          "pivot": [22, 15.53443, -2.17854]
        },
        {
          "name": "leftwing6",
          "parent": "lefwing",
          "pivot": [22, 15.53443, -2.17854],
          "cubes": [
            {
              "origin": [22, 14.5, -9],
              "size": [3, 2, 9],
              "pivot": [-13, 2.5, -6],
              "rotation": [-10, 0, 0],
              "uv": [100, 118]
            }
          ]
        },
        {
          "name": "leftwing7",
          "parent": "leftwing6",
          "pivot": [25, 15.53443, -2.17854],
          "cubes": [
            {
              "origin": [25, 14.5, -9],
              "size": [3, 2, 9],
              "pivot": [-13, 2.5, -6],
              "rotation": [-10, 0, 0],
              "uv": [101, 117]
            }
          ]
        },
        {
          "name": "leftwing8",
          "parent": "leftwing7",
          "pivot": [28, 15.53443, -2.17854],
          "cubes": [
            {
              "origin": [28, 14.5, -9],
              "size": [2, 2, 9],
              "pivot": [-13, 2.5, -6],
              "rotation": [-10, 0, 0],
              "uv": [100, 117]
            }
          ]
        },
        {
          "name": "leftwing9",
          "parent": "leftwing8",
          "pivot": [30, 15.53443, -2.17854],
          "cubes": [
            {
              "origin": [30, 14.5, -9],
              "size": [2, 2, 9],
              "pivot": [-13, 2.5, -6],
              "rotation": [-10, 0, 0],
              "uv": [99, 117]
            }
          ]
        },
        {
          "name": "leftwing10",
          "parent": "leftwing9",
          "pivot": [32, 15.70808, -3.16335],
          "cubes": [
            {
              "origin": [32, 14.5, -9],
              "size": [4, 2, 7],
              "pivot": [-17, 2.5, -6],
              "rotation": [-10, 0, 0],
              "uv": [101, 119]
            }
          ]
        },
        {
          "name": "leftwing11",
          "parent": "leftwing10",
          "pivot": [36, 15.7949, -3.65575],
          "cubes": [
            {
              "origin": [36, 14.5, -9],
              "size": [2, 2, 6],
              "pivot": [-17, 2.5, -6],
              "rotation": [-10, 0, 0],
              "uv": [103, 120]
            }
          ]
        },
        {
          "name": "rightwing",
          "parent": "torso",
          "pivot": [-4.21359, 15.49508, -5.69482]
        },
        {
          "name": "leftwing12",
          "parent": "torso",
          "pivot": [-5, 15.3025, -3.74257],
          "rotation": [25, 0, 180],
          "cubes": [
            {
              "origin": [-5, 14.5, -9],
              "size": [4, 2, 6],
              "pivot": [-8, 2.5, -6],
              "rotation": [-10, 0, 0],
              "uv": [108, 120]
            }
          ]
        },
        {
          "name": "leftwing13",
          "parent": "leftwing12",
          "pivot": [-1, 15.62126, -3.67094],
          "cubes": [
            {
              "origin": [-1, 14.5, -9],
              "size": [4, 2, 8],
              "pivot": [-8, 2.5, -6],
              "rotation": [-10, 0, 0],
              "uv": [94, 118]
            }
          ]
        },
        {
          "name": "leftwing14",
          "parent": "leftwing13",
          "pivot": [3, 15.53443, -3.17854],
          "cubes": [
            {
              "origin": [3, 14.5, -9],
              "size": [4, 2, 9],
              "pivot": [-13, 2.5, -6],
              "rotation": [-10, 0, 0],
              "uv": [92, 118]
            }
          ]
        },
        {
          "name": "leftwing15",
          "parent": "leftwing14",
          "pivot": [7, 15.53443, -2.17854]
        },
        {
          "name": "leftwing16",
          "parent": "leftwing15",
          "pivot": [7, 15.53443, -2.17854],
          "cubes": [
            {
              "origin": [7, 14.5, -9],
              "size": [5, 2, 9],
              "pivot": [-18, 2.5, -6],
              "rotation": [-10, 0, 0],
              "uv": [100, 117]
            }
          ]
        },
        {
          "name": "lefwing2",
          "parent": "leftwing16",
          "pivot": [12, 15.53443, -2.17854]
        },
        {
          "name": "leftwing17",
          "parent": "lefwing2",
          "pivot": [12, 15.53443, -2.17854],
          "cubes": [
            {
              "origin": [12, 14.5, -9],
              "size": [3, 2, 9],
              "pivot": [-23, 2.5, -6],
              "rotation": [-10, 0, 0],
              "uv": [100, 118]
            }
          ]
        },
        {
          "name": "leftwing18",
          "parent": "leftwing17",
          "pivot": [15, 15.53443, -2.17854],
          "cubes": [
            {
              "origin": [15, 14.5, -9],
              "size": [3, 2, 9],
              "pivot": [-23, 2.5, -6],
              "rotation": [-10, 0, 0],
              "uv": [101, 117]
            }
          ]
        },
        {
          "name": "leftwing19",
          "parent": "leftwing18",
          "pivot": [18, 15.53443, -2.17854],
          "cubes": [
            {
              "origin": [18, 14.5, -9],
              "size": [2, 2, 9],
              "pivot": [-23, 2.5, -6],
              "rotation": [-10, 0, 0],
              "uv": [100, 117]
            }
          ]
        },
        {
          "name": "leftwing20",
          "parent": "leftwing19",
          "pivot": [20, 15.53443, -2.17854],
          "cubes": [
            {
              "origin": [20, 14.5, -9],
              "size": [2, 2, 9],
              "pivot": [-23, 2.5, -6],
              "rotation": [-10, 0, 0],
              "uv": [99, 117]
            }
          ]
        },
        {
          "name": "leftwing21",
          "parent": "leftwing20",
          "pivot": [22, 15.70808, -3.16335],
          "cubes": [
            {
              "origin": [22, 14.5, -9],
              "size": [4, 2, 7],
              "pivot": [-27, 2.5, -6],
              "rotation": [-10, 0, 0],
              "uv": [101, 119]
            }
          ]
        },
        {
          "name": "leftwing22",
          "parent": "leftwing21",
          "pivot": [26, 15.7949, -3.65575],
          "cubes": [
            {
              "origin": [26, 14.5, -9],
              "size": [2, 2, 6],
              "pivot": [-27, 2.5, -6],
              "rotation": [-10, 0, 0],
              "uv": [103, 120]
            }
          ]
        }
      ]
    }
  ]
}
