{
  "format_version": "1.12.0",
  "minecraft:geometry": [
    {
      "description": {
        "identifier": "geometry.dottler",
        "texture_width": 128,
        "texture_height": 128,
        "visible_bounds_width": 3,
        "visible_bounds_height": 2.5,
        "visible_bounds_offset": [0, 0.75, 0]
      },
      "bones": [
        {
          "name": "dottler",
          "pivot": [0, 0, -3]
        },
        {
          "name": "body",
          "parent": "dottler",
          "pivot": [0, 6.83333, -6],
          "cubes": [
            { "origin": [-7.5, 2, -8], "size": [15, 9, 13], "uv": [2, 2] },
            { "origin": [-4.5, 4, -8.25], "size": [4, 6, 0], "uv": [0, 6] },
            { "origin": [0.5, 4, -8.25], "size": [4, 6, 0], "uv": [0, 0] }
          ]
        },
        {
          "name": "whiskerr",
          "parent": "body",
          "pivot": [-7.5, 3.5, -8.25],
          "cubes": [
            {
              "origin": [-13.5, 1, -8.25],
              "size": [6, 6, 0],
              "pivot": [-11, 4, -8.25],
              "rotation": [15, 0, 0],
              "uv": [45, 0]
            }
          ]
        },
        {
          "name": "whiskerl",
          "parent": "body",
          "pivot": [7.5, 3.5, -8.25],
          "cubes": [
            {
              "origin": [7.5, 1, -8.25],
              "size": [6, 6, 0],
              "pivot": [-11, 4, -8.25],
              "rotation": [15, 0, 0],
              "uv": [45, 7]
            }
          ]
        },
        {
          "name": "shell",
          "parent": "body",
          "pivot": [0, 7.5, -0.5],
          "cubes": [
            {
              "origin": [-8.5, 2, -9],
              "size": [17, 11, 17],
              "inflate": 0.01,
              "uv": [1, 36]
            }
          ]
        },
        {
          "name": "foot_fr",
          "parent": "body",
          "pivot": [-5, 2, -6.5],
          "cubes": [
            { "origin": [-6.5, 0, -10], "size": [3, 2, 5], "uv": [0, 31] }
          ]
        },
        {
          "name": "foot_fl",
          "parent": "body",
          "pivot": [5, 2, -6.5],
          "cubes": [
            { "origin": [3.5, 0, -10], "size": [3, 2, 5], "uv": [0, 24] }
          ]
        },
        {
          "name": "foot_br",
          "parent": "body",
          "pivot": [-5, 2, 3.5],
          "cubes": [
            { "origin": [-6.5, 0, 0], "size": [3, 2, 5], "uv": [27, 26] }
          ]
        },
        {
          "name": "foot_bl",
          "parent": "body",
          "pivot": [5, 2, 3.5],
          "cubes": [
            { "origin": [3.5, 0, 0], "size": [3, 2, 5], "uv": [16, 24] }
          ]
        }
      ]
    }
  ]
}
