{
  "format_version": "1.12.0",
  "minecraft:geometry": [
    {
      "description": {
        "identifier": "geometry.unknown",
        "texture_width": 256,
        "texture_height": 256,
        "visible_bounds_width": 6,
        "visible_bounds_height": 4.5,
        "visible_bounds_offset": [0, 1.75, 0]
      },
      "bones": [
        {
          "name": "solgaleo",
          "pivot": [0, 0, 0]
        },
        {
          "name": "full_body",
          "parent": "solgaleo",
          "pivot": [0, 4, -16]
        },
        {
          "name": "body",
          "parent": "full_body",
          "pivot": [0, 32, -19.5],
          "rotation": [-15, 0, 0],
          "cubes": [
            { "origin": [-7, 22, -19], "size": [14, 14, 17], "uv": [0, 0] }
          ]
        },
        {
          "name": "body2",
          "parent": "body",
          "pivot": [0, 29, -1.25],
          "rotation": [15, 0, 0],
          "cubes": [
            {
              "origin": [-5, 24, -2],
              "size": [10, 10, 12],
              "pivot": [0, 29, 4.5],
              "rotation": [-10, 0, 0],
              "uv": [40, 43]
            },
            {
              "origin": [-7, 23, 8],
              "size": [14, 12, 12],
              "pivot": [0, 29, 8],
              "rotation": [12.5, 0, 0],
              "uv": [0, 31]
            }
          ]
        },
        {
          "name": "tail",
          "parent": "body2",
          "pivot": [0, 35, 18.5],
          "cubes": [
            { "origin": [-2, 33, 18], "size": [4, 4, 17], "uv": [25, 65] }
          ]
        },
        {
          "name": "tail2",
          "parent": "tail",
          "pivot": [0, 35, 35.5],
          "cubes": [
            { "origin": [-2, 33, 35], "size": [4, 4, 17], "uv": [0, 55] }
          ]
        },
        {
          "name": "tail3",
          "parent": "tail2",
          "pivot": [0, 34.07061, 52.68404],
          "cubes": [
            { "origin": [-2, 33, 52], "size": [4, 4, 17], "uv": [45, 14] },
            {
              "origin": [-3, 27.9, 67],
              "size": [6, 10, 5],
              "pivot": [0, 36.9, 69.5],
              "rotation": [20, 0, 0],
              "uv": [108, 77]
            }
          ]
        },
        {
          "name": "head",
          "parent": "full_body",
          "pivot": [0, 34, -25],
          "cubes": [
            { "origin": [-4, 30, -29], "size": [8, 7, 8], "uv": [84, 49] },
            { "origin": [-4, 28, -21], "size": [8, 7, 4], "uv": [45, 0] },
            {
              "origin": [-5, 36, -27],
              "size": [10, 3, 2],
              "pivot": [0, 37.5, -26],
              "rotation": [-20, 0, 0],
              "uv": [125, 0]
            },
            {
              "origin": [-5, 36, -27],
              "size": [2, 13, 2],
              "pivot": [-4, 37, -26],
              "rotation": [-35, 0, -12.5],
              "uv": [106, 130]
            },
            {
              "origin": [3, 36, -27],
              "size": [2, 13, 2],
              "pivot": [4, 37, -26],
              "rotation": [-35, 0, 12.5],
              "uv": [98, 127]
            },
            {
              "origin": [3, 34, -28],
              "size": [2, 13, 2],
              "pivot": [4, 35.5, -26],
              "rotation": [-12.5, 0, 77.5],
              "uv": [90, 127]
            },
            {
              "origin": [4, 29, -28],
              "size": [2, 13, 2],
              "pivot": [4, 30.5, -26],
              "rotation": [-32.5, 0, 102.5],
              "uv": [74, 127]
            },
            {
              "origin": [3, 24, -28],
              "size": [2, 13, 2],
              "pivot": [4, 26.5, -26],
              "rotation": [-47.5, 0, 157.5],
              "uv": [0, 55]
            },
            {
              "origin": [-4, 34, -28],
              "size": [2, 13, 2],
              "pivot": [-4, 34.5, -26],
              "rotation": [-12.5, 0, -77.5],
              "uv": [82, 127]
            },
            {
              "origin": [-5, 29, -28],
              "size": [2, 13, 2],
              "pivot": [-4, 29.5, -26],
              "rotation": [-32.5, 0, -102.5],
              "uv": [25, 55]
            },
            {
              "origin": [-5, 24, -28],
              "size": [2, 13, 2],
              "pivot": [-4, 26.5, -26],
              "rotation": [-47.5, 0, -152.5],
              "uv": [8, 55]
            },
            {
              "origin": [-2.5, 34, -32],
              "size": [5, 2, 3],
              "pivot": [0, 36, -29],
              "rotation": [30, 0, 0],
              "uv": [45, 11]
            },
            {
              "origin": [-2.5, 36.1, -32],
              "size": [5, 0, 3],
              "pivot": [0, 36, -29],
              "rotation": [30, 0, 0],
              "uv": [0, 14]
            },
            {
              "origin": [-2.5, 36.2, -32.6],
              "size": [2, 0, 2],
              "pivot": [0, 36, -29],
              "rotation": [30, 0, 0],
              "uv": [166, 42]
            },
            {
              "origin": [0.5, 34.87321, -32.35167],
              "size": [2, 0, 2],
              "pivot": [1.5, 34.87321, -31.35167],
              "rotation": [30, 0, 0],
              "uv": [167, 42]
            },
            { "origin": [-4, 28.5, -32], "size": [8, 2, 0], "uv": [152, 93] },
            { "origin": [-4, 30.5, -32], "size": [8, 4, 3], "uv": [126, 95] }
          ]
        },
        {
          "name": "jaw2",
          "parent": "head",
          "pivot": [0, 31, -27],
          "rotation": [10, 0, 0],
          "cubes": [
            {
              "origin": [-2.5, 30.5, -31.5],
              "size": [5, 2, 6],
              "uv": [50, 65]
            },
            { "origin": [-4, 29.5, -32], "size": [8, 2, 4], "uv": [123, 64] }
          ]
        },
        {
          "name": "bone",
          "parent": "head",
          "pivot": [0, 34, -25]
        },
        {
          "name": "mane",
          "parent": "head",
          "pivot": [0, 35, -25],
          "rotation": [-25, 0, 0]
        },
        {
          "name": "hair1",
          "parent": "mane",
          "pivot": [0, 36, -27],
          "rotation": [-20, 0, 0],
          "cubes": [
            { "origin": [-4, 36, -27], "size": [8, 7, 6], "uv": [28, 102] },
            { "origin": [-3, 43, -26], "size": [6, 6, 4], "uv": [126, 26] },
            { "origin": [0, 47, -27], "size": [0, 5, 6], "uv": [0, 30] }
          ]
        },
        {
          "name": "hair2",
          "parent": "mane",
          "pivot": [-6, 36, -23.1],
          "rotation": [-27.5, 0, -35],
          "cubes": [
            {
              "origin": [-8.19685, 33.06207, -26.1],
              "size": [8, 7, 6],
              "uv": [101, 64]
            },
            {
              "origin": [-7.19685, 40.06207, -25.1],
              "size": [6, 6, 4],
              "uv": [0, 123]
            },
            {
              "origin": [-4.19685, 44.06207, -26.1],
              "size": [0, 5, 6],
              "uv": [0, 25]
            }
          ]
        },
        {
          "name": "hair3",
          "parent": "mane",
          "pivot": [5, 36, -23.9],
          "rotation": [-27.5, 0, 35],
          "cubes": [
            {
              "origin": [0.016, 33.63564, -26.9],
              "size": [8, 7, 6],
              "uv": [0, 100]
            },
            {
              "origin": [1.016, 40.63564, -25.9],
              "size": [6, 6, 4],
              "uv": [121, 114]
            },
            {
              "origin": [4.016, 44.63564, -26.9],
              "size": [0, 5, 6],
              "uv": [0, 3]
            }
          ]
        },
        {
          "name": "mane2",
          "parent": "head",
          "pivot": [0, 51, -23],
          "rotation": [0, 0, -180]
        },
        {
          "name": "hair4",
          "parent": "mane2",
          "pivot": [0, 72, -26.5],
          "rotation": [-20, 0, 0],
          "cubes": [
            { "origin": [-4, 72, -29], "size": [8, 7, 5], "uv": [104, 0] },
            { "origin": [-3, 79, -28], "size": [6, 6, 3], "uv": [56, 127] },
            { "origin": [0, 83, -29], "size": [0, 9, 5], "uv": [0, 135] }
          ]
        },
        {
          "name": "hair5",
          "parent": "mane2",
          "pivot": [-6, 70, -24.6],
          "rotation": [-35, 0, -35],
          "cubes": [
            {
              "origin": [-7.62327, 67.88122, -27.1],
              "size": [8, 7, 5],
              "uv": [82, 103]
            },
            {
              "origin": [-6.62327, 74.88122, -26.1],
              "size": [6, 6, 3],
              "uv": [38, 127]
            },
            {
              "origin": [-3.62327, 78.88122, -27.1],
              "size": [0, 5, 5],
              "uv": [50, 69]
            }
          ]
        },
        {
          "name": "hair8",
          "parent": "mane2",
          "pivot": [2.75, 70, -28.4],
          "rotation": [-145, 0, -90],
          "cubes": [
            {
              "origin": [-0.25, 70.25, -30.9],
              "size": [6, 7, 5],
              "uv": [24, 115]
            },
            {
              "origin": [0.75, 77.25, -29.9],
              "size": [4, 6, 3],
              "uv": [70, 22]
            }
          ]
        },
        {
          "name": "hair7",
          "parent": "mane2",
          "pivot": [-2.25, 70, -28.4],
          "rotation": [-145, 0, 90],
          "cubes": [
            {
              "origin": [-5.25, 70.25, -30.9],
              "size": [6, 7, 5],
              "uv": [108, 44]
            },
            { "origin": [-4.25, 77.25, -29.9], "size": [4, 6, 3], "uv": [0, 0] }
          ]
        },
        {
          "name": "hair6",
          "parent": "mane2",
          "pivot": [5, 70, -25.4],
          "rotation": [-35, 0, 35],
          "cubes": [
            {
              "origin": [-0.55758, 68.45479, -27.9],
              "size": [8, 7, 5],
              "uv": [56, 103]
            },
            {
              "origin": [0.44242, 75.45479, -26.9],
              "size": [6, 6, 3],
              "uv": [20, 127]
            },
            {
              "origin": [3.44242, 79.45479, -27.9],
              "size": [0, 5, 5],
              "uv": [69, 0]
            }
          ]
        },
        {
          "name": "frontleftleg2",
          "parent": "full_body",
          "pivot": [9, 27.75, -14],
          "rotation": [22.5, 0, 0],
          "cubes": [
            { "origin": [6, 16, -19], "size": [6, 14, 10], "uv": [77, 25] },
            { "origin": [7, 13, -17], "size": [4, 3, 6], "uv": [125, 71] }
          ]
        },
        {
          "name": "bone2",
          "parent": "frontleftleg2",
          "pivot": [9, 14.40381, -15.8033],
          "rotation": [-22.5, 0, 0],
          "cubes": [
            {
              "origin": [6, 6.93665, -17.12452],
              "size": [6, 8, 8],
              "pivot": [9, 10.93665, -13.12452],
              "rotation": [12.5, 0, 0],
              "uv": [99, 14]
            },
            {
              "origin": [7, 1.93665, -16.12452],
              "size": [4, 6, 6],
              "uv": [106, 118]
            }
          ]
        },
        {
          "name": "foot",
          "parent": "bone2",
          "pivot": [9, 3.72315, -14.13397],
          "rotation": [2.5, 0, 0],
          "cubes": [
            {
              "origin": [6, -0.06335, -21.12452],
              "size": [6, 3, 5],
              "uv": [119, 12]
            },
            {
              "origin": [7, -0.06335, -24.12452],
              "size": [0, 3, 3],
              "pivot": [7, 1.43665, -22.62452],
              "rotation": [0, 22.5, 0],
              "uv": [71, 32]
            },
            {
              "origin": [9, -0.06335, -24.12452],
              "size": [0, 3, 3],
              "uv": [70, 65]
            },
            {
              "origin": [11, -0.06335, -24.12452],
              "size": [0, 3, 3],
              "pivot": [11, 1.43665, -22.62452],
              "rotation": [0, -22.5, 0],
              "uv": [70, 62]
            },
            {
              "origin": [6.5, 0.93665, -18.12452],
              "size": [5, 3, 7],
              "pivot": [9, 3.93665, -15.62452],
              "rotation": [20, 0, 0],
              "uv": [0, 113]
            }
          ]
        },
        {
          "name": "backleftleg2",
          "parent": "full_body",
          "pivot": [9, 27.75, 16],
          "rotation": [22.5, 0, 0],
          "cubes": [
            { "origin": [6, 16, 11], "size": [7, 12, 10], "uv": [70, 0] },
            { "origin": [7, 13, 13], "size": [4, 3, 6], "uv": [120, 124] }
          ]
        },
        {
          "name": "bone4",
          "parent": "backleftleg2",
          "pivot": [14, 14, 17.5],
          "rotation": [-22.5, 0, 0],
          "cubes": [
            {
              "origin": [6, 6, 13],
              "size": [6, 8, 8],
              "pivot": [9, 10, 17],
              "rotation": [12.5, 0, 0],
              "uv": [60, 87]
            },
            { "origin": [7, 1, 14], "size": [4, 6, 6], "uv": [66, 115] }
          ]
        },
        {
          "name": "foot3",
          "parent": "bone4",
          "pivot": [9, 2.7865, 15.99054],
          "rotation": [2.5, 0, 0],
          "cubes": [
            { "origin": [6, -1, 9], "size": [6, 3, 5], "uv": [116, 56] },
            {
              "origin": [7, -1, 6],
              "size": [0, 3, 3],
              "pivot": [7, 0.5, 7.5],
              "rotation": [0, 22.5, 0],
              "uv": [50, 62]
            },
            { "origin": [9, -1, 6], "size": [0, 3, 3], "uv": [33, 61] },
            {
              "origin": [11, -1, 6],
              "size": [0, 3, 3],
              "pivot": [11, 0.5, 7.5],
              "rotation": [0, -22.5, 0],
              "uv": [33, 58]
            },
            {
              "origin": [6.5, 0, 12],
              "size": [5, 3, 7],
              "pivot": [9, 3, 14.5],
              "rotation": [20, 0, 0],
              "uv": [109, 30]
            }
          ]
        },
        {
          "name": "backrightleg",
          "parent": "full_body",
          "pivot": [-9, 27.75, 16],
          "rotation": [22.5, 0, 0],
          "cubes": [
            { "origin": [-13, 16, 11], "size": [7, 12, 10], "uv": [67, 65] },
            { "origin": [-11, 13, 13], "size": [4, 3, 6], "uv": [124, 86] }
          ]
        },
        {
          "name": "bone5",
          "parent": "backrightleg",
          "pivot": [-4, 14, 17.5],
          "rotation": [-22.5, 0, 0],
          "cubes": [
            {
              "origin": [-12, 6, 13],
              "size": [6, 8, 8],
              "pivot": [-9, 10, 17],
              "rotation": [12.5, 0, 0],
              "uv": [32, 86]
            },
            { "origin": [-11, 1, 14], "size": [4, 6, 6], "uv": [46, 115] }
          ]
        },
        {
          "name": "foot4",
          "parent": "bone5",
          "pivot": [-9, 2.7865, 15.99054],
          "rotation": [2.5, 0, 0],
          "cubes": [
            { "origin": [-12, -1, 9], "size": [6, 3, 5], "uv": [54, 35] },
            {
              "origin": [-11, -1, 6],
              "size": [0, 3, 3],
              "pivot": [-11, 0.5, 7.5],
              "rotation": [0, 22.5, 0],
              "uv": [58, 8]
            },
            { "origin": [-9, -1, 6], "size": [0, 3, 3], "uv": [33, 55] },
            {
              "origin": [-7, -1, 6],
              "size": [0, 3, 3],
              "pivot": [-7, 0.5, 7.5],
              "rotation": [0, -22.5, 0],
              "uv": [33, 52]
            },
            {
              "origin": [-11.5, 0, 12],
              "size": [5, 3, 7],
              "pivot": [-9, 3, 14.5],
              "rotation": [20, 0, 0],
              "uv": [101, 108]
            }
          ]
        },
        {
          "name": "frontrightleg",
          "parent": "full_body",
          "pivot": [-9, 27.75, -14],
          "rotation": [22.5, 0, 0],
          "cubes": [
            { "origin": [-12, 16, -19], "size": [6, 14, 10], "uv": [0, 76] },
            { "origin": [-11, 13, -17], "size": [4, 3, 6], "uv": [125, 40] }
          ]
        },
        {
          "name": "bone3",
          "parent": "frontrightleg",
          "pivot": [-9, 14.72418, -15.64072],
          "rotation": [-22.5, 0, 0],
          "cubes": [
            {
              "origin": [-12, 7.25703, -16.96194],
              "size": [6, 8, 8],
              "pivot": [-9, 11.25703, -12.96194],
              "rotation": [12.5, 0, 0],
              "uv": [88, 87]
            },
            {
              "origin": [-11, 2.25703, -15.96194],
              "size": [4, 6, 6],
              "uv": [86, 115]
            }
          ]
        },
        {
          "name": "foot2",
          "parent": "bone3",
          "pivot": [-9, 4.04352, -13.9714],
          "rotation": [2.5, 0, 0],
          "cubes": [
            {
              "origin": [-12, 0.25703, -20.96194],
              "size": [6, 3, 5],
              "uv": [118, 106]
            },
            {
              "origin": [-11, 0.25703, -23.96194],
              "size": [0, 3, 3],
              "pivot": [-11, 1.75703, -22.46194],
              "rotation": [0, 22.5, 0],
              "uv": [50, 65]
            },
            {
              "origin": [-9, 0.25703, -23.96194],
              "size": [0, 3, 3],
              "uv": [33, 64]
            },
            {
              "origin": [-7, 0.25703, -23.96194],
              "size": [0, 3, 3],
              "pivot": [-7, 1.75703, -22.46194],
              "rotation": [0, -22.5, 0],
              "uv": [64, 8]
            },
            {
              "origin": [-11.5, 1.25703, -17.96194],
              "size": [5, 3, 7],
              "pivot": [-9, 4.25703, -15.46194],
              "rotation": [20, 0, 0],
              "uv": [109, 96]
            }
          ]
        }
      ]
    }
  ]
}
