{
  "format_version": "1.12.0",
  "minecraft:geometry": [
    {
      "description": {
        "identifier": "geometry.kartana",
        "texture_width": 64,
        "texture_height": 64,
        "visible_bounds_width": 3,
        "visible_bounds_height": 3.5,
        "visible_bounds_offset": [0, 1.25, 0]
      },
      "bones": [
        {
          "name": "kartana",
          "pivot": [0, 0, 0]
        },
        {
          "name": "body",
          "parent": "kartana",
          "pivot": [0, 4.25, 0]
        },
        {
          "name": "torso",
          "parent": "body",
          "pivot": [-0.01786, 11.25986, -0.2032],
          "cubes": [
            {
              "origin": [-1.01786, 9.38456, -0.76],
              "size": [2, 3, 1],
              "uv": [32, 23]
            },
            {
              "origin": [-0.51786, 9.88456, -0.765],
              "size": [1, 2, 0],
              "uv": [3, 37]
            },
            {
              "origin": [-5.61836, 8.96634, -0.5],
              "size": [7, 3, 1],
              "pivot": [-0.01786, 10.88586, -0.5],
              "rotation": [0, 0, 72.25],
              "uv": [0, 5]
            },
            {
              "origin": [-1.41736, 8.96634, -0.501],
              "size": [7, 3, 1],
              "pivot": [-0.01786, 10.88586, -0.5],
              "rotation": [0, 0, -72.25],
              "uv": [0, 0]
            },
            {
              "origin": [0.30628, 8.56172, -0.49],
              "size": [2, 2, 1],
              "pivot": [-0.01786, 10.88586, -0.5],
              "rotation": [0, 0, 45],
              "uv": [32, 5]
            }
          ]
        },
        {
          "name": "head",
          "parent": "torso",
          "pivot": [-0.01811, 15.28015, -0.1375],
          "cubes": [
            {
              "origin": [-2.51786, 13.13456, -0.51],
              "size": [5, 5, 1],
              "pivot": [-0.01786, 15.63456, 0],
              "rotation": [0, 0, 45],
              "uv": [0, 10]
            },
            {
              "origin": [-1.517, 13.133, -0.765],
              "size": [4, 4, 1],
              "pivot": [-0.01786, 15.63456, 0],
              "rotation": [0, 0, 45],
              "uv": [0, 23]
            }
          ]
        },
        {
          "name": "eyes",
          "parent": "head",
          "pivot": [-0.01761, 14.92781, -0.515],
          "cubes": [
            {
              "origin": [-2.018, 14.42745, -1.015],
              "size": [4, 1, 1],
              "pivot": [-0.01786, 14.92745, -0.515],
              "rotation": [0, 0, 45],
              "uv": [22, 25]
            },
            {
              "origin": [-2.017, 14.42745, -1.015],
              "size": [4, 1, 1],
              "pivot": [-0.01786, 14.92745, -0.515],
              "rotation": [0, 0, -45],
              "uv": [11, 25]
            }
          ]
        },
        {
          "name": "antenna_left",
          "parent": "head",
          "pivot": [-0.57139, 16.63302, -0.766],
          "cubes": [
            {
              "origin": [-2.32139, 16.13302, -0.766],
              "size": [1, 4, 0],
              "pivot": [-1.82139, 18.13302, -0.766],
              "rotation": [0, 0, -40],
              "uv": [0, 37]
            }
          ]
        },
        {
          "name": "antenna_right",
          "parent": "head",
          "pivot": [0.57139, 16.63302, -0.766],
          "cubes": [
            {
              "origin": [1.32139, 16.13302, -0.766],
              "size": [1, 4, 0],
              "pivot": [1.82139, 18.13302, -0.766],
              "rotation": [0, 0, 40],
              "uv": [7, 29]
            }
          ]
        },
        {
          "name": "neck_left",
          "parent": "torso",
          "pivot": [-1.00818, 11.58313, -0.50267],
          "rotation": [0, 0, -15],
          "cubes": [
            {
              "origin": [-0.47305, 9.00177, -0.5025],
              "size": [1, 9, 0],
              "pivot": [-4.30327, 8.78783, -1.5],
              "rotation": [0, 0, -35],
              "uv": [23, 28]
            },
            {
              "origin": [-0.45751, 8.15571, -0.503],
              "size": [1, 10, 0],
              "pivot": [-4.55327, 8.28783, -1.5],
              "rotation": [0, 0, -40],
              "uv": [20, 28]
            },
            {
              "origin": [-0.30975, 8.23783, -0.5025],
              "size": [1, 10, 0],
              "pivot": [-4.55327, 7.78783, -1.5],
              "rotation": [0, 0, -45],
              "uv": [17, 28]
            }
          ]
        },
        {
          "name": "neck_right",
          "parent": "torso",
          "pivot": [1.00818, 11.58313, -0.50267],
          "rotation": [0, 0, 15],
          "cubes": [
            {
              "origin": [-0.52695, 9.00177, -0.5025],
              "size": [1, 9, 0],
              "pivot": [4.30327, 8.78783, -1.5],
              "rotation": [0, 0, 35],
              "uv": [28, 9]
            },
            {
              "origin": [-0.54249, 8.15571, -0.503],
              "size": [1, 10, 0],
              "pivot": [4.55327, 8.28783, -1.5],
              "rotation": [0, 0, 40],
              "uv": [14, 28]
            },
            {
              "origin": [-0.69025, 8.23783, -0.5025],
              "size": [1, 10, 0],
              "pivot": [4.55327, 7.78783, -1.5],
              "rotation": [0, 0, 45],
              "uv": [11, 28]
            }
          ]
        },
        {
          "name": "arm_right",
          "parent": "torso",
          "pivot": [0.5094, 10.77744, -0.73307],
          "rotation": [0, 2.5, 0],
          "cubes": [
            {
              "origin": [0.74706, 9.7, -0.57054],
              "size": [7, 2, 0],
              "uv": [17, 0],
              "mirror": true
            },
            {
              "origin": [0.70212, 10.07561, -0.56845],
              "size": [7, 1, 0],
              "pivot": [1.70556, 9.74967, 0.43446],
              "rotation": [0, 0, 5],
              "uv": [11, 23],
              "mirror": true
            }
          ]
        },
        {
          "name": "arm_right2",
          "parent": "arm_right",
          "pivot": [7.74615, 10.728, -0.72271],
          "cubes": [
            {
              "origin": [7.74706, 9.7, -0.57054],
              "size": [7, 2, 0],
              "uv": [13, 16],
              "mirror": true
            },
            {
              "origin": [7.70937, 10.08683, -0.56954],
              "size": [7, 1, 0],
              "pivot": [1.70937, 9.83683, 0.43446],
              "rotation": [0, 0, 5],
              "uv": [15, 21],
              "mirror": true
            }
          ]
        },
        {
          "name": "arm_right_decor",
          "parent": "arm_right",
          "pivot": [4.73474, 10.5009, -0.5734]
        },
        {
          "name": "arm_decor_front2",
          "parent": "arm_right_decor",
          "pivot": [4.73474, 10.5009, -0.5734],
          "cubes": [
            {
              "origin": [3.39412, 10.18986, -0.5799],
              "size": [1, 1, 0],
              "pivot": [3.94715, 10.74289, -0.5799],
              "rotation": [0, 0, -45],
              "uv": [5, 34],
              "mirror": true
            },
            {
              "origin": [4.82652, 10.01716, -0.5799],
              "size": [1, 1, 0],
              "pivot": [5.19729, 10.59289, -0.58645],
              "rotation": [0, 0, -42.5],
              "uv": [33, 32],
              "mirror": true
            },
            {
              "origin": [6.31274, 10.01569, -0.57554],
              "size": [1, 1, 0],
              "pivot": [6.74706, 10.45, -0.07304],
              "rotation": [0, 0, -40],
              "uv": [26, 35],
              "mirror": true
            },
            {
              "origin": [0.54706, 9.85, -0.57304],
              "size": [7, 1, 0],
              "pivot": [1.54706, 8.6, 0.93446],
              "rotation": [0, 0, 5],
              "uv": [15, 19],
              "mirror": true
            },
            {
              "origin": [0.74706, 10.8, -0.57304],
              "size": [7, 1, 0],
              "uv": [0, 21],
              "mirror": true
            }
          ]
        },
        {
          "name": "arm_decor_back2",
          "parent": "arm_right_decor",
          "pivot": [4.73474, 10.5009, -0.5734],
          "cubes": [
            {
              "origin": [3.39412, 10.18986, -0.56354],
              "size": [1, 1, 0],
              "pivot": [3.94715, 10.74289, -0.5799],
              "rotation": [0, 0, -45],
              "uv": [5, 34],
              "mirror": true
            },
            {
              "origin": [4.82652, 10.01716, -0.56354],
              "size": [1, 1, 0],
              "pivot": [5.19729, 10.59289, -0.58645],
              "rotation": [0, 0, -42.5],
              "uv": [33, 32],
              "mirror": true
            },
            {
              "origin": [6.31274, 10.01569, -0.56354],
              "size": [1, 1, 0],
              "pivot": [6.74706, 10.45, -0.07304],
              "rotation": [0, 0, -40],
              "uv": [26, 35],
              "mirror": true
            },
            {
              "origin": [0.54706, 9.85, -0.56554],
              "size": [7, 1, 0],
              "pivot": [1.54706, 8.6, 0.93446],
              "rotation": [0, 0, 5],
              "uv": [15, 19],
              "mirror": true
            },
            {
              "origin": [0.74706, 10.8, -0.56554],
              "size": [7, 1, 0],
              "uv": [0, 21],
              "mirror": true
            }
          ]
        },
        {
          "name": "arm_left",
          "parent": "torso",
          "pivot": [-0.5219, 10.78994, -0.73307],
          "rotation": [0, -2.5, 0],
          "cubes": [
            {
              "origin": [-7.74707, 9.7, -0.57109],
              "size": [7, 2, 0],
              "uv": [17, 0]
            },
            {
              "origin": [-7.72483, 10.1027, -0.56791],
              "size": [7, 1, 0],
              "pivot": [-1.70558, 9.74967, 0.43391],
              "rotation": [0, 0, -5],
              "uv": [11, 23]
            }
          ]
        },
        {
          "name": "arm_left2",
          "parent": "arm_left",
          "pivot": [-7.74616, 10.728, -0.72325],
          "cubes": [
            {
              "origin": [-14.74707, 9.7, -0.57109],
              "size": [7, 2, 0],
              "uv": [13, 16]
            },
            {
              "origin": [-14.70938, 10.08683, -0.57009],
              "size": [7, 1, 0],
              "pivot": [-1.70938, 9.83683, 0.43391],
              "rotation": [0, 0, -5],
              "uv": [15, 21]
            }
          ]
        },
        {
          "name": "arm_left_decor",
          "parent": "arm_left",
          "pivot": [-4.73475, 10.5009, -0.57394]
        },
        {
          "name": "arm_decor_front",
          "parent": "arm_left_decor",
          "pivot": [-4.73475, 10.5009, -0.57394],
          "cubes": [
            {
              "origin": [-4.39413, 10.18986, -0.58045],
              "size": [1, 1, 0],
              "pivot": [-3.94716, 10.74289, -0.58045],
              "rotation": [0, 0, 45],
              "uv": [5, 34]
            },
            {
              "origin": [-5.82653, 10.01716, -0.58045],
              "size": [1, 1, 0],
              "pivot": [-5.19731, 10.59289, -0.58699],
              "rotation": [0, 0, 42.5],
              "uv": [33, 32]
            },
            {
              "origin": [-7.31275, 10.01569, -0.57609],
              "size": [1, 1, 0],
              "pivot": [-6.74707, 10.45, -0.07359],
              "rotation": [0, 0, 40],
              "uv": [26, 35]
            },
            {
              "origin": [-7.54707, 9.85, -0.57359],
              "size": [7, 1, 0],
              "pivot": [-1.54707, 8.6, 0.93391],
              "rotation": [0, 0, -5],
              "uv": [15, 19]
            },
            {
              "origin": [-7.74707, 10.8, -0.57359],
              "size": [7, 1, 0],
              "uv": [0, 21]
            }
          ]
        },
        {
          "name": "arm_decor_back",
          "parent": "arm_left_decor",
          "pivot": [-4.73475, 10.5009, -0.57394],
          "cubes": [
            {
              "origin": [-4.39413, 10.18986, -0.56409],
              "size": [1, 1, 0],
              "pivot": [-3.94716, 10.74289, -0.58045],
              "rotation": [0, 0, 45],
              "uv": [5, 34]
            },
            {
              "origin": [-5.82653, 10.01716, -0.56409],
              "size": [1, 1, 0],
              "pivot": [-5.19731, 10.59289, -0.58699],
              "rotation": [0, 0, 42.5],
              "uv": [33, 32]
            },
            {
              "origin": [-7.31275, 10.01569, -0.56409],
              "size": [1, 1, 0],
              "pivot": [-6.74707, 10.45, -0.07359],
              "rotation": [0, 0, 40],
              "uv": [26, 35]
            },
            {
              "origin": [-7.54707, 9.85, -0.56609],
              "size": [7, 1, 0],
              "pivot": [-1.54707, 8.6, 0.93391],
              "rotation": [0, 0, -5],
              "uv": [15, 19]
            },
            {
              "origin": [-7.74707, 10.8, -0.56609],
              "size": [7, 1, 0],
              "uv": [0, 21]
            }
          ]
        },
        {
          "name": "leg_left",
          "parent": "torso",
          "pivot": [-0.75, 8.5, 0.015],
          "cubes": [
            { "origin": [-2.75, 8, 0.015], "size": [3, 1, 0], "uv": [26, 33] }
          ]
        },
        {
          "name": "leg_left2",
          "parent": "leg_left",
          "pivot": [-1.25, 8, 0.015],
          "cubes": [
            { "origin": [-2.75, 4, 0.015], "size": [3, 4, 0], "uv": [31, 9] }
          ]
        },
        {
          "name": "leg_left3",
          "parent": "leg_left2",
          "pivot": [-2.75, 6.5, 0.015],
          "cubes": [
            { "origin": [-5.75, 4, 0.015], "size": [3, 4, 0], "uv": [31, 14] }
          ]
        },
        {
          "name": "leg_left4",
          "parent": "leg_left3",
          "pivot": [-4.25, 4, 0.015],
          "cubes": [
            { "origin": [-5.75, 0, 0.015], "size": [3, 4, 0], "uv": [32, 0] }
          ]
        },
        {
          "name": "leg_right",
          "parent": "torso",
          "pivot": [0.75, 8.5, 0.015],
          "cubes": [
            { "origin": [-0.25, 8, 0.015], "size": [3, 1, 0], "uv": [0, 17] }
          ]
        },
        {
          "name": "leg_right2",
          "parent": "leg_right",
          "pivot": [1.25, 8, 0.015],
          "cubes": [
            { "origin": [-0.25, 4, 0.015], "size": [3, 4, 0], "uv": [26, 28] }
          ]
        },
        {
          "name": "leg_right3",
          "parent": "leg_right2",
          "pivot": [2.75, 6.5, 0.015],
          "cubes": [
            { "origin": [2.75, 4, 0.015], "size": [3, 4, 0], "uv": [0, 29] }
          ]
        },
        {
          "name": "leg_right4",
          "parent": "leg_right3",
          "pivot": [4.25, 4, 0.015],
          "cubes": [
            { "origin": [2.75, 0, 0.015], "size": [3, 4, 0], "uv": [30, 19] }
          ]
        }
      ]
    }
  ]
}
