{
  "format_version": "1.8.0",
  "animations": {
    "animation.volcanion.ground_idle": {
      "loop": true,
      "bones": {
        "head": {
          "rotation": [5, 0, 0]
        },
        "head_bot": {
          "rotation": ["1.5+2*(math.cos(q.anim_time*90+5)*1)", 0, 0]
        },
        "head_top": {
          "rotation": ["0+1*(math.cos(q.anim_time*90+2)*0.5)", 0, 0]
        },
        "head_bot2": {
          "rotation": [0, 0, 0]
        },
        "body": {
          "rotation": [0, 0, 0],
          "position": [0, "0-0.2*(math.cos(q.anim_time*90+1)*1)", 0]
        },
        "tail": {
          "rotation": ["0-2*(math.sin(q.anim_time*90)*1)", 0, 0]
        },
        "tail2": {
          "rotation": ["0-1*(math.sin(q.anim_time*85)*1.5)", 0, 0]
        },
        "tail3": {
          "rotation": ["2-4*(math.sin(q.anim_time*100)*2)", 0, 0]
        },
        "arm_left": {
          "rotation": [0, 0, -32.5],
          "position": [0.75, 2, 0],
          "scale": 1
        },
        "leg_front_left": {
          "rotation": [0, 0, "5-1*(math.cos(q.anim_time*90+2)*1)"]
        },
        "leg_front_left3": {
          "rotation": [0, 0, "0+1*(math.cos(q.anim_time*90+2)*1)"]
        },
        "arm_left4": {
          "rotation": [0, 0, -15],
          "position": [-1.25, 0.25, 0]
        },
        "arm_left3": {
          "rotation": [0, 0, -20],
          "position": [-1.5, -0.25, 0],
          "scale": 1
        },
        "arm_left2": {
          "rotation": [0, 0, -17.5],
          "position": [-1, -0.5, 0]
        },
        "arm_left9": {
          "rotation": [0, 0, -12.5],
          "position": [-0.65, -0.075, 0]
        },
        "arm_left8": {
          "rotation": [0, 0, -25],
          "position": [-1.5, -1.25, 0]
        },
        "arm_left7": {
          "rotation": [0, 0, -22.5],
          "position": [-1.5, 0.25, 0]
        },
        "arm_left6": {
          "rotation": [0, 0, -15],
          "position": [-1.25, -0.2, 0]
        },
        "arm_left5": {
          "rotation": [0, 0, -20],
          "position": [-1.25, -0.5, 0]
        },
        "leg_front_left2": {
          "rotation": [0, 0, -5]
        },
        "leg_backleft_joint": {
          "position": [0, "0+0.2*(math.cos(q.anim_time*90+1)*1)", 0]
        },
        "leg_front_right": {
          "rotation": [0, 0, "-5+1*(math.cos(q.anim_time*90+2)*1)"]
        },
        "leg_front_right2": {
          "rotation": [0, 0, 5]
        },
        "leg_front_right3": {
          "rotation": [0, 0, "0-1*(math.cos(q.anim_time*90+2)*1)"]
        },
        "leg_backright_joint": {
          "position": [0, "0+0.2*(math.cos(q.anim_time*90+1)*1)", 0]
        },
        "hip": {
          "rotation": [0, 0, 0]
        },
        "claws_open_left": {
          "scale": 0
        },
        "arm_left10": {
          "rotation": [0, 0, -20]
        },
        "arm_left11": {
          "rotation": [0, 0, -20]
        },
        "arm_left12": {
          "rotation": [0, 0, -20]
        },
        "arm_left13": {
          "rotation": [0, 0, -20]
        },
        "arm_left14": {
          "rotation": [0, 0, -20]
        },
        "arm_left15": {
          "rotation": [0, 0, -20]
        },
        "arm_left16": {
          "rotation": [0, 0, -20]
        },
        "arm_left17": {
          "rotation": [0, 0, -25],
          "position": [0.42262, -0.90631, 0]
        },
        "arm_left18": {
          "rotation": [0, 0, -15],
          "position": [-0.65, -0.075, 0]
        },
        "arm_right": {
          "rotation": [0, 0, 32.5],
          "position": [-0.5, 2.01, 0.01],
          "scale": 1
        },
        "arm_right2": {
          "rotation": [0, 0, 17.5],
          "position": [1, -0.5, 0]
        },
        "arm_right3": {
          "rotation": [0, 0, 20],
          "position": [1.5, -0.25, 0],
          "scale": 1
        },
        "arm_right4": {
          "rotation": [0, 0, 15],
          "position": [1.25, 0.25, 0]
        },
        "arm_right5": {
          "rotation": [0, 0, 20],
          "position": [1.25, -0.5, 0]
        },
        "arm_right6": {
          "rotation": [0, 0, 15],
          "position": [1.25, -0.2, 0]
        },
        "arm_right7": {
          "rotation": [0, 0, 22.5],
          "position": [1.5, 0.25, 0]
        },
        "arm_right8": {
          "rotation": [0, 0, 25],
          "position": [1.5, -1.25, 0]
        },
        "arm_right9": {
          "rotation": [0, 0, 12.5],
          "position": [0.65, -0.075, 0]
        },
        "claws_open_right": {
          "scale": 0
        }
      }
    },
    "animation.volcanion.cry": {
      "animation_length": 1.75,
      "bones": {
        "head": {
          "rotation": {
            "0.0": [0, 0, 0],
            "1.75": [0, 0, 0]
          }
        },
        "head_bot": {
          "rotation": {
            "0.0": [0, 0, 0],
            "0.5": [20.28558, 0, 0],
            "0.625": [29.95238, -0.01897, 0.43523],
            "0.75": [29.60601, 0.00946, -0.21653],
            "0.8333": [26.8473, 0, 0],
            "0.9167": [29.09194, 0.01835, -0.2165],
            "0.9583": [26.77355, 0.01501, -0.21658],
            "1.0417": [18.75601, 0.00554, -0.37173],
            "1.25": [15.5765, 0, 0],
            "1.3333": [12.85285, 0, 0],
            "1.5": [3, 0, 0],
            "1.75": [0, 0, 0]
          },
          "position": {
            "0.0": [0, 0, 0],
            "0.875": [0, 0, 0],
            "0.9583": [0, 0, -0.25],
            "1.0417": [0, 0, 0],
            "1.75": [0, 0, 0]
          }
        },
        "head_top": {
          "rotation": {
            "0.0": [0, 0, 0],
            "0.1667": [-4.52185, 0, 0],
            "0.25": [-7.04502, 0, 0],
            "0.3333": [0.42402, 0, 0],
            "0.375": [1.66, 0, 0],
            "0.4167": [2.88581, 0, 0],
            "0.4583": [0.36419, 0, 0],
            "0.7083": [2.70536, 0, 0],
            "0.75": [0.1751, 0, 0],
            "0.875": [3.83, 0, 0],
            "1.0": [-2.51745, 0, 0],
            "1.5": [0, 0, 0],
            "1.75": [0, 0, 0]
          }
        },
        "head_bot2": {
          "rotation": {
            "0.0": [0, 0, 0],
            "0.25": [-10, 0, 0],
            "0.2917": [-2.5, 0, 0],
            "0.4167": [-7.5, 0, 0],
            "1.0": [0, 0, 0],
            "1.5": [0, 0, 0],
            "1.75": [0, 0, 0]
          }
        },
        "body": {
          "rotation": {
            "0.0": [0, 0, 0],
            "1.75": [0, 0, 0]
          },
          "position": {
            "0.0": [0, 0, 0],
            "0.4167": [0, -1.2, 0],
            "0.5": [0, 0.11107, 0],
            "0.5417": [0, -0.12922, 0],
            "0.5833": [0, -0.61896, 0],
            "0.6667": [0, -0.09696, 0],
            "0.7917": [0, -0.31097, 0],
            "1.75": [0, 0, 0]
          },
          "scale": {
            "0.0": [1, 1, 1],
            "0.4167": [1, 0.9708, 1],
            "0.5": [1, 1.025, 1],
            "0.5417": [1, 1, 1],
            "0.5833": [1, 1, 1],
            "0.6667": [1, 1, 1],
            "0.7917": [1, 1.025, 1],
            "0.8333": [1, 1, 1],
            "0.875": [1, 1.025, 1],
            "0.9167": [1, 1, 1],
            "0.9583": [1, 1.025, 1],
            "1.0": [1, 1.025, 1],
            "1.5": [1, 1, 1],
            "1.75": [1, 1, 1]
          }
        },
        "tail": {
          "rotation": {
            "0.0": [0, 0, 0],
            "0.375": [
              "2.5002+2*(math.sin(q.anim_time*95)*1)",
              -0.01693,
              0.05513
            ],
            "0.5833": [
              "2.5002+2*(math.sin(q.anim_time*95)*1)",
              -0.01693,
              0.05513
            ],
            "0.8333": [
              "-14.9828+2*(math.sin(q.anim_time*95)*1)",
              -0.11515,
              -0.69388
            ],
            "1.25": ["0+2*(math.sin(q.anim_time*95)*1)", 0, 0],
            "1.75": [0, 0, 0]
          }
        },
        "tail2": {
          "rotation": {
            "0.0": [0, 0, 0],
            "0.375": [
              "10.0008-1*(math.sin(q.anim_time*85)*1.5)",
              -0.07742,
              0.21693
            ],
            "0.5833": [
              "10.0008-1*(math.sin(q.anim_time*85)*1.5)",
              -0.07742,
              0.21693
            ],
            "0.9167": [
              "-12.4774-1*(math.sin(q.anim_time*85)*1.5)",
              -0.23006,
              -0.70817
            ],
            "1.25": ["0-1*(math.sin(q.anim_time*85)*1.5)", 0, 0],
            "1.75": [0, 0, 0]
          }
        },
        "tail3": {
          "rotation": {
            "0.0": [0, 0, 0],
            "0.375": [
              "17.001-4*(math.sin(q.anim_time*100)*2)",
              -0.13434,
              0.31753
            ],
            "0.5833": [
              "17.001-4*(math.sin(q.anim_time*100)*2)",
              -0.13434,
              0.31753
            ],
            "1.0": [
              "9.5075-4*(math.sin(q.anim_time*100)*2)",
              -0.14885,
              0.02324
            ],
            "1.375": [14.98542, -0.08305, 0.64712],
            "1.75": [0, 0, 0]
          }
        },
        "neck": {
          "rotation": {
            "0.0": [0, 0, 0],
            "0.2083": [17.58453, -7.38542, -1.30962],
            "0.4583": [12.5, 0, 0],
            "0.625": [-2.5, 0, 0],
            "0.7083": [-5, 0, 0],
            "0.7917": [-19.99523, -0.0095, -0.21782],
            "1.5": [0, 0, 0],
            "1.75": [0, 0, 0]
          },
          "position": {
            "0.0": [0, 0, 0],
            "1.75": [0, 0, 0]
          }
        },
        "torso": {
          "rotation": {
            "0.0": [0, 0, 0],
            "0.2917": [2.5, -5, 0],
            "0.625": [0, 0, 0],
            "1.75": [0, 0, 0]
          },
          "position": {
            "0.0": [0, 0, 0],
            "0.375": [0, -2.25, 0],
            "0.5417": [0, -3.5, 0],
            "0.6667": [0, 0.25, 0],
            "0.9167": [0, 0, 0],
            "1.75": [0, 0, 0]
          }
        },
        "waist": {
          "rotation": {
            "0.0": [0, 0, 0],
            "0.25": [-0.00204, 2.49825, -0.09354],
            "0.5417": [10.00489, 2.45991, 0.5591],
            "0.7083": [0, 0, 0],
            "1.75": [0, 0, 0]
          }
        },
        "hip": {
          "rotation": {
            "0.0": [0, 0, 0],
            "0.5417": [7.48391, -0.01801, 0.48981],
            "0.7083": [0, 0, 0],
            "1.75": [0, 0, 0]
          }
        }
      },
      "sound_effects": {
        "0.0833": {
          "effect": "pokemon.volcanion.cry"
        }
      }
    },
    "animation.volcanion.profile": {
      "loop": true,
      "bones": {
        "head": {
          "rotation": [10.43321, -17.85152, -17.52521]
        },
        "head_bot": {
          "rotation": ["19+1*(math.cos(q.anim_time*90+2)*1)", 0, 0]
        },
        "head_top": {
          "rotation": ["0+1*(math.cos(q.anim_time*90+2)*0.5)", 0, 0]
        },
        "head_bot2": {
          "rotation": [-12.5, 0, 0]
        },
        "torso": {
          "position": [0, "0-0.2*(math.cos(q.anim_time*90+1)*1)", 0]
        },
        "leg_backleft": {
          "rotation": [0, -20, "0-1*(math.cos(q.anim_time*90+2)*1)"]
        },
        "leg_backleft2": {
          "rotation": [
            -15.12353,
            -7.24305,
            "1.9515+1*(math.cos(q.anim_time*90+2)*1)"
          ]
        },
        "tail": {
          "rotation": ["0+2*(math.sin(q.anim_time*95)*1)", 0, 0]
        },
        "tail2": {
          "rotation": ["0-1*(math.sin(q.anim_time*85)*1.5)", 0, 0]
        },
        "tail3": {
          "rotation": ["2-4*(math.sin(q.anim_time*100)*2)", 0, 0]
        },
        "arm_left": {
          "rotation": [0, 0, -32.5],
          "position": [0.75, 2, 0],
          "scale": [1, 1, 1.1]
        },
        "neck": {
          "rotation": [-2.42327, -9.96156, -0.88045]
        },
        "leg_front_left": {
          "rotation": [0, 22.5, "-1*(math.cos(q.anim_time*90+2)*1)"]
        },
        "leg_front_left3": {
          "rotation": [0, -37.5, "0+1*(math.cos(q.anim_time*90+2)*1)"]
        },
        "arm_left4": {
          "rotation": [0, 0, -15],
          "position": [-1.25, 0.25, 0]
        },
        "arm_left3": {
          "rotation": [0, 0, -20],
          "position": [-1.5, -0.25, 0],
          "scale": 1
        },
        "arm_left2": {
          "rotation": [0, 0, -17.5],
          "position": [-1, -0.5, 0]
        },
        "arm_left9": {
          "rotation": [0, 0, -12.5],
          "position": [-0.65, -0.075, 0]
        },
        "arm_left8": {
          "rotation": [0, 0, -25],
          "position": [-1.5, -1.25, 0]
        },
        "arm_left7": {
          "rotation": [0, 0, -22.5],
          "position": [-1.5, 0.25, 0]
        },
        "arm_left6": {
          "rotation": [0, 0, -15],
          "position": [-1.25, -0.2, 0]
        },
        "arm_left5": {
          "rotation": [0, 0, -20],
          "position": [-1.25, -0.5, 0]
        },
        "waist": {
          "rotation": [0, 10, 0]
        },
        "hip": {
          "rotation": [0, 10, 0]
        },
        "leg_front_right": {
          "rotation": [0, 22.5, "-1*(math.cos(q.anim_time*90+2)*1)"]
        },
        "leg_front_right3": {
          "rotation": [0, -37.5, "0+1*(math.cos(q.anim_time*90+2)*1)"]
        },
        "leg_backright": {
          "rotation": [0, 20, "0+1*(math.cos(q.anim_time*90+2)*1)"]
        },
        "leg_backright2": {
          "rotation": [
            -15.1235,
            7.243,
            "-1.9515-1*(math.cos(q.anim_time*90+2)*1)"
          ]
        },
        "claws_open_left": {
          "scale": 0
        },
        "arm_left10": {
          "rotation": [0, 0, -32.5],
          "position": [0, 2, 0],
          "scale": [1, 1, 1.1]
        },
        "arm_left11": {
          "rotation": [0, 0, -17.5],
          "position": [-1, -0.5, 0]
        },
        "arm_left12": {
          "rotation": [0, 0, -20],
          "position": [-1.5, -0.25, 0],
          "scale": 1
        },
        "arm_left13": {
          "rotation": [0, 0, -15],
          "position": [-1.25, 0.25, 0]
        },
        "arm_left14": {
          "rotation": [0, 0, -20],
          "position": [-1.25, -0.5, 0]
        },
        "arm_left15": {
          "rotation": [0, 0, -15],
          "position": [-1.25, -0.2, 0]
        },
        "arm_left16": {
          "rotation": [0, 0, -22.5],
          "position": [-1.5, 0.25, 0]
        },
        "arm_left17": {
          "rotation": [0, 0, -25],
          "position": [-1.5, -1.25, 0]
        },
        "arm_left18": {
          "rotation": [0, 0, -12.5],
          "position": [-0.65, -0.075, 0]
        },
        "claws_open_left2": {
          "scale": 0
        },
        "arm_right": {
          "rotation": [0, 0, 32.5],
          "position": [-0.5, 2, 0.01],
          "scale": [1, 1, 1.1]
        },
        "arm_right2": {
          "rotation": [0, 0, 17.5],
          "position": [1, -0.5, 0]
        },
        "arm_right3": {
          "rotation": [0, 0, 20],
          "position": [1.5, -0.25, 0],
          "scale": 1
        },
        "arm_right4": {
          "rotation": [0, 0, 15],
          "position": [1.25, 0.25, 0]
        },
        "arm_right5": {
          "rotation": [0, 0, 20],
          "position": [1.25, -0.5, 0]
        },
        "arm_right6": {
          "rotation": [0, 0, 15],
          "position": [1.25, -0.2, 0]
        },
        "arm_right7": {
          "rotation": [0, 0, 22.5],
          "position": [1.5, 0.25, 0]
        },
        "arm_right8": {
          "rotation": [0, 0, 25],
          "position": [1.5, -1.25, 0]
        },
        "arm_right9": {
          "rotation": [0, 0, 12.5],
          "position": [0.65, -0.075, 0]
        },
        "claws_open_right": {
          "scale": 0
        }
      }
    },
    "animation.volcanion.new": {
      "animation_length": 15,
      "bones": {
        "volcanion": {
          "position": {
            "0.0": [0, 0, 120],
            "15.0": [0, 0, "-200+1*math.sin(q.anim_time*90*1-40)"]
          }
        }
      }
    }
  }
}
