{
  "format_version": "1.12.0",
  "minecraft:geometry": [
    {
      "description": {
        "identifier": "geometry.swadloon",
        "texture_width": 64,
        "texture_height": 64,
        "visible_bounds_width": 4,
        "visible_bounds_height": 2.5,
        "visible_bounds_offset": [0, 0.75, 0]
      },
      "bones": [
        {
          "name": "swadloon",
          "pivot": [0, 0, 0]
        },
        {
          "name": "body",
          "parent": "swadloon",
          "pivot": [0, 7.84935, -6.29444],
          "cubes": [
            { "origin": [-7.5, 0, -7], "size": [15, 14, 13], "uv": [0, 0] },
            {
              "origin": [-3, 6, -7.03],
              "size": [3, 1, 0],
              "pivot": [0, 7, -7.02],
              "rotation": [0, 0, -17.5],
              "uv": [46, 41]
            },
            {
              "origin": [0, 6, -7.02],
              "size": [3, 1, 0],
              "pivot": [0, 7, -7.02],
              "rotation": [0, 0, 17.5],
              "uv": [43, 12]
            },
            { "origin": [-5, 7.25, -7.02], "size": [2, 2, 0], "uv": [24, 47] },
            {
              "origin": [-5.75, 8.75, -7.04],
              "size": [4, 1, 0],
              "uv": [0, 12]
            },
            { "origin": [-5.5, 6.75, -7.01], "size": [3, 3, 0], "uv": [6, 46] },
            { "origin": [1.75, 8.75, -7.04], "size": [4, 1, 0], "uv": [0, 2] },
            { "origin": [2.5, 6.75, -7.01], "size": [3, 3, 0], "uv": [42, 45] },
            { "origin": [3, 7.25, -7.02], "size": [2, 2, 0], "uv": [20, 47] }
          ]
        },
        {
          "name": "mouth_open",
          "parent": "body",
          "pivot": [0, 6.2, -6.91],
          "cubes": [
            {
              "origin": [-0.5, 4.7, -6.91],
              "size": [2, 2, 0],
              "pivot": [0, 6.2, -6.91],
              "rotation": [0, 0, 45],
              "uv": [14, 53]
            }
          ]
        },
        {
          "name": "armleaf_left",
          "parent": "body",
          "pivot": [7.5, 0, -1.5],
          "cubes": [
            {
              "origin": [7.5, 0, -4],
              "size": [6, 0, 5],
              "inflate": 0.01,
              "uv": [34, 32]
            }
          ]
        },
        {
          "name": "leafthumb_left",
          "parent": "armleaf_left",
          "pivot": [8.75, 0, -4],
          "rotation": [0, 27.5, 0],
          "cubes": [
            { "origin": [8.75, 0, -4], "size": [4, 0, 2], "uv": [0, 37] }
          ]
        },
        {
          "name": "leafthumb_left2",
          "parent": "leafthumb_left",
          "pivot": [12.75, 0, -3],
          "cubes": [
            { "origin": [12.75, 0, -4], "size": [2, 0, 2], "uv": [42, 43] }
          ]
        },
        {
          "name": "leafpinky_left",
          "parent": "armleaf_left",
          "pivot": [8.75, 0, 1],
          "rotation": [0, -27.5, 0],
          "cubes": [
            { "origin": [8.75, 0, -1], "size": [4, 0, 2], "uv": [0, 35] }
          ]
        },
        {
          "name": "leafpinky_left2",
          "parent": "leafpinky_left",
          "pivot": [12.75, 0, 0],
          "cubes": [
            { "origin": [12.75, 0, -1], "size": [2, 0, 2], "uv": [10, 42] }
          ]
        },
        {
          "name": "armleaf_left2",
          "parent": "armleaf_left",
          "pivot": [13.5, 0, -1.5],
          "cubes": [
            { "origin": [13.5, 0, -4], "size": [5, 0, 5], "uv": [38, 5] }
          ]
        },
        {
          "name": "armleaf_right",
          "parent": "body",
          "pivot": [-7.5, 0, -1.5],
          "cubes": [
            {
              "origin": [-13.5, 0, -4],
              "size": [6, 0, 5],
              "inflate": 0.01,
              "uv": [34, 27]
            }
          ]
        },
        {
          "name": "leafthumb_right",
          "parent": "armleaf_right",
          "pivot": [-8.75, 0, -4],
          "rotation": [0, -27.5, 0],
          "cubes": [
            { "origin": [-12.75, 0, -4], "size": [4, 0, 2], "uv": [0, 33] }
          ]
        },
        {
          "name": "leafthumb_right2",
          "parent": "leafthumb_right",
          "pivot": [-12.75, 0, -3],
          "cubes": [
            { "origin": [-14.75, 0, -4], "size": [2, 0, 2], "uv": [40, 41] }
          ]
        },
        {
          "name": "leafpinky_right",
          "parent": "armleaf_right",
          "pivot": [-8.75, 0, 1],
          "rotation": [0, 27.5, 0],
          "cubes": [
            { "origin": [-12.75, 0, -1], "size": [4, 0, 2], "uv": [0, 0] }
          ]
        },
        {
          "name": "leafpinky_right2",
          "parent": "leafpinky_right",
          "pivot": [-12.75, 0, 0],
          "cubes": [
            { "origin": [-14.75, 0, -1], "size": [2, 0, 2], "uv": [32, 41] }
          ]
        },
        {
          "name": "armleaf_right2",
          "parent": "armleaf_right",
          "pivot": [-13.5, 0, -1.5],
          "cubes": [
            { "origin": [-18.5, 0, -4], "size": [5, 0, 5], "uv": [38, 0] }
          ]
        },
        {
          "name": "tail",
          "parent": "body",
          "pivot": [0, 1.25, 6],
          "cubes": [
            { "origin": [-3.5, 1.25, 6], "size": [7, 0, 5], "uv": [20, 32] }
          ]
        },
        {
          "name": "tail2",
          "parent": "tail",
          "pivot": [0, 1.25, 11],
          "cubes": [
            { "origin": [-3.5, 1.25, 11], "size": [7, 0, 5], "uv": [20, 27] }
          ]
        },
        {
          "name": "groundflap_right",
          "parent": "body",
          "pivot": [7.5, 0.5, -0.5],
          "rotation": [0, 0, 9.5],
          "cubes": [
            { "origin": [7.5, 0.5, -7], "size": [3, 0, 13], "uv": [6, 27] }
          ]
        },
        {
          "name": "groundflap_right2",
          "parent": "groundflap_right",
          "pivot": [10.5, 0.5, 6],
          "cubes": [
            { "origin": [6.5, 0.5, 6], "size": [4, 0, 2], "uv": [8, 40] }
          ]
        },
        {
          "name": "groundflap_right3",
          "parent": "groundflap_right2",
          "pivot": [6.5, 0.5, 7],
          "cubes": [
            { "origin": [3.5, 0.5, 6], "size": [3, 0, 2], "uv": [22, 41] }
          ]
        },
        {
          "name": "groundflap_left",
          "parent": "body",
          "pivot": [-7.5, 0.5, -0.5],
          "rotation": [0, 0, -9.5],
          "cubes": [
            { "origin": [-10.5, 0.5, -7], "size": [3, 0, 13], "uv": [0, 27] }
          ]
        },
        {
          "name": "groundflap_left2",
          "parent": "groundflap_left",
          "pivot": [-10.5, 0.5, 6],
          "cubes": [
            { "origin": [-10.5, 0.5, 6], "size": [4, 0, 2], "uv": [0, 39] }
          ]
        },
        {
          "name": "groundflap_left3",
          "parent": "groundflap_left2",
          "pivot": [-6.5, 0.5, 7],
          "cubes": [
            { "origin": [-6.5, 0.5, 6], "size": [3, 0, 2], "uv": [41, 10] }
          ]
        },
        {
          "name": "eyelids",
          "parent": "body",
          "pivot": [0, 0.25, 0.1]
        },
        {
          "name": "eyelid_right",
          "parent": "eyelids",
          "pivot": [0, 0.25, 0.1],
          "cubes": [
            { "origin": [-5.5, 6.75, -6.93], "size": [3, 3, 0], "uv": [5, 51] }
          ]
        },
        {
          "name": "eyelid_left",
          "parent": "eyelids",
          "pivot": [0, 0.25, 0.1],
          "cubes": [
            { "origin": [2.5, 6.75, -6.93], "size": [3, 3, 0], "uv": [41, 50] }
          ]
        },
        {
          "name": "fringe",
          "parent": "body",
          "pivot": [0, 13, -7],
          "rotation": [-12.5, 0, 0],
          "cubes": [
            { "origin": [-5.5, 9, -7], "size": [11, 4, 0], "uv": [25, 37] }
          ]
        },
        {
          "name": "hair_right",
          "parent": "body",
          "pivot": [0, 14, -4.5],
          "rotation": [0, 0, -15],
          "cubes": [
            { "origin": [-3, 14, -4.5], "size": [3, 4, 0], "uv": [0, 45] }
          ]
        },
        {
          "name": "hair_right2",
          "parent": "hair_right",
          "pivot": [-1.5, 18, -4.5],
          "cubes": [
            { "origin": [-3, 18, -4.5], "size": [3, 3, 0], "uv": [36, 45] }
          ]
        },
        {
          "name": "hair_left",
          "parent": "body",
          "pivot": [0, 14, -4.5],
          "rotation": [0, 0, 15],
          "cubes": [
            { "origin": [0, 14, -4.5], "size": [3, 4, 0], "uv": [14, 44] }
          ]
        },
        {
          "name": "hair_left2",
          "parent": "hair_left",
          "pivot": [1.5, 18, -4.5],
          "cubes": [
            { "origin": [0, 18, -4.5], "size": [3, 3, 0], "uv": [30, 45] }
          ]
        },
        {
          "name": "sleeve_right",
          "parent": "body",
          "pivot": [-7.5, 4, -7],
          "cubes": [
            { "origin": [-7.5, 0, -10], "size": [0, 9, 3], "uv": [6, 0] }
          ]
        },
        {
          "name": "sleeveflap_right",
          "parent": "sleeve_right",
          "pivot": [-7.5, 0.5, -8],
          "rotation": [0, 0, -30],
          "cubes": [
            { "origin": [-8.5, 0.5, -9], "size": [1, 0, 2], "uv": [8, 0] }
          ]
        },
        {
          "name": "sleeve_right2",
          "parent": "sleeve_right",
          "pivot": [-7.5, 4, -10],
          "cubes": [
            { "origin": [-7.5, 0, -13], "size": [0, 6, 3], "uv": [6, 24] }
          ]
        },
        {
          "name": "sleeve_right3",
          "parent": "sleeve_right2",
          "pivot": [-7.5, 0.75, -13],
          "cubes": [
            { "origin": [-7.5, 0.75, -16], "size": [0, 4, 3], "uv": [0, 38] }
          ]
        },
        {
          "name": "sleeve_left",
          "parent": "body",
          "pivot": [7.5, 4, -7],
          "cubes": [
            { "origin": [7.5, 0, -10], "size": [0, 9, 3], "uv": [0, 0] }
          ]
        },
        {
          "name": "sleeveflap_left",
          "parent": "sleeve_left",
          "pivot": [7.5, 0.5, -8],
          "rotation": [0, 0, 30],
          "cubes": [
            { "origin": [7.5, 0.5, -9], "size": [1, 0, 2], "uv": [8, 33] }
          ]
        },
        {
          "name": "sleeve_left2",
          "parent": "sleeve_left",
          "pivot": [7.5, 4, -10],
          "cubes": [
            { "origin": [7.5, 0, -13], "size": [0, 6, 3], "uv": [0, 24] }
          ]
        },
        {
          "name": "sleeve_left3",
          "parent": "sleeve_left2",
          "pivot": [7.5, 0.75, -13],
          "cubes": [
            { "origin": [7.5, 0.75, -16], "size": [0, 4, 3], "uv": [18, 37] }
          ]
        },
        {
          "name": "arm_right",
          "parent": "body",
          "pivot": [-5.25, 3, -7],
          "cubes": [
            {
              "origin": [-5.25, 2, -8.5],
              "size": [2, 2, 2],
              "inflate": 0.01,
              "uv": [22, 43]
            }
          ]
        },
        {
          "name": "arm_right2",
          "parent": "arm_right",
          "pivot": [-5.25, 2, -8.5],
          "cubes": [
            { "origin": [-5.25, 2, -10.5], "size": [2, 2, 2], "uv": [6, 42] }
          ]
        },
        {
          "name": "arm_left",
          "parent": "body",
          "pivot": [5.25, 3, -7],
          "cubes": [
            {
              "origin": [3.25, 2, -8.5],
              "size": [2, 2, 2],
              "inflate": 0.01,
              "uv": [36, 41]
            }
          ]
        },
        {
          "name": "arm_left2",
          "parent": "arm_left",
          "pivot": [5.25, 2, -8.5],
          "cubes": [
            { "origin": [3.25, 2, -10.5], "size": [2, 2, 2], "uv": [28, 41] }
          ]
        }
      ]
    }
  ]
}
