{
  "format_version": "1.12.0",
  "minecraft:geometry": [
    {
      "description": {
        "identifier": "geometry.unknown",
        "texture_width": 256,
        "texture_height": 256,
        "visible_bounds_width": 10,
        "visible_bounds_height": 8.5,
        "visible_bounds_offset": [0, 3.75, 0]
      },
      "bones": [
        {
          "name": "zekrom",
          "pivot": [0, 0, 0]
        },
        {
          "name": "MAINTHING",
          "parent": "zekrom",
          "pivot": [-1, 61, -8],
          "rotation": [0, 90, 0]
        },
        {
          "name": "LEG",
          "parent": "MAINTHING",
          "pivot": [-9.61394, 40.6349, -1.71272],
          "rotation": [0, 0, 10]
        },
        {
          "name": "rleg",
          "parent": "LEG",
          "pivot": [-9.61394, 33.6349, -15.71272],
          "cubes": [
            {
              "origin": [-7.61394, 13.6349, -17.71272],
              "size": [10, 12, 15],
              "pivot": [-4.61394, 11.6349, -32.71272],
              "rotation": [36.1745, -39.86973, 3.1142],
              "uv": [126, 124]
            },
            {
              "origin": [-11.61394, 17.6349, -27.71272],
              "size": [12, 12, 14],
              "pivot": [-7.61394, 15.6349, -28.71272],
              "rotation": [36.1745, -39.86973, 3.1142],
              "uv": [40, 125]
            }
          ]
        },
        {
          "name": "rleg2",
          "parent": "rleg",
          "pivot": [-4.61394, 27.6349, -32.71272],
          "cubes": [
            {
              "origin": [-8.18909, 11.88371, -48.3708],
              "size": [10, 12, 20],
              "pivot": [-3.61394, 19.6349, -31.71272],
              "rotation": [101.1745, -39.86973, 3.1142],
              "uv": [0, 80]
            },
            {
              "origin": [-6.61394, 17.88371, -37.3708],
              "size": [8, 12, 9],
              "pivot": [-3.61394, 25.6349, -31.71272],
              "rotation": [101.1745, -39.86973, 3.1142],
              "uv": [124, 235]
            }
          ]
        },
        {
          "name": "rfoot",
          "parent": "rleg2",
          "pivot": [-3.61394, 7.6349, -31.71272],
          "rotation": [1.61405, -22.13991, -10.80524],
          "cubes": [
            {
              "origin": [-8.98929, -2.66439, -37.55853],
              "size": [12, 15, 9],
              "pivot": [-4.53016, 6.44135, -31.2282],
              "rotation": [87.97357, -59.86171, 4.01708],
              "uv": [75, 164]
            },
            {
              "origin": [-8.98929, 12.33561, -37.55853],
              "size": [12, 4, 5],
              "pivot": [-4.53016, 6.44135, -31.2282],
              "rotation": [87.97357, -59.86171, 4.01708],
              "uv": [191, 112]
            },
            {
              "origin": [-7.98929, 16.33561, -37.55853],
              "size": [2, 3, 5],
              "pivot": [-4.53016, 6.44135, -31.2282],
              "rotation": [87.97357, -59.86171, 4.01708],
              "uv": [172, 0]
            },
            {
              "origin": [-6.98929, 19.33561, -37.55853],
              "size": [0, 3, 5],
              "pivot": [-4.53016, 6.44135, -31.2282],
              "rotation": [87.97357, -59.86171, 4.01708],
              "uv": [224, 15]
            },
            {
              "origin": [0.01071, 16.33561, -37.55853],
              "size": [2, 3, 5],
              "pivot": [-4.53016, 6.44135, -31.2282],
              "rotation": [87.97357, -59.86171, 4.01708],
              "uv": [172, 0]
            },
            {
              "origin": [1.01071, 19.33561, -37.55853],
              "size": [0, 3, 5],
              "pivot": [-4.53016, 6.44135, -31.2282],
              "rotation": [87.97357, -59.86171, 4.01708],
              "uv": [224, 15]
            },
            {
              "origin": [-3.98929, 16.33561, -37.55853],
              "size": [2, 4, 5],
              "pivot": [-4.53016, 6.44135, -31.2282],
              "rotation": [87.97357, -59.86171, 4.01708],
              "uv": [172, 0]
            },
            {
              "origin": [-2.98929, 20.33561, -37.55853],
              "size": [0, 3, 5],
              "pivot": [-4.53016, 6.44135, -31.2282],
              "rotation": [87.97357, -59.86171, 4.01708],
              "uv": [224, 15]
            }
          ]
        },
        {
          "name": "lleg",
          "parent": "LEG",
          "pivot": [-9.61394, 32.6349, -1.71272],
          "cubes": [
            {
              "origin": [-14.77809, 22.8344, 2.0868],
              "size": [12, 12, 14],
              "pivot": [-8.61394, 25.6349, 10.28728],
              "rotation": [-147.45224, -42.6944, -171.3929],
              "uv": [40, 125]
            },
            {
              "origin": [-12.097, 28.90467, -11.6174],
              "size": [10, 12, 15],
              "pivot": [-10.61394, 33.6349, 1.28728],
              "rotation": [-147.4522, -42.6944, -171.3929],
              "uv": [126, 124]
            }
          ]
        },
        {
          "name": "lleg2",
          "parent": "lleg",
          "pivot": [-1.61394, 23.6349, 16.28728],
          "cubes": [
            {
              "origin": [-8.34308, 13.02758, 13.94634],
              "size": [10, 12, 20],
              "pivot": [-3.61394, 20.6349, 17.28728],
              "rotation": [-92.54776, 42.6944, 8.6071],
              "uv": [70, 26]
            },
            {
              "origin": [-6.34308, 19.02758, 13.94634],
              "size": [8, 12, 9],
              "pivot": [-3.61394, 26.6349, 17.28728],
              "rotation": [-92.54776, 42.6944, 8.6071],
              "uv": [126, 235]
            }
          ]
        },
        {
          "name": "lfoot",
          "parent": "lleg2",
          "pivot": [-3.61394, 5.6349, 15.28728],
          "rotation": [-1.00629, 23.79153, -8.26977],
          "cubes": [
            {
              "origin": [-8.86562, -4.45978, 14.90515],
              "size": [12, 15, 8],
              "pivot": [-1.37655, 6.47286, 15.97808],
              "rotation": [-92.03559, 61.72606, -2.39356],
              "uv": [0, 164]
            },
            {
              "origin": [-8.86562, 10.54022, 17.90515],
              "size": [12, 4, 5],
              "pivot": [-1.37655, 6.47286, 15.97808],
              "rotation": [-92.03559, 61.72606, -2.39356],
              "uv": [188, 76]
            },
            {
              "origin": [0.13438, 14.54022, 17.90515],
              "size": [2, 3, 5],
              "pivot": [-1.37655, 6.47286, 15.97808],
              "rotation": [-92.03559, 61.72606, -2.39356],
              "uv": [172, 0]
            },
            {
              "origin": [1.13438, 17.54022, 17.90515],
              "size": [0, 3, 5],
              "pivot": [-1.37655, 6.47286, 15.97808],
              "rotation": [-92.03559, 61.72606, -2.39356],
              "uv": [224, 11]
            },
            {
              "origin": [-3.86562, 14.54022, 17.90515],
              "size": [2, 4, 5],
              "pivot": [-1.37655, 6.47286, 15.97808],
              "rotation": [-92.03559, 61.72606, -2.39356],
              "uv": [172, 0]
            },
            {
              "origin": [-2.86562, 18.54022, 17.90515],
              "size": [0, 3, 5],
              "pivot": [-1.37655, 6.47286, 15.97808],
              "rotation": [-92.03559, 61.72606, -2.39356],
              "uv": [224, 11]
            },
            {
              "origin": [-7.86562, 14.54022, 17.90515],
              "size": [2, 3, 5],
              "pivot": [-1.37655, 6.47286, 15.97808],
              "rotation": [-92.03559, 61.72606, -2.39356],
              "uv": [172, 0]
            },
            {
              "origin": [-6.86562, 17.54022, 17.90515],
              "size": [0, 3, 5],
              "pivot": [-1.37655, 6.47286, 15.97808],
              "rotation": [-92.03559, 61.72606, -2.39356],
              "uv": [224, 11]
            }
          ]
        },
        {
          "name": "torso",
          "parent": "MAINTHING",
          "pivot": [-11.61394, 30.6349, -1.71272],
          "rotation": [0, 0, 17.5]
        },
        {
          "name": "middleseg",
          "parent": "torso",
          "pivot": [-15.78149, 41.27029, -8.71272],
          "cubes": [
            {
              "origin": [-19.78149, 42.27029, -14.21272],
              "size": [11, 12, 15],
              "pivot": [-15.78149, 41.27029, -8.71272],
              "rotation": [0, 0, 5],
              "uv": [133, 62]
            }
          ]
        },
        {
          "name": "upperseg",
          "parent": "middleseg",
          "pivot": [-14.78149, 49.27029, -8.71272],
          "rotation": [0, 0, 17.5],
          "cubes": [
            {
              "origin": [-20.13012, 48.25507, -17.21272],
              "size": [13, 15, 21],
              "uv": [44, 220]
            },
            {
              "origin": [-19.13012, 63.25507, -11.71272],
              "size": [11, 5, 10],
              "uv": [166, 141]
            }
          ]
        },
        {
          "name": "neck",
          "parent": "upperseg",
          "pivot": [-15.13012, 66.25507, -6.71272],
          "rotation": [0, 0, 32.5],
          "cubes": [
            {
              "origin": [-18.13012, 66.25507, -10.71272],
              "size": [9, 8, 8],
              "uv": [192, 34]
            },
            {
              "origin": [-17.13012, 70.25507, -9.71272],
              "size": [7, 8, 6],
              "uv": [195, 36]
            },
            {
              "origin": [-22.13012, 68.25507, -6.71272],
              "size": [13, 5, 0],
              "uv": [213, 218]
            }
          ]
        },
        {
          "name": "looky",
          "parent": "neck",
          "pivot": [-15.13012, 76.25507, -6.71272],
          "rotation": [0, -87.5, 0]
        },
        {
          "name": "head",
          "parent": "looky",
          "pivot": [-15.13012, 75.25507, -9.71272],
          "rotation": [-86.97321, 80.2195, -88.4628],
          "cubes": [
            {
              "origin": [-11.23947, 77.97324, -13.71272],
              "size": [6, 5, 8],
              "uv": [83, 188]
            },
            {
              "origin": [-13.23947, 75.97324, -6.81272],
              "size": [3, 4, 1],
              "pivot": [-11.23947, 76.97324, -4.71272],
              "rotation": [0, 0, 42.5],
              "uv": [86, 100]
            },
            {
              "origin": [-13.23947, 75.97324, -13.61272],
              "size": [3, 4, 1],
              "pivot": [-11.23947, 76.97324, -10.71272],
              "rotation": [0, 0, 42.5],
              "uv": [99, 5]
            },
            {
              "origin": [-6.23947, 77.97324, -12.21272],
              "size": [4, 4, 5],
              "uv": [110, 36]
            },
            {
              "origin": [-8.23947, 78.97324, -10.21272],
              "size": [6, 3, 3],
              "pivot": [-2.23947, 81.97324, -8.71272],
              "rotation": [-45, 0, 22.5],
              "uv": [0, 60]
            },
            {
              "origin": [-3.23947, 75.97324, -22.71272],
              "size": [1, 3, 3],
              "pivot": [-8.23947, 63.97324, -14.71272],
              "rotation": [-45, 0, 0],
              "uv": [40, 80]
            },
            {
              "origin": [-22.23947, 74.97324, -14.71272],
              "size": [11, 8, 10],
              "uv": [67, 0]
            },
            {
              "origin": [-18.93898, 78.89512, -12.21272],
              "size": [9, 5, 5],
              "pivot": [-10.23947, 81.97324, -8.71272],
              "rotation": [0, 0, 35],
              "uv": [0, 239]
            },
            {
              "origin": [-25.23947, 80.47324, -11.21272],
              "size": [9, 8, 3],
              "pivot": [-16.23947, 87.97324, -8.71272],
              "rotation": [0, 0, -2.5],
              "uv": [207, 121]
            },
            {
              "origin": [-29.63947, 83.97324, -10.71272],
              "size": [6, 4, 2],
              "pivot": [-24.23947, 86.97324, -9.71272],
              "rotation": [0, 0, -27.5],
              "uv": [134, 89]
            },
            {
              "origin": [-31.63947, 81.97324, -10.21272],
              "size": [5, 4, 1],
              "pivot": [-26.23947, 85.97324, -8.71272],
              "rotation": [0, 0, 5],
              "uv": [0, 0]
            },
            {
              "origin": [-35.23947, 80.97324, -10.21272],
              "size": [7, 3, 1],
              "pivot": [-28.23947, 84.97324, -9.71272],
              "rotation": [0, 0, 57.5],
              "uv": [94, 58]
            },
            {
              "origin": [-43.23947, 85.97324, -9.71272],
              "size": [10, 3, 0],
              "pivot": [-27.23947, 89.97324, -10.71272],
              "rotation": [0, 0, 10],
              "uv": [216, 26]
            }
          ]
        },
        {
          "name": "eyer",
          "parent": "head",
          "pivot": [-16.23947, 66.97324, -4.71272],
          "cubes": [
            {
              "origin": [-10.43947, 79.97324, -5.70272],
              "size": [2, 1, 0],
              "uv": [50, 124]
            },
            {
              "origin": [-10.03947, 79.97324, -5.69272],
              "size": [1, 1, 0],
              "uv": [66, 48]
            },
            {
              "origin": [-10.43947, 79.57324, -5.70272],
              "size": [2, 1, 0],
              "uv": [88, 107]
            },
            {
              "origin": [-11.23947, 78.97324, -5.71272],
              "size": [4, 2, 0],
              "uv": [239, 149]
            }
          ]
        },
        {
          "name": "eyel",
          "parent": "head",
          "pivot": [-16.23947, 66.97324, -10.71272],
          "cubes": [
            {
              "origin": [-10.43947, 79.97324, -13.72272],
              "size": [2, 1, 0],
              "uv": [10, 99]
            },
            {
              "origin": [-10.43947, 79.57324, -13.72272],
              "size": [2, 1, 0],
              "uv": [2, 99]
            },
            {
              "origin": [-10.03947, 79.97324, -13.73272],
              "size": [1, 1, 0],
              "uv": [63, 61]
            },
            {
              "origin": [-11.23947, 78.97324, -13.72],
              "size": [4, 2, 0],
              "uv": [243, 144]
            }
          ]
        },
        {
          "name": "teeths2",
          "parent": "head",
          "pivot": [-16.23947, 62.97324, -3.71272],
          "cubes": [
            {
              "origin": [-16.23947, 87.82324, -6.71272],
              "size": [1, 1, 0],
              "pivot": [-25.23947, 75.97324, -4.71272],
              "rotation": [0, 0, 45],
              "uv": [20, 3]
            },
            {
              "origin": [-14.98947, 88.12324, -6.71272],
              "size": [1, 1, 0],
              "pivot": [-24.23947, 75.97324, -4.71272],
              "rotation": [0, 0, 45],
              "uv": [20, 2]
            },
            {
              "origin": [-11.73947, 87.47324, -6.71272],
              "size": [1, 1, 0],
              "pivot": [-21.23947, 77.97324, -4.71272],
              "rotation": [0, 0, 45],
              "uv": [20, 1]
            },
            {
              "origin": [-12.23947, 87.82324, -7.71272],
              "size": [1, 1, 0],
              "pivot": [-21.23947, 75.97324, -5.71272],
              "rotation": [0, 0, 45],
              "uv": [20, 0]
            },
            {
              "origin": [-10.73947, 88.17324, -7.71272],
              "size": [1, 1, 0],
              "pivot": [-20.23947, 75.97324, -5.71272],
              "rotation": [0, 0, 45],
              "uv": [10, 5]
            },
            {
              "origin": [-12.23947, 87.82324, -11.71272],
              "size": [1, 1, 0],
              "pivot": [-21.23947, 75.97324, -9.71272],
              "rotation": [0, 0, 45],
              "uv": [8, 5]
            },
            {
              "origin": [-10.73947, 88.17324, -11.71272],
              "size": [1, 1, 0],
              "pivot": [-20.23947, 75.97324, -9.71272],
              "rotation": [0, 0, 45],
              "uv": [6, 5]
            },
            {
              "origin": [-16.23947, 87.82324, -12.71272],
              "size": [1, 1, 0],
              "pivot": [-25.23947, 75.97324, -10.71272],
              "rotation": [0, 0, 45],
              "uv": [4, 5]
            },
            {
              "origin": [-14.98947, 88.12324, -12.71272],
              "size": [1, 1, 0],
              "pivot": [-24.23947, 75.97324, -10.71272],
              "rotation": [0, 0, 45],
              "uv": [2, 5]
            },
            {
              "origin": [-12.73947, 87.97324, -12.71272],
              "size": [1, 1, 0],
              "pivot": [-22.23947, 76.97324, -10.71272],
              "rotation": [0, 0, 45],
              "uv": [0, 5]
            }
          ]
        },
        {
          "name": "jaw",
          "parent": "head",
          "pivot": [-12.23947, 76.97324, -8.71272],
          "rotation": [0, 0, 2.5],
          "cubes": [
            {
              "origin": [-7.23947, 74.97324, -12.21272],
              "size": [4, 3, 5],
              "uv": [48, 58]
            },
            {
              "origin": [-12.23947, 74.97324, -13.21272],
              "size": [6, 3, 7],
              "uv": [102, 205]
            }
          ]
        },
        {
          "name": "teeths",
          "parent": "jaw",
          "pivot": [-16.23947, 62.97324, -3.71272],
          "cubes": [
            {
              "origin": [-16.23947, 87.82324, -6.71272],
              "size": [1, 1, 0],
              "pivot": [-25.23947, 75.97324, -4.71272],
              "rotation": [0, 0, 45],
              "uv": [18, 46]
            },
            {
              "origin": [-14.98947, 88.12324, -6.71272],
              "size": [1, 1, 0],
              "pivot": [-24.23947, 75.97324, -4.71272],
              "rotation": [0, 0, 45],
              "uv": [20, 22]
            },
            {
              "origin": [-12.98947, 88.47324, -6.71272],
              "size": [1, 1, 0],
              "pivot": [-23.23947, 76.97324, -4.71272],
              "rotation": [0, 0, 45],
              "uv": [20, 6]
            },
            {
              "origin": [-12.73947, 86.97324, -6.71272],
              "size": [1, 1, 0],
              "pivot": [-22.23947, 75.97324, -4.71272],
              "rotation": [0, 0, 45],
              "uv": [20, 21]
            },
            {
              "origin": [-12.23947, 87.82324, -7.71272],
              "size": [1, 1, 0],
              "pivot": [-21.23947, 75.97324, -5.71272],
              "rotation": [0, 0, 45],
              "uv": [20, 7]
            },
            {
              "origin": [-10.73947, 88.17324, -7.71272],
              "size": [1, 1, 0],
              "pivot": [-20.23947, 75.97324, -5.71272],
              "rotation": [0, 0, 45],
              "uv": [20, 8]
            },
            {
              "origin": [-12.23947, 87.82324, -11.71272],
              "size": [1, 1, 0],
              "pivot": [-21.23947, 75.97324, -9.71272],
              "rotation": [0, 0, 45],
              "uv": [20, 4]
            },
            {
              "origin": [-10.73947, 88.17324, -11.71272],
              "size": [1, 1, 0],
              "pivot": [-20.23947, 75.97324, -9.71272],
              "rotation": [0, 0, 45],
              "uv": [20, 5]
            },
            {
              "origin": [-16.23947, 87.82324, -12.71272],
              "size": [1, 1, 0],
              "pivot": [-25.23947, 75.97324, -10.71272],
              "rotation": [0, 0, 45],
              "uv": [20, 9]
            },
            {
              "origin": [-14.98947, 88.12324, -12.71272],
              "size": [1, 1, 0],
              "pivot": [-24.23947, 75.97324, -10.71272],
              "rotation": [0, 0, 45],
              "uv": [20, 10]
            },
            {
              "origin": [-12.73947, 87.97324, -12.71272],
              "size": [1, 1, 0],
              "pivot": [-22.23947, 76.97324, -10.71272],
              "rotation": [0, 0, 45],
              "uv": [20, 11]
            }
          ]
        },
        {
          "name": "limbtops",
          "parent": "upperseg",
          "pivot": [-15.13012, 53.25507, -8.71272]
        },
        {
          "name": "shuolderr",
          "parent": "limbtops",
          "pivot": [-10.13012, 63.25507, -10.71272],
          "rotation": [32.84238, 17.95115, -36.26978],
          "cubes": [
            {
              "origin": [-14.29471, 59.22742, -20.74435],
              "size": [9, 9, 9],
              "uv": [0, 187]
            }
          ]
        },
        {
          "name": "armr",
          "parent": "shuolderr",
          "pivot": [-9.29471, 62.22742, -19.74435],
          "rotation": [25.0209, 2.26564, 1.0571],
          "cubes": [
            {
              "origin": [-11.29471, 60.22742, -37.25067],
              "size": [7, 7, 11],
              "pivot": [-8.22656, 61.07176, -27.25067],
              "rotation": [0, 175, 0],
              "uv": [182, 186]
            }
          ]
        },
        {
          "name": "flapr",
          "parent": "armr",
          "pivot": [-11.22656, 65.07176, -26.25067],
          "rotation": [22.70156, -26.00855, 6.50185],
          "cubes": [
            {
              "origin": [-13.66774, 62.99082, -36.54953],
              "size": [10, 5, 10],
              "uv": [117, 173]
            },
            {
              "origin": [-14.66774, 63.99082, -51.54953],
              "size": [12, 4, 15],
              "uv": [136, 97]
            },
            {
              "origin": [-9.66774, 60.99082, -47.54953],
              "size": [2, 3, 2],
              "pivot": [-11.16774, 64.49082, -44.54953],
              "rotation": [-20, 0, 0],
              "uv": [99, 0]
            },
            {
              "origin": [-8.66774, 58.99082, -47.54953],
              "size": [0, 3, 2],
              "pivot": [-11.16774, 64.49082, -44.54953],
              "rotation": [-20, 0, 0],
              "uv": [242, 25]
            },
            {
              "origin": [-6.66774, 60.99082, -42.54953],
              "size": [2, 3, 2],
              "pivot": [-8.16774, 64.49082, -39.54953],
              "rotation": [0, 0, -12.5],
              "uv": [99, 0]
            },
            {
              "origin": [-5.66774, 58.99082, -42.54953],
              "size": [0, 2, 2],
              "pivot": [-8.16774, 64.49082, -39.54953],
              "rotation": [0, 0, -12.5],
              "uv": [65, 51]
            },
            {
              "origin": [-12.66774, 61.99082, -42.54953],
              "size": [2, 3, 2],
              "pivot": [-14.16774, 65.49082, -39.54953],
              "rotation": [0, 0, 10],
              "uv": [99, 0]
            },
            {
              "origin": [-11.66774, 59.99082, -42.54953],
              "size": [0, 2, 2],
              "pivot": [-14.16774, 65.49082, -39.54953],
              "rotation": [0, 0, 10],
              "uv": [65, 51]
            }
          ]
        },
        {
          "name": "rfingee",
          "parent": "flapr",
          "pivot": [-10.16774, 66.49082, -51.54953],
          "rotation": [15, 0, 0],
          "cubes": [
            {
              "origin": [-6.66774, 65.14647, -51.59315],
              "size": [4, 2, 14],
              "pivot": [-5.16774, 64.48987, -50.59315],
              "rotation": [0, 155, 0],
              "uv": [97, 189]
            },
            {
              "origin": [-10.66774, 66.64647, -62.59315],
              "size": [8, 0, 12],
              "pivot": [-5.16774, 65.48987, -51.59315],
              "rotation": [0, -17.5, 0],
              "uv": [121, 0]
            },
            {
              "origin": [-10.66774, 65.64647, -76.59315],
              "size": [4, 2, 14],
              "pivot": [-9.16774, 64.48987, -63.59315],
              "rotation": [0, -177.5, 0],
              "uv": [188, 60]
            },
            {
              "origin": [-18.66774, 65.64647, -73.59315],
              "size": [4, 2, 14],
              "pivot": [-17.16774, 64.48987, -60.59315],
              "rotation": [-177.17322, -32.48404, 179.23316],
              "uv": [61, 188]
            },
            {
              "origin": [-13.66774, 66.64647, -62.59315],
              "size": [8, 0, 12],
              "pivot": [-12.16774, 65.48987, -51.59315],
              "rotation": [0, 17.5, 0],
              "uv": [121, 0]
            }
          ]
        },
        {
          "name": "shoulderl",
          "parent": "limbtops",
          "pivot": [-11.13012, 63.25507, -0.71272],
          "rotation": [-43.95609, -2.32942, -23.1038],
          "cubes": [
            {
              "origin": [-15.13012, 58.25507, -0.71272],
              "size": [9, 9, 9],
              "uv": [0, 187]
            }
          ]
        },
        {
          "name": "arml",
          "parent": "shoulderl",
          "pivot": [-11.13012, 62.25507, 7.28728],
          "rotation": [-12.79362, 12.19908, -2.74715],
          "cubes": [
            {
              "origin": [-14.13012, 59.25507, 5.28728],
              "size": [7, 7, 11],
              "uv": [182, 186]
            }
          ]
        },
        {
          "name": "flapl",
          "parent": "arml",
          "pivot": [-12.13012, 64.25507, 15.28728],
          "rotation": [-23.01152, 17.11129, -1.9999],
          "cubes": [
            {
              "origin": [-15.41368, 60.75507, 15.31098],
              "size": [10, 6, 10],
              "uv": [117, 173]
            },
            {
              "origin": [-16.41368, 61.75507, 25.31098],
              "size": [12, 5, 15],
              "uv": [136, 97]
            },
            {
              "origin": [-11.41368, 58.75507, 34.31098],
              "size": [2, 3, 2],
              "pivot": [-11.91368, 63.25507, 35.31098],
              "rotation": [17.5, 0, 0],
              "uv": [99, 0]
            },
            {
              "origin": [-10.41368, 56.75507, 34.31098],
              "size": [0, 2, 2],
              "pivot": [-11.91368, 63.25507, 35.31098],
              "rotation": [17.5, 0, 0],
              "uv": [217, 20]
            },
            {
              "origin": [-8.41368, 57.75507, 29.31098],
              "size": [2, 3, 2],
              "pivot": [-8.91368, 62.25507, 30.31098],
              "rotation": [-17.5, 0, -15],
              "uv": [99, 0]
            },
            {
              "origin": [-7.41368, 55.75507, 29.31098],
              "size": [0, 2, 2],
              "pivot": [-8.91368, 62.25507, 30.31098],
              "rotation": [-17.5, 0, -15],
              "uv": [212, 19]
            },
            {
              "origin": [-14.41368, 58.75507, 29.31098],
              "size": [2, 3, 2],
              "pivot": [-14.91368, 63.25507, 30.31098],
              "rotation": [-19.71975, 3.40487, 9.40804],
              "uv": [99, 0]
            },
            {
              "origin": [-13.41368, 56.75507, 29.31098],
              "size": [0, 2, 2],
              "pivot": [-14.91368, 63.25507, 30.31098],
              "rotation": [-19.71975, 3.40487, 9.40804],
              "uv": [212, 19]
            }
          ]
        },
        {
          "name": "lfingee",
          "parent": "flapl",
          "pivot": [-11.91368, 63.25507, 40.31098],
          "rotation": [-15, 0, 0],
          "cubes": [
            {
              "origin": [-5.41368, 64.25507, 40.31098],
              "size": [4, 2, 14],
              "pivot": [-9.91368, 63.25507, 51.31098],
              "rotation": [0, 17.5, 0],
              "uv": [97, 189]
            },
            {
              "origin": [-9.41368, 65.25507, 40.31098],
              "size": [6, 0, 12],
              "pivot": [-8.91368, 64.25507, 51.31098],
              "rotation": [0, 17.5, 0],
              "uv": [121, 0]
            },
            {
              "origin": [-12.41368, 64.25507, 39.31098],
              "size": [4, 2, 14],
              "uv": [188, 60]
            },
            {
              "origin": [-18.41368, 64.25507, 36.31098],
              "size": [4, 2, 14],
              "pivot": [-22.91368, 63.25507, 47.31098],
              "rotation": [0, -15, 0],
              "uv": [61, 188]
            }
          ]
        },
        {
          "name": "winger",
          "parent": "limbtops",
          "pivot": [-17.13012, 61.25507, -17.71272],
          "rotation": [-22.5, 17.5, 0],
          "cubes": [
            {
              "origin": [-23.13012, 59.25507, -19.71272],
              "size": [8, 8, 8],
              "pivot": [-20.13012, 62.25507, -15.71272],
              "rotation": [-7.5, 5, 0],
              "uv": [200, 150]
            },
            {
              "origin": [-21.13012, 60.25507, -27.71272],
              "size": [5, 6, 8],
              "pivot": [-20.13012, 62.25507, -15.71272],
              "rotation": [-7.5, 5, 0],
              "uv": [52, 204]
            }
          ]
        },
        {
          "name": "wingrseg1",
          "parent": "winger",
          "pivot": [-20.13012, 65.25507, -27.71272],
          "rotation": [2.20342, 19.39116, -3.50338],
          "cubes": [
            {
              "origin": [-19.63012, 60.75507, -36.71272],
              "size": [2, 5, 10],
              "pivot": [-20.13012, 62.25507, -15.71272],
              "rotation": [-7.5, 5, 0],
              "uv": [78, 204]
            }
          ]
        },
        {
          "name": "wingtip",
          "parent": "wingrseg1",
          "pivot": [-23.13012, 66.25507, 10.28728],
          "cubes": [
            {
              "origin": [-19.64012, 48.75507, -46.71272],
              "size": [2, 7, 7],
              "pivot": [-20.13012, 51.25507, -19.71272],
              "rotation": [-40, 5, 0],
              "uv": [119, 189]
            },
            {
              "origin": [-21.36943, 66.21962, -51.04023],
              "size": [2, 7, 15],
              "pivot": [-19.13012, 69.25507, -39.71272],
              "rotation": [-77.5, 5, 0],
              "uv": [169, 74]
            },
            {
              "origin": [-21.36943, 43.21962, -51.04023],
              "size": [2, 26, 6],
              "pivot": [-19.13012, 70.25507, -39.71272],
              "rotation": [-102.5, 5, 0],
              "uv": [36, 193]
            },
            {
              "origin": [-20.36943, 57.21962, -51.04023],
              "size": [0, 5, 9],
              "pivot": [-19.13012, 70.25507, -39.71272],
              "rotation": [-152.5, 5, 0],
              "uv": [226, 59]
            },
            {
              "origin": [-21.36943, 39.21962, -56.04023],
              "size": [2, 19, 5],
              "pivot": [-19.13012, 60.25507, -39.71272],
              "rotation": [-82.5, 5, 0],
              "uv": [173, 204]
            },
            {
              "origin": [-20.36943, 41.21962, -63.04023],
              "size": [0, 17, 8],
              "pivot": [-19.13012, 60.25507, -39.71272],
              "rotation": [-82.5, 5, 0],
              "uv": [0, 72]
            },
            {
              "origin": [-21.36943, 45.21962, -50.04023],
              "size": [2, 16, 5],
              "pivot": [-19.13012, 60.25507, -39.71272],
              "rotation": [-70, 5, 0],
              "uv": [210, 50]
            },
            {
              "origin": [-20.36943, 47.21962, -54.04023],
              "size": [0, 14, 9],
              "pivot": [-19.13012, 60.25507, -39.71272],
              "rotation": [-70, 5, 0],
              "uv": [0, 37]
            }
          ]
        },
        {
          "name": "wingel",
          "parent": "limbtops",
          "pivot": [-15.13012, 61.25507, 3.28728],
          "cubes": [
            {
              "origin": [-22.13012, 59.25507, -1.71272],
              "size": [8, 8, 8],
              "pivot": [-17.13012, 61.25507, 3.28728],
              "rotation": [26.78135, -20.29348, -9.92926],
              "uv": [200, 150]
            },
            {
              "origin": [-20.13012, 60.25507, 6.28728],
              "size": [5, 6, 9],
              "pivot": [-17.13012, 61.25507, 3.28728],
              "rotation": [26.78135, -20.29348, -9.92926],
              "uv": [203, 166]
            }
          ]
        },
        {
          "name": "wingelseg1",
          "parent": "wingel",
          "pivot": [-21.13012, 67.25507, 11.28728],
          "rotation": [-22.57673, -9.96156, 0.88045],
          "cubes": [
            {
              "origin": [-22.8647, 65.02709, 12.26843],
              "size": [2, 5, 10],
              "pivot": [-21.13012, 66.25507, 12.28728],
              "rotation": [53.36553, -31.59514, -24.83759],
              "uv": [149, 204]
            }
          ]
        },
        {
          "name": "wingtip2",
          "parent": "wingelseg1",
          "pivot": [-21.13012, 66.25507, 12.28728],
          "cubes": [
            {
              "origin": [-22.86412, 61.02709, 19.26843],
              "size": [2, 7, 7],
              "pivot": [-21.13012, 66.25507, 12.28728],
              "rotation": [73.36553, -31.59514, -24.83759],
              "uv": [207, 181]
            },
            {
              "origin": [-22.8647, 49.02709, 15.26843],
              "size": [2, 7, 15],
              "pivot": [-21.13012, 66.25507, 12.28728],
              "rotation": [130.86553, -31.59514, -24.83759],
              "uv": [173, 38]
            },
            {
              "origin": [-22.8647, 23.02709, 17.26843],
              "size": [2, 26, 6],
              "pivot": [-21.13012, 66.25507, 12.28728],
              "rotation": [158.36553, -31.59514, -24.83759],
              "uv": [133, 198]
            },
            {
              "origin": [-21.8647, 42.02709, 6.26843],
              "size": [0, 5, 9],
              "pivot": [-21.13012, 66.25507, 12.28728],
              "rotation": [-161.63447, -31.59514, -24.83759],
              "uv": [234, 79]
            },
            {
              "origin": [-22.8647, 29.02709, 18.26843],
              "size": [2, 19, 5],
              "pivot": [-21.13012, 66.25507, 12.28728],
              "rotation": [140.86553, -31.59514, -24.83759],
              "uv": [187, 204]
            },
            {
              "origin": [-21.8647, 31.02709, 23.26843],
              "size": [0, 17, 6],
              "pivot": [-21.13012, 66.25507, 12.28728],
              "rotation": [140.86553, -31.59514, -24.83759],
              "uv": [0, 0]
            },
            {
              "origin": [-22.86412, 35.02709, 17.26843],
              "size": [2, 16, 5],
              "pivot": [-21.13012, 66.25507, 12.28728],
              "rotation": [123.36553, -31.59514, -24.83759],
              "uv": [0, 214]
            },
            {
              "origin": [-21.8647, 37.02709, 21.26843],
              "size": [0, 14, 7],
              "pivot": [-21.13012, 66.25507, 12.28728],
              "rotation": [123.36553, -31.59514, -24.83759],
              "uv": [0, 105]
            }
          ]
        },
        {
          "name": "seg3",
          "parent": "torso",
          "pivot": [-14.78149, 41.27029, -1.71272],
          "rotation": [0, 0, -10],
          "cubes": [
            {
              "origin": [-20.78149, 34.27029, -16.21272],
              "size": [13, 9, 19],
              "uv": [41, 94]
            },
            {
              "origin": [-21.28149, 25.27029, -17.21272],
              "size": [14, 14, 21],
              "uv": [184, 221]
            },
            {
              "origin": [-16.78149, 26.27029, -7.71272],
              "size": [11, 13, 8],
              "pivot": [-12.78149, 26.27029, -10.71272],
              "rotation": [-160, 0, 180],
              "uv": [165, 165]
            },
            {
              "origin": [-19.78149, 26.27029, 0.28728],
              "size": [11, 13, 8],
              "pivot": [-15.78149, 26.27029, -3.71272],
              "rotation": [20, 0, 0],
              "uv": [165, 165]
            }
          ]
        },
        {
          "name": "tail",
          "parent": "seg3",
          "pivot": [-16.78149, 31.27029, -8.71272],
          "rotation": [0, 0, 12.5],
          "cubes": [
            {
              "origin": [-31.33917, 27.66911, -14.71272],
              "size": [11, 12, 15],
              "uv": [89, 112]
            },
            {
              "origin": [-27.33917, 28.66911, -13.71272],
              "size": [11, 10, 12],
              "uv": [92, 115]
            }
          ]
        },
        {
          "name": "tailseg1",
          "parent": "tail",
          "pivot": [-30.33917, 31.66911, -8.71272],
          "rotation": [0, 0, 12.5],
          "cubes": [
            {
              "origin": [-39.33917, 28.66911, -12.71272],
              "size": [12, 10, 12],
              "uv": [125, 151]
            },
            {
              "origin": [-41.33917, 47.66911, -18.71272],
              "size": [14, 0, 6],
              "pivot": [-36.33917, 42.66911, -20.71272],
              "rotation": [-57.5, 0, 0],
              "uv": [222, 46]
            },
            {
              "origin": [-41.33917, 38.66911, -3.71272],
              "size": [14, 10, 0],
              "pivot": [-36.33917, 38.66911, -5.71272],
              "rotation": [-57.5, 0, 0],
              "uv": [228, 33]
            },
            {
              "origin": [-41.33917, 21.66911, -6.71272],
              "size": [14, 10, 0],
              "uv": [226, 55]
            }
          ]
        },
        {
          "name": "bumble",
          "parent": "tailseg1",
          "pivot": [-38.33917, 33.66911, -8.71272],
          "rotation": [0, 0, 2.5],
          "cubes": [
            {
              "origin": [-61.33917, 22.66911, -17.71272],
              "size": [22, 23, 23],
              "uv": [0, 0]
            },
            {
              "origin": [-71.33917, 25.66911, -14.71272],
              "size": [10, 17, 17],
              "uv": [97, 78]
            },
            {
              "origin": [-70.33917, 38.66911, 12.28728],
              "size": [8, 7, 0],
              "pivot": [-70.33917, 51.66911, 9.28728],
              "rotation": [-47.5, 0, 0],
              "uv": [224, 8]
            },
            {
              "origin": [-70.33917, 34.66911, -22.71272],
              "size": [8, 7, 0],
              "pivot": [-70.33917, 47.66911, -25.71272],
              "rotation": [47.5, 0, 0],
              "uv": [224, 8]
            },
            {
              "origin": [-70.33917, 18.66911, -5.71272],
              "size": [8, 7, 0],
              "uv": [236, 17]
            },
            {
              "origin": [-81.33917, 27.66911, -12.71272],
              "size": [10, 13, 13],
              "uv": [0, 138]
            },
            {
              "origin": [-89.33917, 30.66911, -9.71272],
              "size": [8, 7, 7],
              "uv": [170, 60]
            },
            {
              "origin": [-50.33917, 43.66911, -15.71272],
              "size": [12, 5, 19],
              "uv": [111, 39]
            },
            {
              "origin": [-50.33917, 19.66911, -15.71272],
              "size": [12, 5, 19],
              "uv": [90, 0]
            },
            {
              "origin": [-50.33917, 19.66911, 3.28728],
              "size": [12, 29, 5],
              "uv": [41, 159]
            },
            {
              "origin": [-50.33917, 19.66911, -20.71272],
              "size": [12, 29, 5],
              "uv": [154, 19]
            }
          ]
        }
      ]
    }
  ]
}
