{
  "format_version": "1.12.0",
  "minecraft:geometry": [
    {
      "description": {
        "identifier": "geometry.unknown",
        "texture_width": 64,
        "texture_height": 64,
        "visible_bounds_width": 3,
        "visible_bounds_height": 2.5,
        "visible_bounds_offset": [0, 0.75, 0]
      },
      "bones": [
        {
          "name": "grubbin",
          "pivot": [0, 0, 0]
        },
        {
          "name": "body",
          "parent": "grubbin",
          "pivot": [0, 5, 0]
        },
        {
          "name": "tail",
          "parent": "body",
          "pivot": [-0.5, 6.1, 4.725],
          "cubes": [
            { "origin": [-3.5, 1.11, 4.225], "size": [7, 7, 5], "uv": [25, 21] }
          ]
        },
        {
          "name": "torso",
          "parent": "body",
          "pivot": [0, 8, 4.5],
          "rotation": [-2.5, 0, 0],
          "cubes": [
            {
              "origin": [-4.5, 1.08819, -1.45828],
              "size": [9, 8, 6],
              "uv": [2, 2]
            }
          ]
        },
        {
          "name": "head",
          "parent": "torso",
          "pivot": [0, 9.08819, -1.45828],
          "cubes": [
            {
              "origin": [-3.5, 1.09819, -7.45828],
              "size": [7, 5, 7],
              "uv": [0, 26]
            },
            {
              "origin": [-3.99, 5.07819, -8.45828],
              "size": [8, 4, 7],
              "pivot": [0, 9.08819, -1.45828],
              "rotation": [5, 0, 0],
              "uv": [0, 16]
            }
          ]
        },
        {
          "name": "pincers",
          "parent": "head",
          "pivot": [0.025, 3.78819, -6.95828],
          "rotation": [7.5, 0, 0]
        },
        {
          "name": "pincer_left",
          "parent": "pincers",
          "pivot": [1.73379, 2.78819, -7.45696],
          "rotation": [0, -15, 0],
          "cubes": [
            {
              "origin": [1.72841, 1.78819, -9.51246],
              "size": [2, 2, 5],
              "pivot": [1.72402, 2.78819, -5.86579],
              "rotation": [0, 0, 0],
              "uv": [29, 11]
            }
          ]
        },
        {
          "name": "pincer_left2",
          "parent": "pincer_left",
          "pivot": [3.72402, 2.78819, -9.51579],
          "rotation": [0, 10, 0],
          "cubes": [
            {
              "origin": [1.72841, 1.77819, -12.51246],
              "size": [2, 2, 3],
              "uv": [22, 47]
            }
          ]
        },
        {
          "name": "pincer_left3",
          "parent": "pincer_left2",
          "pivot": [1.72402, 3.03819, -12.51579],
          "rotation": [0, 12.5, 0],
          "cubes": [
            {
              "origin": [1.72841, 2.53819, -14.26246],
              "size": [1, 1, 3],
              "pivot": [1.72402, 3.03819, -12.51579],
              "rotation": [0, 0, 0],
              "uv": [36, 56]
            }
          ]
        },
        {
          "name": "pincer_right",
          "parent": "pincers",
          "pivot": [-1.73379, 2.78819, -7.45696],
          "rotation": [0, 15, 0],
          "cubes": [
            {
              "origin": [-3.72841, 1.78819, -9.51246],
              "size": [2, 2, 5],
              "pivot": [-1.72402, 2.78819, -5.86579],
              "rotation": [0, 0, 0],
              "uv": [29, 11],
              "mirror": true
            }
          ]
        },
        {
          "name": "pincer_right2",
          "parent": "pincer_right",
          "pivot": [-3.72402, 2.78819, -9.51579],
          "rotation": [0, -12.5, 0],
          "cubes": [
            {
              "origin": [-3.72841, 1.77819, -12.51246],
              "size": [2, 2, 3],
              "uv": [22, 47],
              "mirror": true
            }
          ]
        },
        {
          "name": "pincer_right3",
          "parent": "pincer_right2",
          "pivot": [-1.72402, 3.03819, -12.51579],
          "rotation": [0, -12.5, 0],
          "cubes": [
            {
              "origin": [-2.72841, 2.53819, -14.26246],
              "size": [1, 1, 3],
              "pivot": [-1.72402, 3.03819, -12.51579],
              "rotation": [0, 0, 0],
              "uv": [12, 50],
              "mirror": true
            }
          ]
        },
        {
          "name": "mouth",
          "parent": "head",
          "pivot": [-0.025, 3.21319, -7.45828],
          "rotation": [0, 0, -45],
          "cubes": [
            {
              "origin": [-1.22959, 1.43649, -7.46828],
              "size": [3, 3, 0],
              "pivot": [-0.02959, 3.20149, -7.45828],
              "rotation": [0, 0, 0],
              "uv": [45, 46]
            }
          ]
        },
        {
          "name": "eyes",
          "parent": "head",
          "pivot": [0, 1.08819, 2.54172]
        },
        {
          "name": "eye_left",
          "parent": "eyes",
          "pivot": [0, 1.08819, 2.54172],
          "cubes": [
            {
              "origin": [3.51, 2.43819, -4.95828],
              "size": [0, 4, 3],
              "pivot": [0, 1.08819, 2.54172],
              "rotation": [2.5, 0, 0],
              "uv": [0, 13]
            },
            {
              "origin": [3.52, 2.93819, -4.45828],
              "size": [0, 4, 2],
              "pivot": [0, 1.08819, 2.54172],
              "rotation": [2.5, 0, 0],
              "uv": [20, 25]
            },
            {
              "origin": [3.53, 3.43819, -3.95828],
              "size": [0, 3, 1],
              "pivot": [0, 1.08819, 2.54172],
              "rotation": [2.5, 0, 0],
              "uv": [25, 19]
            }
          ]
        },
        {
          "name": "eyelid_left",
          "parent": "eye_left",
          "pivot": [0, 1.08819, 3.04172],
          "cubes": [
            {
              "origin": [3.5, 2.09819, -5.45828],
              "size": [0, 4, 4],
              "uv": [26, 29]
            }
          ]
        },
        {
          "name": "eye_right",
          "parent": "eyes",
          "pivot": [1, 1.08819, 2.54172],
          "cubes": [
            {
              "origin": [-3.51, 2.43819, -4.95828],
              "size": [0, 3, 3],
              "pivot": [1, 1.08819, 2.54172],
              "rotation": [2.5, 0, 0],
              "uv": [0, 17]
            },
            {
              "origin": [-3.52, 2.93819, -4.45828],
              "size": [0, 4, 2],
              "pivot": [1, 1.08819, 2.54172],
              "rotation": [2.5, 0, 0],
              "uv": [0, 25]
            },
            {
              "origin": [-3.53, 3.43819, -3.95828],
              "size": [0, 3, 1],
              "pivot": [1, 1.08819, 2.54172],
              "rotation": [2.5, 0, 0],
              "uv": [23, 19]
            }
          ]
        },
        {
          "name": "eyelid_right",
          "parent": "eye_right",
          "pivot": [0, 1.08819, 2.54172],
          "cubes": [
            {
              "origin": [-3.5, 2.09819, -5.45828],
              "size": [0, 4, 4],
              "uv": [0, 0]
            }
          ]
        },
        {
          "name": "backlegs",
          "parent": "body",
          "pivot": [0, 1, 6.725]
        },
        {
          "name": "backleg_left",
          "parent": "backlegs",
          "pivot": [3.5, 1.75, 7.225],
          "cubes": [
            { "origin": [2, 0, 5.725], "size": [2, 2, 2], "uv": [24, 37] }
          ]
        },
        {
          "name": "backleg_right",
          "parent": "backlegs",
          "pivot": [-3.5, 1.75, 7.225],
          "cubes": [
            { "origin": [-4, 0, 5.725], "size": [2, 2, 2], "uv": [34, 7] }
          ]
        },
        {
          "name": "frontlegs",
          "parent": "body",
          "pivot": [0, 0.91319, 0.04172],
          "rotation": [5, 0, 0]
        },
        {
          "name": "frontleg_left",
          "parent": "frontlegs",
          "pivot": [4.75, 1.66319, 0.54172],
          "rotation": [0, -12.5, 0],
          "cubes": [
            {
              "origin": [3.25, -0.08681, -1.95828],
              "size": [2, 2, 3],
              "uv": [35, 0]
            }
          ]
        },
        {
          "name": "frontleg_right",
          "parent": "frontlegs",
          "pivot": [-4.75, 1.66319, 0.54172],
          "rotation": [0, 12.5, 0],
          "cubes": [
            {
              "origin": [-5.25, -0.08681, -1.95828],
              "size": [2, 2, 3],
              "uv": [31, 34]
            }
          ]
        },
        {
          "name": "legs",
          "parent": "body",
          "pivot": [0, 1.01319, 3.29172]
        },
        {
          "name": "leg_left",
          "parent": "legs",
          "pivot": [4.5, 1.76319, 3.79172],
          "cubes": [
            {
              "origin": [3, 0.01319, 2.29172],
              "size": [2, 2, 2],
              "pivot": [4.5, 1.76319, 3.79172],
              "rotation": [2.5, 0, 0],
              "uv": [23, 16]
            }
          ]
        },
        {
          "name": "leg_right",
          "parent": "legs",
          "pivot": [-4.5, 1.76319, 3.79172],
          "cubes": [
            {
              "origin": [-5, 0.01319, 2.29172],
              "size": [2, 2, 2],
              "pivot": [-4.5, 1.76319, 3.79172],
              "rotation": [2.5, 0, 0],
              "uv": [0, 0]
            }
          ]
        }
      ]
    }
  ]
}
